Workbook

Sheet scen5_ac15p
A1: turnId | B1: user_id | C1: assistant_id | D1: projectName | E1: sessionName | F1: seq | G1: anchorName | H1: weight | I1: promptSim | J1: responseSim | K1: activation delta | L1: prompt_to_response | P1: count | Q1: activation delta average | R1: correlation weights / activation delta | S1: p
P2: =COUNT(K3:K152) -> 150 | Q2: =AVERAGE(K3:K152) -> 0.027098527 | R2: =CORREL(H3:H152,K3:K152) -> -0.25383926 | S2: 0.0017221861
A3: 35868c1d-7df4-480a-b9ce-448c4ad13450 | B3: cmjcrcxee018nzc7eca5j8wjp | C3: cmjcre0zp0194zc7ehckzf9l7 | D3: ac15-plain | E3: scenario_5 | F3: 0 | G3: practicality_and_feasibility | H3: 0.183 | I3: 0.37717681 | J3: 0.41627011 | K3: =J3-I3 -> 0.039093303 | L3: 0.77595367
A4: 35868c1d-7df4-480a-b9ce-448c4ad13450 | B4: cmjcrcxee018nzc7eca5j8wjp | C4: cmjcre0zp0194zc7ehckzf9l7 | D4: ac15-plain | E4: scenario_5 | F4: 0 | G4: sovereignty | H4: 0.182 | I4: 0.37529338 | J4: 0.38934626 | K4: =J4-I4 -> 0.014052877 | L4: 0.77595367
A5: 35868c1d-7df4-480a-b9ce-448c4ad13450 | B5: cmjcrcxee018nzc7eca5j8wjp | C5: cmjcre0zp0194zc7ehckzf9l7 | D5: ac15-plain | E5: scenario_5 | F5: 0 | G5: mathematics_computer_science_engineering | H5: 0.1802 | I5: 0.37153099 | J5: 0.38995787 | K5: =J5-I5 -> 0.018426879 | L5: 0.77595367
A6: 35868c1d-7df4-480a-b9ce-448c4ad13450 | B6: cmjcrcxee018nzc7eca5j8wjp | C6: cmjcre0zp0194zc7ehckzf9l7 | D6: ac15-plain | E6: scenario_5 | F6: 0 | G6: temporal_dynamics | H6: 0.1783 | I6: 0.36761299 | J6: 0.39432205 | K6: =J6-I6 -> 0.02670906 | L6: 0.77595367
A7: 35868c1d-7df4-480a-b9ce-448c4ad13450 | B7: cmjcrcxee018nzc7eca5j8wjp | C7: cmjcre0zp0194zc7ehckzf9l7 | D7: ac15-plain | E7: scenario_5 | F7: 0 | G7: affective_interface | H7: 0.1765 | I7: 0.36376272 | J7: 0.40442856 | K7: =J7-I7 -> 0.040665838 | L7: 0.77595367
A8: 35868c1d-7df4-480a-b9ce-448c4ad13450 | B8: cmjcrcxee018nzc7eca5j8wjp | C8: cmjcre0zp0194zc7ehckzf9l7 | D8: ac15-plain | E8: scenario_5 | F8: 0 | G8: truth_and_fact | H8: 0.1 | I8: 0.25034951 | J8: 0.33825077 | K8: =J8-I8 -> 0.087901262 | L8: 0.77595367
A9: 4213cad3-70fe-4cd0-8744-a54a8a2b6b2f | B9: cmjcrfawz0198zc7eodhhzm0p | C9: cmjcrftgg019pzc7e6zgopjya | D9: ac15-plain | E9: scenario_5 | F9: 2 | G9: temporal_dynamics | H9: 0.205 | I9: 0.44630564 | J9: 0.45714811 | K9: =J9-I9 -> 0.01084247 | L9: 0.74238116
A10: 4213cad3-70fe-4cd0-8744-a54a8a2b6b2f | B10: cmjcrfawz0198zc7eodhhzm0p | C10: cmjcrftgg019pzc7e6zgopjya | D10: ac15-plain | E10: scenario_5 | F10: 2 | G10: mathematics_computer_science_engineering | H10: 0.1841 | I10: 0.4007572 | J10: 0.43182857 | K10: =J10-I10 -> 0.03107137 | L10: 0.74238116
A11: 4213cad3-70fe-4cd0-8744-a54a8a2b6b2f | B11: cmjcrfawz0198zc7eodhhzm0p | C11: cmjcrftgg019pzc7e6zgopjya | D11: ac15-plain | E11: scenario_5 | F11: 2 | G11: practicality_and_feasibility | H11: 0.1776 | I11: 0.3867232 | J11: 0.44632272 | K11: =J11-I11 -> 0.05959952 | L11: 0.74238116
A12: 4213cad3-70fe-4cd0-8744-a54a8a2b6b2f | B12: cmjcrfawz0198zc7eodhhzm0p | C12: cmjcrftgg019pzc7e6zgopjya | D12: ac15-plain | E12: scenario_5 | F12: 2 | G12: sovereignty | H12: 0.17 | I12: 0.3700425 | J12: 0.41541566 | K12: =J12-I12 -> 0.045373162 | L12: 0.74238116
A13: 4213cad3-70fe-4cd0-8744-a54a8a2b6b2f | B13: cmjcrfawz0198zc7eodhhzm0p | C13: cmjcrftgg019pzc7e6zgopjya | D13: ac15-plain | E13: scenario_5 | F13: 2 | G13: freedom_and_limitations | H13: 0.1634 | I13: 0.35568253 | J13: 0.39767804 | K13: =J13-I13 -> 0.041995511 | L13: 0.74238116
A14: 4213cad3-70fe-4cd0-8744-a54a8a2b6b2f | B14: cmjcrfawz0198zc7eodhhzm0p | C14: cmjcrftgg019pzc7e6zgopjya | D14: ac15-plain | E14: scenario_5 | F14: 2 | G14: truth_and_fact | H14: 0.1 | I14: 0.3276924 | J14: 0.38483192 | K14: =J14-I14 -> 0.05713952 | L14: 0.74238116
... A152: bc8ccda9-5c6b-49fe-9076-1fde3aef6884 | B152: cmjcs86k001mnzc7e7iaxqkgs | C152: cmjcs8km401n4zc7eni7bcmcg | D152: ac15-plain | E152: scenario_5 | F152: 48 | G152: science | H152: 0.162 | I152: 0.3651858 | J152: 0.392268 | K152: =J152-I152 -> 0.0270822 | L152: 0.66558311

Sheet Notes
A1: p calculation
A3: 1. count | B3: =scen5_ac15p!P2 -> 150
A4: 2. t statistic | B4: =B10*SQRT((B3-2)/(1-B10^2)) -> -3.1926588
A5: 3. p | B5: =_xlfn.T.DIST.2T(ABS(B4),B3-2) -> 0.0017221861
A9: count | B9: correlation weights / activation delta
A10: =B3 -> 150 | B10: =scen5_ac15p!R2 -> -0.25383926

Sheet actdel_prompt_response
A2: Prompt-response
A3: Turn | B3: ac15p
A4: 1 | B4: 0.77595367
A5: 2 | B5: 0.74238116
A6: 3 | B6: 0.71959451
A7: 4 | B7: 0.74468578
A8: 5 | B8: 0.81047209
A9: 6 | B9: 0.72631626
A10: 7 | B10: 0.79321544
A11: 8 | B11: 0.70459928
A12: 9 | B12: 0.75323189
A13: 10 | B13: 0.78691806
A14: 11 | B14: 0.75773765
A15: 12 | B15: 0.79048878
... A28: 25 | B28: 0.66558311

Sheet inter_system_stats
B2: prompt_to_response
A3: Turn | B3: ac15p | C3: control | E3: std.ac15 | F3: std. Control | G3: F. test | H3: T. Test equal variances | I3: T.Test unequal | J3: Mean difference | K3: Average scen | L3: Average Control
A4: 1 | B4: 0.77595367 | C4: 0.75451957 | E4: =_xlfn.STDEV.S(B4:B28) -> 0.0459084 | F4: =_xlfn.STDEV.S(C4:C28) -> 0.070588432 | G4: =_xlfn.F.TEST(B4:B28,C4:C28) -> 0.039857183 | H4: =_xlfn.T.TEST(B4:B28, C4:C28, 2,2) -> 5.4533914e-07 | I4: =_xlfn.T.TEST(B4:B28,C4:C28, 2,3) -> 8.778905e-07 | J4: =AVERAGE(B4:B28)-AVERAGE(C4:C28) -> 0.097315497 | K4: =AVERAGE(B4:B28) -> 0.73237105 | L4: =AVERAGE(C4:C28) -> 0.63505555
A5: 2 | B5: 0.74238116 | C5: 0.58315782
A6: 3 | B6: 0.71959451 | C6: 0.61890492
A7: 4 | B7: 0.74468578 | C7: 0.74737712 | E7: Paired t-test
A8: 5 | B8: 0.81047209 | C8: 0.54898023 | E8: Alpha | F8: 0.05
A9: 6 | B9: 0.72631626 | C9: 0.63269023 | E9: Hypothesized Mean Difference | F9: 0
A10: 7 | B10: 0.79321544 | C10: 0.70178677 | F10: Variable 1 | G10: Variable 2
A11: 8 | B11: 0.70459928 | C11: 0.58456232 | E11: Mean | F11: =AVERAGE(inter_system_stats!$B$3:$B$28) -> 0.73237105 | G11: =AVERAGE(inter_system_stats!$C$3:$C$28) -> 0.63505555
A12: 9 | B12: 0.75323189 | C12: 0.63553024 | E12: Variance | F12: =VAR(inter_system_stats!$B$3:$B$28) -> 0.0021075812 | G12: =VAR(inter_system_stats!$C$3:$C$28) -> 0.0049827267
A13: 10 | B13: 0.78691806 | C13: 0.69186078 | E13: Observations | F13: =COUNT(inter_system_stats!$B$3:$B$28) -> 25 | G13: =COUNT(inter_system_stats!$C$3:$C$28) -> 25
A14: 11 | B14: 0.75773765 | C14: 0.74687441 | E14: Pearson Correlation | F14: =CORREL(inter_system_stats!$B$3:$B$28,inter_system_stats!$C$3:$C$28) -> 0.30855297
A15: 12 | B15: 0.79048878 | C15: 0.64610334 | E15: Observed Mean Difference | F15: {=AVERAGE(IF(ISODD(IF(ISNUMBER(inter_system_stats!$B$3:$B$28), 1, 0) * IF(ISNUMBER(inter_system_stats!$C$3:$C$28), 1, 0)), inter_system_stats!$B$3:$B$28 - inter_system_stats!$C$3:$C$28, "NA"))} -> 0.097315497
A16: 13 | B16: 0.69218774 | C16: 0.71426745 | E16: Variance of the Differences | F16: {=VAR(IF(ISODD(IF(ISNUMBER(inter_system_stats!$B$3:$B$28), 1, 0) * IF(ISNUMBER(inter_system_stats!$C$3:$C$28), 1, 0)), inter_system_stats!$B$3:$B$28 - inter_system_stats!$C$3:$C$28, "NA"))} -> 0.0050905132
A17: 14 | B17: 0.68937987 | C17: 0.64598849 | E17: df | F17: {=SUM(IF(ISNUMBER(inter_system_stats!$B$3:$B$28), 1, 0) * IF(ISNUMBER(inter_system_stats!$C$3:$C$28), 1, 0)) - 1} -> 24
A18: 15 | B18: 0.76978674 | C18: 0.55912558 | E18: t Stat | F18: =(inter_system_stats!$F$15 - inter_system_stats!$F$9) / (inter_system_stats!$F$16 / ( inter_system_stats!$F$17 + 1)) ^ 0.5 -> 6.8197935
A19: 16 | B19: 0.78421202 | C19: 0.66444414 | E19: P (T<=t) one-tail | F19: =TDIST(ABS(inter_system_stats!$F$18), inter_system_stats!$F$17, 1) -> 2.3546913e-07
A20: 17 | B20: 0.74172531 | C20: 0.68292872 | E20: t Critical one-tail | F20: =TINV(2*inter_system_stats!$F$8, inter_system_stats!$F$17) -> 1.7108821
A21: 18 | B21: 0.71842175 | C21: 0.60902978 | E21: P (T<=t) two-tail | F21: =TDIST(ABS(inter_system_stats!$F$18), inter_system_stats!$F$17, 2) -> 4.7093827e-07
A22: 19 | B22: 0.67659873 | C22: 0.62513635 | E22: t Critical two-tail | F22: =TINV(inter_system_stats!$F$8, inter_system_stats!$F$17) -> 2.0638986
A23: 20 | B23: 0.62907881 | C23: 0.62889699
A24: 21 | B24: 0.71642667 | C24: 0.49049501
A25: 22 | B25: 0.67103092 | C25: 0.55121839
A26: 23 | B26: 0.72747353 | C26: 0.64465959
A27: 24 | B27: 0.72177637 | C27: 0.65498089
A28: 25 | B28: 0.66558311 | C28: 0.51286959
