Workbook

Sheet scen2_ac15p
A1: turnId | B1: user_id | C1: assistant_id | D1: projectName | E1: sessionName | F1: seq | G1: anchorName | H1: weight | I1: promptSim | J1: responseSim | K1: activation delta | L1: prompt_to_response | N1: Average activation/turn | O1: average conversation activation | P1: count | Q1: correlation weights / activation delta | R1: p
A3: ce5c286d-cf7c-4f21-acca-96829addae4b | B3: cmj9wrb0d0011zcyqu1jsm0k1 | C3: cmj9wsedv001izcyqfmbz7fno | D3: ac15-plain | E3: Scenario_2_v3 | F3: 2 | G3: practicality_and_feasibility | H3: 0.2152 | I3: 0.31460323 | J3: 0.39451188 | K3: =J3-I3 -> 0.079908646 | L3: 0.84283713 | N3: =AVERAGE(K3:K8) -> 0.074473196 | O3: =K3:K144 -> 0.079908646 | P3: =COUNT(K3:K144) -> 142 | Q3: =CORREL(H3:H144,K3:K144) -> 0.088676395 | R3: 0.29
A4: ce5c286d-cf7c-4f21-acca-96829addae4b | B4: cmj9wrb0d0011zcyqu1jsm0k1 | C4: cmj9wsedv001izcyqfmbz7fno | D4: ac15-plain | E4: Scenario_2_v3 | F4: 2 | G4: temporal_dynamics | H4: 0.1928 | I4: 0.28186369 | J4: 0.33541395 | K4: =J4-I4 -> 0.053550256 | L4: 0.84283713
A5: ce5c286d-cf7c-4f21-acca-96829addae4b | B5: cmj9wrb0d0011zcyqu1jsm0k1 | C5: cmj9wsedv001izcyqfmbz7fno | D5: ac15-plain | E5: Scenario_2_v3 | F5: 2 | G5: mathematics_computer_science_engineering | H5: 0.1676 | I5: 0.2450536 | J5: 0.323708 | K5: =J5-I5 -> 0.078654401 | L5: 0.84283713
A6: ce5c286d-cf7c-4f21-acca-96829addae4b | B6: cmj9wrb0d0011zcyqu1jsm0k1 | C6: cmj9wsedv001izcyqfmbz7fno | D6: ac15-plain | E6: Scenario_2_v3 | F6: 2 | G6: affective_interface | H6: 0.1634 | I6: 0.23898851 | J6: 0.31067293 | K6: =J6-I6 -> 0.071684424 | L6: 0.84283713
A7: ce5c286d-cf7c-4f21-acca-96829addae4b | B7: cmj9wrb0d0011zcyqu1jsm0k1 | C7: cmj9wsedv001izcyqfmbz7fno | D7: ac15-plain | E7: Scenario_2_v3 | F7: 2 | G7: imagination_and_possibility | H7: 0.1611 | I7: 0.23549699 | J7: 0.28964819 | K7: =J7-I7 -> 0.054151199 | L7: 0.84283713
A8: ce5c286d-cf7c-4f21-acca-96829addae4b | B8: cmj9wrb0d0011zcyqu1jsm0k1 | C8: cmj9wsedv001izcyqfmbz7fno | D8: ac15-plain | E8: Scenario_2_v3 | F8: 2 | G8: truth_and_fact | H8: 0.1 | I8: 0.14406599 | J8: 0.25295624 | K8: =J8-I8 -> 0.10889025 | L8: 0.84283713
A9: ce3a83d5-84b1-4782-8a1b-9339c0ac7b3f | B9: cmj9wwl4b001mzcyql8irdgfa | C9: cmj9wxsc90023zcyq989zvie9 | D9: ac15-plain | E9: Scenario_2_v3 | F9: 4 | G9: practicality_and_feasibility | H9: 0.2137 | I9: 0.31014855 | J9: 0.38448096 | K9: =J9-I9 -> 0.074332402 | L9: 0.75574435 | N9: =AVERAGE(K9:K14) -> 0.068465937
A10: ce3a83d5-84b1-4782-8a1b-9339c0ac7b3f | B10: cmj9wwl4b001mzcyql8irdgfa | C10: cmj9wxsc90023zcyq989zvie9 | D10: ac15-plain | E10: Scenario_2_v3 | F10: 4 | G10: temporal_dynamics | H10: 0.1849 | I10: 0.26847894 | J10: 0.31643706 | K10: =J10-I10 -> 0.047958114 | L10: 0.75574435
A11: ce3a83d5-84b1-4782-8a1b-9339c0ac7b3f | B11: cmj9wwl4b001mzcyql8irdgfa | C11: cmj9wxsc90023zcyq989zvie9 | D11: ac15-plain | E11: Scenario_2_v3 | F11: 4 | G11: sovereignty | H11: 0.1779 | I11: 0.25822056 | J11: 0.30266537 | K11: =J11-I11 -> 0.044444806 | L11: 0.75574435
A12: ce3a83d5-84b1-4782-8a1b-9339c0ac7b3f | B12: cmj9wwl4b001mzcyql8irdgfa | C12: cmj9wxsc90023zcyq989zvie9 | D12: ac15-plain | E12: Scenario_2_v3 | F12: 4 | G12: mathematics_computer_science_engineering | H12: 0.163 | I12: 0.23660048 | J12: 0.31415716 | K12: =J12-I12 -> 0.077556679 | L12: 0.75574435
A13: ce3a83d5-84b1-4782-8a1b-9339c0ac7b3f | B13: cmj9wwl4b001mzcyql8irdgfa | C13: cmj9wxsc90023zcyq989zvie9 | D13: ac15-plain | E13: Scenario_2_v3 | F13: 4 | G13: affective_interface | H13: 0.1605 | I13: 0.23303867 | J13: 0.31824656 | K13: =J13-I13 -> 0.085207892 | L13: 0.75574435
A14: ce3a83d5-84b1-4782-8a1b-9339c0ac7b3f | B14: cmj9wwl4b001mzcyql8irdgfa | C14: cmj9wxsc90023zcyq989zvie9 | D14: ac15-plain | E14: Scenario_2_v3 | F14: 4 | G14: truth_and_fact | H14: 0.1 | I14: 0.17620724 | J14: 0.25750296 | K14: =J14-I14 -> 0.081295729 | L14: 0.75574435
A15: adbe0cc2-05ff-4dfa-98d0-16f472d301e3 | B15: cmj9wz6to0027zcyqe55009e3 | C15: cmj9wzv76002ozcyqo8tkuywo | D15: ac15-plain | E15: Scenario_2_v3 | F15: 6 | G15: practicality_and_feasibility | H15: 0.2125 | I15: 0.36853405 | J15: 0.42189643 | K15: =J15-I15 -> 0.053362378 | L15: 0.75246139 | N15: =AVERAGE(K15:K20) -> 0.059548965
A16: adbe0cc2-05ff-4dfa-98d0-16f472d301e3 | B16: cmj9wz6to0027zcyqe55009e3 | C16: cmj9wzv76002ozcyqo8tkuywo | D16: ac15-plain | E16: Scenario_2_v3 | F16: 6 | G16: temporal_dynamics | H16: 0.1871 | I16: 0.32447094 | J16: 0.38578238 | K16: =J16-I16 -> 0.061311444 | L16: 0.75246139
A17: adbe0cc2-05ff-4dfa-98d0-16f472d301e3 | B17: cmj9wz6to0027zcyqe55009e3 | C17: cmj9wzv76002ozcyqo8tkuywo | D17: ac15-plain | E17: Scenario_2_v3 | F17: 6 | G17: affective_interface | H17: 0.1772 | I17: 0.30735517 | J17: 0.36254235 | K17: =J17-I17 -> 0.05518718 | L17: 0.75246139
A18: adbe0cc2-05ff-4dfa-98d0-16f472d301e3 | B18: cmj9wz6to0027zcyqe55009e3 | C18: cmj9wzv76002ozcyqo8tkuywo | D18: ac15-plain | E18: Scenario_2_v3 | F18: 6 | G18: sovereignty | H18: 0.1658 | I18: 0.28763418 | J18: 0.33805047 | K18: =J18-I18 -> 0.050416285 | L18: 0.75246139
A19: adbe0cc2-05ff-4dfa-98d0-16f472d301e3 | B19: cmj9wz6to0027zcyqe55009e3 | C19: cmj9wzv76002ozcyqo8tkuywo | D19: ac15-plain | E19: Scenario_2_v3 | F19: 6 | G19: mathematics_computer_science_engineering | H19: 0.1575 | I19: 0.27311866 | J19: 0.35272261 | K19: =J19-I19 -> 0.079603952 | L19: 0.75246139
A20: adbe0cc2-05ff-4dfa-98d0-16f472d301e3 | B20: cmj9wz6to0027zcyqe55009e3 | C20: cmj9wzv76002ozcyqo8tkuywo | D20: ac15-plain | E20: Scenario_2_v3 | F20: 6 | G20: truth_and_fact | H20: 0.1 | I20: 0.20916898 | J20: 0.26658153 | K20: =J20-I20 -> 0.057412552 | L20: 0.75246139
A21: 6c024c7c-de30-4915-be0e-43cb40782ce7 | B21: cmj9x0yaw002szcyqatsdxe11 | C21: cmj9x1mkj0039zcyqy85cwm98 | D21: ac15-plain | E21: Scenario_2_v3 | F21: 8 | G21: practicality_and_feasibility | H21: 0.225 | I21: 0.35934998 | J21: 0.39880862 | K21: =J21-I21 -> 0.039458633 | L21: 0.75523994 | N21: =AVERAGE(K21:K26) -> 0.061501322
A22: 6c024c7c-de30-4915-be0e-43cb40782ce7 | B22: cmj9x0yaw002szcyqatsdxe11 | C22: cmj9x1mkj0039zcyqy85cwm98 | D22: ac15-plain | E22: Scenario_2_v3 | F22: 8 | G22: temporal_dynamics | H22: 0.1964 | I22: 0.31380202 | J22: 0.32879859 | K22: =J22-I22 -> 0.014996571 | L22: 0.75523994
A23: 6c024c7c-de30-4915-be0e-43cb40782ce7 | B23: cmj9x0yaw002szcyqatsdxe11 | C23: cmj9x1mkj0039zcyqy85cwm98 | D23: ac15-plain | E23: Scenario_2_v3 | F23: 8 | G23: mathematics_computer_science_engineering | H23: 0.1655 | I23: 0.26445423 | J23: 0.33940216 | K23: =J23-I23 -> 0.074947931 | L23: 0.75523994
A24: 6c024c7c-de30-4915-be0e-43cb40782ce7 | B24: cmj9x0yaw002szcyqatsdxe11 | C24: cmj9x1mkj0039zcyqy85cwm98 | D24: ac15-plain | E24: Scenario_2_v3 | F24: 8 | G24: sovereignty | H24: 0.1569 | I24: 0.25064936 | J24: 0.32903323 | K24: =J24-I24 -> 0.078383876 | L24: 0.75523994
A25: 6c024c7c-de30-4915-be0e-43cb40782ce7 | B25: cmj9x0yaw002szcyqatsdxe11 | C25: cmj9x1mkj0039zcyqy85cwm98 | D25: ac15-plain | E25: Scenario_2_v3 | F25: 8 | G25: affective_interface | H25: 0.1562 | I25: 0.24945621 | J25: 0.31170593 | K25: =J25-I25 -> 0.062249724 | L25: 0.75523994
A26: 6c024c7c-de30-4915-be0e-43cb40782ce7 | B26: cmj9x0yaw002szcyqatsdxe11 | C26: cmj9x1mkj0039zcyqy85cwm98 | D26: ac15-plain | E26: Scenario_2_v3 | F26: 8 | G26: truth_and_fact | H26: 0.1 | I26: 0.17844184 | J26: 0.27741304 | K26: =J26-I26 -> 0.098971199 | L26: 0.75523994
A27: 36815b24-8033-4152-bdde-9b210b90557a | B27: cmj9x3o06003dzcyqw1y82d0d | C27: cmj9x48fz003uzcyqwktot01w | D27: ac15-plain | E27: Scenario_2_v3 | F27: 10 | G27: practicality_and_feasibility | H27: 0.2138 | I27: 0.33803559 | J27: 0.39250541 | K27: =J27-I27 -> 0.054469814 | L27: 0.68196907 | N27: =AVERAGE(K27:K32) -> 0.044594508
A28: 36815b24-8033-4152-bdde-9b210b90557a | B28: cmj9x3o06003dzcyqw1y82d0d | C28: cmj9x48fz003uzcyqwktot01w | D28: ac15-plain | E28: Scenario_2_v3 | F28: 10 | G28: temporal_dynamics | H28: 0.1822 | I28: 0.28796534 | J28: 0.32065754 | K28: =J28-I28 -> 0.032692202 | L28: 0.68196907
A29: 36815b24-8033-4152-bdde-9b210b90557a | B29: cmj9x3o06003dzcyqw1y82d0d | C29: cmj9x48fz003uzcyqwktot01w | D29: ac15-plain | E29: Scenario_2_v3 | F29: 10 | G29: sovereignty | H29: 0.1812 | I29: 0.28646465 | J29: 0.3327644 | K29: =J29-I29 -> 0.046299749 | L29: 0.68196907
A30: 36815b24-8033-4152-bdde-9b210b90557a | B30: cmj9x3o06003dzcyqw1y82d0d | C30: cmj9x48fz003uzcyqwktot01w | D30: ac15-plain | E30: Scenario_2_v3 | F30: 10 | G30: mathematics_computer_science_engineering | H30: 0.1631 | I30: 0.25780428 | J30: 0.31451659 | K30: =J30-I30 -> 0.056712307 | L30: 0.68196907
A31: 36815b24-8033-4152-bdde-9b210b90557a | B31: cmj9x3o06003dzcyqw1y82d0d | C31: cmj9x48fz003uzcyqwktot01w | D31: ac15-plain | E31: Scenario_2_v3 | F31: 10 | G31: affective_interface | H31: 0.1597 | I31: 0.25242806 | J31: 0.31928442 | K31: =J31-I31 -> 0.066856367 | L31: 0.68196907
A32: 36815b24-8033-4152-bdde-9b210b90557a | B32: cmj9x3o06003dzcyqw1y82d0d | C32: cmj9x48fz003uzcyqwktot01w | D32: ac15-plain | E32: Scenario_2_v3 | F32: 10 | G32: truth_and_fact | H32: 0.1 | I32: 0.23122343 | J32: 0.24176004 | K32: =J32-I32 -> 0.01053661 | L32: 0.68196907
A33: 7fd71c82-50c3-43e6-9e8a-3e7b6c2bd89f | B33: cmj9x7oh4003yzcyqdwkswpug | C33: cmj9x8j4m004fzcyqa9lz7ko5 | D33: ac15-plain | E33: Scenario_2_v3 | F33: 12 | G33: practicality_and_feasibility | H33: 0.2215 | I33: 0.295812 | J33: 0.36395522 | K33: =J33-I33 -> 0.068143221 | L33: 0.80509458 | N33: =AVERAGE(K33:K38) -> 0.069508687
A34: 7fd71c82-50c3-43e6-9e8a-3e7b6c2bd89f | B34: cmj9x7oh4003yzcyqdwkswpug | C34: cmj9x8j4m004fzcyqa9lz7ko5 | D34: ac15-plain | E34: Scenario_2_v3 | F34: 12 | G34: temporal_dynamics | H34: 0.1978 | I34: 0.26424487 | J34: 0.31585339 | K34: =J34-I34 -> 0.051608518 | L34: 0.80509458
A35: 7fd71c82-50c3-43e6-9e8a-3e7b6c2bd89f | B35: cmj9x7oh4003yzcyqdwkswpug | C35: cmj9x8j4m004fzcyqa9lz7ko5 | D35: ac15-plain | E35: Scenario_2_v3 | F35: 12 | G35: mathematics_computer_science_engineering | H35: 0.1621 | I35: 0.21645564 | J35: 0.29265244 | K35: =J35-I35 -> 0.076196802 | L35: 0.80509458
A36: 7fd71c82-50c3-43e6-9e8a-3e7b6c2bd89f | B36: cmj9x7oh4003yzcyqdwkswpug | C36: cmj9x8j4m004fzcyqa9lz7ko5 | D36: ac15-plain | E36: Scenario_2_v3 | F36: 12 | G36: affective_interface | H36: 0.1602 | I36: 0.21391013 | J36: 0.2827649 | K36: =J36-I36 -> 0.068854765 | L36: 0.80509458
A37: 7fd71c82-50c3-43e6-9e8a-3e7b6c2bd89f | B37: cmj9x7oh4003yzcyqdwkswpug | C37: cmj9x8j4m004fzcyqa9lz7ko5 | D37: ac15-plain | E37: Scenario_2_v3 | F37: 12 | G37: sovereignty | H37: 0.1584 | I37: 0.21160476 | J37: 0.28042231 | K37: =J37-I37 -> 0.068817555 | L37: 0.80509458
A38: 7fd71c82-50c3-43e6-9e8a-3e7b6c2bd89f | B38: cmj9x7oh4003yzcyqdwkswpug | C38: cmj9x8j4m004fzcyqa9lz7ko5 | D38: ac15-plain | E38: Scenario_2_v3 | F38: 12 | G38: truth_and_fact | H38: 0.1 | I38: 0.14467323 | J38: 0.2281045 | K38: =J38-I38 -> 0.083431262 | L38: 0.80509458
A39: 34de177a-0699-47c2-a3a2-0eb9afd3b009 | B39: cmj9xaoqr004jzcyqlb2pq8bd | C39: cmj9xbcwf0050zcyqefvhe6e0 | D39: ac15-plain | E39: Scenario_2_v3 | F39: 14 | G39: practicality_and_feasibility | H39: 0.2263 | I39: 0.30036513 | J39: 0.39826587 | K39: =J39-I39 -> 0.097900747 | L39: 0.7314491 | N39: =AVERAGE(K39:K44) -> 0.1141924
A40: 34de177a-0699-47c2-a3a2-0eb9afd3b009 | B40: cmj9xaoqr004jzcyqlb2pq8bd | C40: cmj9xbcwf0050zcyqefvhe6e0 | D40: ac15-plain | E40: Scenario_2_v3 | F40: 14 | G40: temporal_dynamics | H40: 0.1786 | I40: 0.23707804 | J40: 0.33954256 | K40: =J40-I40 -> 0.10246452 | L40: 0.7314491
A41: 34de177a-0699-47c2-a3a2-0eb9afd3b009 | B41: cmj9xaoqr004jzcyqlb2pq8bd | C41: cmj9xbcwf0050zcyqefvhe6e0 | D41: ac15-plain | E41: Scenario_2_v3 | F41: 14 | G41: mathematics_computer_science_engineering | H41: 0.1752 | I41: 0.2325512 | J41: 0.33483936 | K41: =J41-I41 -> 0.10228816 | L41: 0.7314491
A42: 34de177a-0699-47c2-a3a2-0eb9afd3b009 | B42: cmj9xaoqr004jzcyqlb2pq8bd | C42: cmj9xbcwf0050zcyqefvhe6e0 | D42: ac15-plain | E42: Scenario_2_v3 | F42: 14 | G42: sovereignty | H42: 0.1642 | I42: 0.21796229 | J42: 0.3546913 | K42: =J42-I42 -> 0.13672901 | L42: 0.7314491
A43: 34de177a-0699-47c2-a3a2-0eb9afd3b009 | B43: cmj9xaoqr004jzcyqlb2pq8bd | C43: cmj9xbcwf0050zcyqefvhe6e0 | D43: ac15-plain | E43: Scenario_2_v3 | F43: 14 | G43: affective_interface | H43: 0.1557 | I43: 0.20674658 | J43: 0.33108683 | K43: =J43-I43 -> 0.12434024 | L43: 0.7314491
A44: 34de177a-0699-47c2-a3a2-0eb9afd3b009 | B44: cmj9xaoqr004jzcyqlb2pq8bd | C44: cmj9xbcwf0050zcyqefvhe6e0 | D44: ac15-plain | E44: Scenario_2_v3 | F44: 14 | G44: truth_and_fact | H44: 0.1 | I44: 0.14171906 | J44: 0.26315078 | K44: =J44-I44 -> 0.12143172 | L44: 0.7314491
A45: ac3154ac-1048-4a0c-ad89-18297fd21373 | B45: cmj9xbq770054zcyq2cl029sr | C45: cmj9xccwr005lzcyqeq1mhxu6 | D45: ac15-plain | E45: Scenario_2_v3 | F45: 16 | G45: practicality_and_feasibility | H45: 0.202 | I45: 0.31783992 | J45: 0.41679928 | K45: =J45-I45 -> 0.098959357 | L45: 0.7986994 | N45: =AVERAGE(K45:K50) -> 0.100784
A46: ac3154ac-1048-4a0c-ad89-18297fd21373 | B46: cmj9xbq770054zcyq2cl029sr | C46: cmj9xccwr005lzcyqeq1mhxu6 | D46: ac15-plain | E46: Scenario_2_v3 | F46: 16 | G46: temporal_dynamics | H46: 0.1975 | I46: 0.31086957 | J46: 0.39009154 | K46: =J46-I46 -> 0.07922197 | L46: 0.7986994
A47: ac3154ac-1048-4a0c-ad89-18297fd21373 | B47: cmj9xbq770054zcyq2cl029sr | C47: cmj9xccwr005lzcyqeq1mhxu6 | D47: ac15-plain | E47: Scenario_2_v3 | F47: 16 | G47: sovereignty | H47: 0.1745 | I47: 0.27455471 | J47: 0.37336877 | K47: =J47-I47 -> 0.098814055 | L47: 0.7986994
A48: ac3154ac-1048-4a0c-ad89-18297fd21373 | B48: cmj9xbq770054zcyq2cl029sr | C48: cmj9xccwr005lzcyqeq1mhxu6 | D48: ac15-plain | E48: Scenario_2_v3 | F48: 16 | G48: mathematics_computer_science_engineering | H48: 0.1636 | I48: 0.25739678 | J48: 0.35357627 | K48: =J48-I48 -> 0.096179491 | L48: 0.7986994
A49: ac3154ac-1048-4a0c-ad89-18297fd21373 | B49: cmj9xbq770054zcyq2cl029sr | C49: cmj9xccwr005lzcyqeq1mhxu6 | D49: ac15-plain | E49: Scenario_2_v3 | F49: 16 | G49: affective_interface | H49: 0.1625 | I49: 0.25569301 | J49: 0.36894233 | K49: =J49-I49 -> 0.11324932 | L49: 0.7986994
A50: ac3154ac-1048-4a0c-ad89-18297fd21373 | B50: cmj9xbq770054zcyq2cl029sr | C50: cmj9xccwr005lzcyqeq1mhxu6 | D50: ac15-plain | E50: Scenario_2_v3 | F50: 16 | G50: truth_and_fact | H50: 0.1 | I50: 0.17339276 | J50: 0.29167254 | K50: =J50-I50 -> 0.11827978 | L50: 0.7986994
A51: c5a81547-83ca-4922-b06f-d0102adaf647 | B51: cmj9xdk1z005pzcyq681d0gi8 | C51: cmj9xe58j0066zcyqg954uoiz | D51: ac15-plain | E51: Scenario_2_v3 | F51: 18 | G51: temporal_dynamics | H51: 0.2036 | I51: 0.33945117 | J51: 0.37628686 | K51: =J51-I51 -> 0.03683569 | L51: 0.75118107 | N51: =AVERAGE(K51:K56) -> 0.053061792
A52: c5a81547-83ca-4922-b06f-d0102adaf647 | B52: cmj9xdk1z005pzcyq681d0gi8 | C52: cmj9xe58j0066zcyqg954uoiz | D52: ac15-plain | E52: Scenario_2_v3 | F52: 18 | G52: practicality_and_feasibility | H52: 0.2005 | I52: 0.33430619 | J52: 0.41964649 | K52: =J52-I52 -> 0.085340303 | L52: 0.75118107
A53: c5a81547-83ca-4922-b06f-d0102adaf647 | B53: cmj9xdk1z005pzcyq681d0gi8 | C53: cmj9xe58j0066zcyqg954uoiz | D53: ac15-plain | E53: Scenario_2_v3 | F53: 18 | G53: sovereignty | H53: 0.1684 | I53: 0.28074675 | J53: 0.34359085 | K53: =J53-I53 -> 0.062844096 | L53: 0.75118107
A54: c5a81547-83ca-4922-b06f-d0102adaf647 | B54: cmj9xdk1z005pzcyq681d0gi8 | C54: cmj9xe58j0066zcyqg954uoiz | D54: ac15-plain | E54: Scenario_2_v3 | F54: 18 | G54: affective_interface | H54: 0.1652 | I54: 0.27539936 | J54: 0.3157735 | K54: =J54-I54 -> 0.040374141 | L54: 0.75118107
A55: c5a81547-83ca-4922-b06f-d0102adaf647 | B55: cmj9xdk1z005pzcyq681d0gi8 | C55: cmj9xe58j0066zcyqg954uoiz | D55: ac15-plain | E55: Scenario_2_v3 | F55: 18 | G55: imagination_and_possibility | H55: 0.1623 | I55: 0.27052932 | J55: 0.31957523 | K55: =J55-I55 -> 0.049045906 | L55: 0.75118107
A56: c5a81547-83ca-4922-b06f-d0102adaf647 | B56: cmj9xdk1z005pzcyq681d0gi8 | C56: cmj9xe58j0066zcyqg954uoiz | D56: ac15-plain | E56: Scenario_2_v3 | F56: 18 | G56: truth_and_fact | H56: 0.1 | I56: 0.23091355 | J56: 0.27484417 | K56: =J56-I56 -> 0.043930617 | L56: 0.75118107
A57: 7b24a1e3-9cd3-4f76-bce1-4d4f287e7759 | B57: cmj9xfp6n006azcyqbhv37oqd | C57: cmj9xgd0z006rzcyqb7xyyus8 | D57: ac15-plain | E57: Scenario_2_v3 | F57: 20 | G57: practicality_and_feasibility | H57: 0.21 | I57: 0.31710416 | J57: 0.38639538 | K57: =J57-I57 -> 0.069291221 | L57: 0.78031701 | N57: =AVERAGE(K57:K62) -> 0.070225948
A58: 7b24a1e3-9cd3-4f76-bce1-4d4f287e7759 | B58: cmj9xfp6n006azcyqbhv37oqd | C58: cmj9xgd0z006rzcyqb7xyyus8 | D58: ac15-plain | E58: Scenario_2_v3 | F58: 20 | G58: temporal_dynamics | H58: 0.1959 | I58: 0.2958086 | J58: 0.34139533 | K58: =J58-I58 -> 0.04558673 | L58: 0.78031701
A59: 7b24a1e3-9cd3-4f76-bce1-4d4f287e7759 | B59: cmj9xfp6n006azcyqbhv37oqd | C59: cmj9xgd0z006rzcyqb7xyyus8 | D59: ac15-plain | E59: Scenario_2_v3 | F59: 20 | G59: mathematics_computer_science_engineering | H59: 0.1734 | I59: 0.2617734 | J59: 0.31965929 | K59: =J59-I59 -> 0.057885887 | L59: 0.78031701
A60: 7b24a1e3-9cd3-4f76-bce1-4d4f287e7759 | B60: cmj9xfp6n006azcyqbhv37oqd | C60: cmj9xgd0z006rzcyqb7xyyus8 | D60: ac15-plain | E60: Scenario_2_v3 | F60: 20 | G60: affective_interface | H60: 0.1634 | I60: 0.24667651 | J60: 0.34324097 | K60: =J60-I60 -> 0.096564461 | L60: 0.78031701
A61: 7b24a1e3-9cd3-4f76-bce1-4d4f287e7759 | B61: cmj9xfp6n006azcyqbhv37oqd | C61: cmj9xgd0z006rzcyqb7xyyus8 | D61: ac15-plain | E61: Scenario_2_v3 | F61: 20 | G61: sovereignty | H61: 0.1574 | I61: 0.23762647 | J61: 0.3113601 | K61: =J61-I61 -> 0.073733626 | L61: 0.78031701
A62: 7b24a1e3-9cd3-4f76-bce1-4d4f287e7759 | B62: cmj9xfp6n006azcyqbhv37oqd | C62: cmj9xgd0z006rzcyqb7xyyus8 | D62: ac15-plain | E62: Scenario_2_v3 | F62: 20 | G62: truth_and_fact | H62: 0.1 | I62: 0.18277883 | J62: 0.26107259 | K62: =J62-I62 -> 0.078293761 | L62: 0.78031701
A63: 2a230e83-33ad-4562-9fac-463a58a28979 | B63: cmj9xhvj6006vzcyqixowilv9 | C63: cmj9xiktg007czcyq1s5d9yca | D63: ac15-plain | E63: Scenario_2_v3 | F63: 22 | G63: temporal_dynamics | H63: 0.2046 | I63: 0.29241134 | J63: 0.35363608 | K63: =J63-I63 -> 0.061224734 | L63: 0.78896492 | N63: =AVERAGE(K63:K68) -> 0.069101536
A64: 2a230e83-33ad-4562-9fac-463a58a28979 | B64: cmj9xhvj6006vzcyqixowilv9 | C64: cmj9xiktg007czcyq1s5d9yca | D64: ac15-plain | E64: Scenario_2_v3 | F64: 22 | G64: practicality_and_feasibility | H64: 0.1923 | I64: 0.27475755 | J64: 0.37621724 | K64: =J64-I64 -> 0.1014597 | L64: 0.78896492
A65: 2a230e83-33ad-4562-9fac-463a58a28979 | B65: cmj9xhvj6006vzcyqixowilv9 | C65: cmj9xiktg007czcyq1s5d9yca | D65: ac15-plain | E65: Scenario_2_v3 | F65: 22 | G65: affective_interface | H65: 0.1716 | I65: 0.24516262 | J65: 0.31480161 | K65: =J65-I65 -> 0.069638986 | L65: 0.78896492
A66: 2a230e83-33ad-4562-9fac-463a58a28979 | B66: cmj9xhvj6006vzcyqixowilv9 | C66: cmj9xiktg007czcyq1s5d9yca | D66: ac15-plain | E66: Scenario_2_v3 | F66: 22 | G66: context_dependent_expression | H66: 0.1711 | I66: 0.24450922 | J66: 0.2657723 | K66: =J66-I66 -> 0.021263079 | L66: 0.78896492
A67: 2a230e83-33ad-4562-9fac-463a58a28979 | B67: cmj9xhvj6006vzcyqixowilv9 | C67: cmj9xiktg007czcyq1s5d9yca | D67: ac15-plain | E67: Scenario_2_v3 | F67: 22 | G67: mathematics_computer_science_engineering | H67: 0.1604 | I67: 0.22920139 | J67: 0.30886302 | K67: =J67-I67 -> 0.079661639 | L67: 0.78896492
A68: 2a230e83-33ad-4562-9fac-463a58a28979 | B68: cmj9xhvj6006vzcyqixowilv9 | C68: cmj9xiktg007czcyq1s5d9yca | D68: ac15-plain | E68: Scenario_2_v3 | F68: 22 | G68: truth_and_fact | H68: 0.1 | I68: 0.15314612 | J68: 0.2345072 | K68: =J68-I68 -> 0.081361078 | L68: 0.78896492
A69: 82c8cfcb-c5fc-41cd-98da-09e504771c62 | B69: cmj9xjgfx007gzcyq73xnwwme | C69: cmj9xjyon007xzcyqbzsk7awj | D69: ac15-plain | E69: Scenario_2_v3 | F69: 24 | G69: practicality_and_feasibility | H69: 0.2409 | I69: 0.24977195 | J69: 0.3655061 | K69: =J69-I69 -> 0.11573415 | L69: 0.74442966 | N69: =AVERAGE(K69:K73) -> 0.11209744
A70: 82c8cfcb-c5fc-41cd-98da-09e504771c62 | B70: cmj9xjgfx007gzcyq73xnwwme | C70: cmj9xjyon007xzcyqbzsk7awj | D70: ac15-plain | E70: Scenario_2_v3 | F70: 24 | G70: temporal_dynamics | H70: 0.2352 | I70: 0.24393002 | J70: 0.30798666 | K70: =J70-I70 -> 0.064056636 | L70: 0.74442966
A71: 82c8cfcb-c5fc-41cd-98da-09e504771c62 | B71: cmj9xjgfx007gzcyq73xnwwme | C71: cmj9xjyon007xzcyqbzsk7awj | D71: ac15-plain | E71: Scenario_2_v3 | F71: 24 | G71: affective_interface | H71: 0.2261 | I71: 0.23448058 | J71: 0.35768255 | K71: =J71-I71 -> 0.12320196 | L71: 0.74442966
A72: 82c8cfcb-c5fc-41cd-98da-09e504771c62 | B72: cmj9xjgfx007gzcyq73xnwwme | C72: cmj9xjyon007xzcyqbzsk7awj | D72: ac15-plain | E72: Scenario_2_v3 | F72: 24 | G72: sovereignty | H72: 0.1978 | I72: 0.20509363 | J72: 0.32481084 | K72: =J72-I72 -> 0.11971721 | L72: 0.74442966
A73: 82c8cfcb-c5fc-41cd-98da-09e504771c62 | B73: cmj9xjgfx007gzcyq73xnwwme | C73: cmj9xjyon007xzcyqbzsk7awj | D73: ac15-plain | E73: Scenario_2_v3 | F73: 24 | G73: truth_and_fact | H73: 0.1 | I73: 0.11745967 | J73: 0.25523691 | K73: =J73-I73 -> 0.13777725 | L73: 0.74442966
A74: ae76befd-d081-44f6-91b8-40837b3cbf49 | B74: cmj9xl40r0081zcyqjvxkqvxw | C74: cmj9xlivf008izcyq2t3wu3ud | D74: ac15-plain | E74: Scenario_2_v3 | F74: 26 | G74: practicality_and_feasibility | H74: 0.3418 | I74: 0.24965572 | J74: 0.39460131 | K74: =J74-I74 -> 0.14494559 | L74: 0.76434794 | N74: =AVERAGE(K74:K77) -> 0.13157902
A75: ae76befd-d081-44f6-91b8-40837b3cbf49 | B75: cmj9xl40r0081zcyqjvxkqvxw | C75: cmj9xlivf008izcyq2t3wu3ud | D75: ac15-plain | E75: Scenario_2_v3 | F75: 26 | G75: affective_interface | H75: 0.2837 | I75: 0.20717573 | J75: 0.33634122 | K75: =J75-I75 -> 0.1291655 | L75: 0.76434794
A76: ae76befd-d081-44f6-91b8-40837b3cbf49 | B76: cmj9xl40r0081zcyqjvxkqvxw | C76: cmj9xlivf008izcyq2t3wu3ud | D76: ac15-plain | E76: Scenario_2_v3 | F76: 26 | G76: sovereignty | H76: 0.2745 | I76: 0.20051267 | J76: 0.3324136 | K76: =J76-I76 -> 0.13190094 | L76: 0.76434794
A77: ae76befd-d081-44f6-91b8-40837b3cbf49 | B77: cmj9xl40r0081zcyqjvxkqvxw | C77: cmj9xlivf008izcyq2t3wu3ud | D77: ac15-plain | E77: Scenario_2_v3 | F77: 26 | G77: truth_and_fact | H77: 0.1 | I77: 0.11990718 | J77: 0.24021123 | K77: =J77-I77 -> 0.12030405 | L77: 0.76434794
A78: d52640a4-7416-4234-9ebc-dcd9dba88138 | B78: cmj9xmfi1008mzcyqkombvinb | C78: cmj9xn5cn0093zcyqpcf30o2i | D78: ac15-plain | E78: Scenario_2_v3 | F78: 28 | G78: practicality_and_feasibility | H78: 0.2217 | I78: 0.34623622 | J78: 0.44136263 | K78: =J78-I78 -> 0.095126414 | L78: 0.71664792 | N78: =AVERAGE(K78:K83) -> 0.096662565
A79: d52640a4-7416-4234-9ebc-dcd9dba88138 | B79: cmj9xmfi1008mzcyqkombvinb | C79: cmj9xn5cn0093zcyqpcf30o2i | D79: ac15-plain | E79: Scenario_2_v3 | F79: 28 | G79: affective_interface | H79: 0.1752 | I79: 0.27353684 | J79: 0.33529077 | K79: =J79-I79 -> 0.061753925 | L79: 0.71664792
A80: d52640a4-7416-4234-9ebc-dcd9dba88138 | B80: cmj9xmfi1008mzcyqkombvinb | C80: cmj9xn5cn0093zcyqpcf30o2i | D80: ac15-plain | E80: Scenario_2_v3 | F80: 28 | G80: sovereignty | H80: 0.1747 | I80: 0.27281103 | J80: 0.35633027 | K80: =J80-I80 -> 0.083519246 | L80: 0.71664792
A81: d52640a4-7416-4234-9ebc-dcd9dba88138 | B81: cmj9xmfi1008mzcyqkombvinb | C81: cmj9xn5cn0093zcyqpcf30o2i | D81: ac15-plain | E81: Scenario_2_v3 | F81: 28 | G81: temporal_dynamics | H81: 0.1695 | I81: 0.26461744 | J81: 0.37961046 | K81: =J81-I81 -> 0.11499302 | L81: 0.71664792
A82: d52640a4-7416-4234-9ebc-dcd9dba88138 | B82: cmj9xmfi1008mzcyqkombvinb | C82: cmj9xn5cn0093zcyqpcf30o2i | D82: ac15-plain | E82: Scenario_2_v3 | F82: 28 | G82: mathematics_computer_science_engineering | H82: 0.159 | I82: 0.24824536 | J82: 0.38743971 | K82: =J82-I82 -> 0.13919435 | L82: 0.71664792
A83: d52640a4-7416-4234-9ebc-dcd9dba88138 | B83: cmj9xmfi1008mzcyqkombvinb | C83: cmj9xn5cn0093zcyqpcf30o2i | D83: ac15-plain | E83: Scenario_2_v3 | F83: 28 | G83: truth_and_fact | H83: 0.1 | I83: 0.20232644 | J83: 0.28771487 | K83: =J83-I83 -> 0.085388439 | L83: 0.71664792
A84: 246dbd77-5a85-4caa-807b-beccedfb3533 | B84: cmj9xo0ao0097zcyqrbibfub3 | C84: cmj9xookg009ozcyqxqflfxnl | D84: ac15-plain | E84: Scenario_2_v3 | F84: 30 | G84: practicality_and_feasibility | H84: 0.2233 | I84: 0.36474298 | J84: 0.42678044 | K84: =J84-I84 -> 0.062037458 | L84: 0.76192925 | N84: =AVERAGE(K84:K89) -> 0.037277389
A85: 246dbd77-5a85-4caa-807b-beccedfb3533 | B85: cmj9xo0ao0097zcyqrbibfub3 | C85: cmj9xookg009ozcyqxqflfxnl | D85: ac15-plain | E85: Scenario_2_v3 | F85: 30 | G85: temporal_dynamics | H85: 0.185 | I85: 0.30214789 | J85: 0.31990109 | K85: =J85-I85 -> 0.017753191 | L85: 0.76192925
A86: 246dbd77-5a85-4caa-807b-beccedfb3533 | B86: cmj9xo0ao0097zcyqrbibfub3 | C86: cmj9xookg009ozcyqxqflfxnl | D86: ac15-plain | E86: Scenario_2_v3 | F86: 30 | G86: mathematics_computer_science_engineering | H86: 0.1726 | I86: 0.2818959 | J86: 0.32364026 | K86: =J86-I86 -> 0.041744368 | L86: 0.76192925
A87: 246dbd77-5a85-4caa-807b-beccedfb3533 | B87: cmj9xo0ao0097zcyqrbibfub3 | C87: cmj9xookg009ozcyqxqflfxnl | D87: ac15-plain | E87: Scenario_2_v3 | F87: 30 | G87: sovereignty | H87: 0.1635 | I87: 0.2669787 | J87: 0.2843136 | K87: =J87-I87 -> 0.017334892 | L87: 0.76192925
A88: 246dbd77-5a85-4caa-807b-beccedfb3533 | B88: cmj9xo0ao0097zcyqrbibfub3 | C88: cmj9xookg009ozcyqxqflfxnl | D88: ac15-plain | E88: Scenario_2_v3 | F88: 30 | G88: affective_interface | H88: 0.1555 | I88: 0.25401541 | J88: 0.28360236 | K88: =J88-I88 -> 0.029586951 | L88: 0.76192925
A89: 246dbd77-5a85-4caa-807b-beccedfb3533 | B89: cmj9xo0ao0097zcyqrbibfub3 | C89: cmj9xookg009ozcyqxqflfxnl | D89: ac15-plain | E89: Scenario_2_v3 | F89: 30 | G89: truth_and_fact | H89: 0.1 | I89: 0.16914312 | J89: 0.22435059 | K89: =J89-I89 -> 0.055207472 | L89: 0.76192925
A90: 080154f2-6bb0-46f3-a661-acde84b2135e | B90: cmj9xqa6y009szcyqs8uihdm3 | C90: cmj9xqzuf00a9zcyqo3olxksr | D90: ac15-plain | E90: Scenario_2_v3 | F90: 32 | G90: practicality_and_feasibility | H90: 0.3416 | I90: 0.26514966 | J90: 0.34583517 | K90: =J90-I90 -> 0.080685512 | L90: 0.74274873 | N90: =AVERAGE(K90:K93) -> 0.085839101
A91: 080154f2-6bb0-46f3-a661-acde84b2135e | B91: cmj9xqa6y009szcyqs8uihdm3 | C91: cmj9xqzuf00a9zcyqo3olxksr | D91: ac15-plain | E91: Scenario_2_v3 | F91: 32 | G91: temporal_dynamics | H91: 0.2906 | I91: 0.2255706 | J91: 0.31787949 | K91: =J91-I91 -> 0.092308889 | L91: 0.74274873
A92: 080154f2-6bb0-46f3-a661-acde84b2135e | B92: cmj9xqa6y009szcyqs8uihdm3 | C92: cmj9xqzuf00a9zcyqo3olxksr | D92: ac15-plain | E92: Scenario_2_v3 | F92: 32 | G92: mathematics_computer_science_engineering | H92: 0.2678 | I92: 0.20786289 | J92: 0.29260498 | K92: =J92-I92 -> 0.08474209 | L92: 0.74274873
A93: 080154f2-6bb0-46f3-a661-acde84b2135e | B93: cmj9xqa6y009szcyqs8uihdm3 | C93: cmj9xqzuf00a9zcyqo3olxksr | D93: ac15-plain | E93: Scenario_2_v3 | F93: 32 | G93: truth_and_fact | H93: 0.1 | I93: 0.12883644 | J93: 0.21445635 | K93: =J93-I93 -> 0.085619911 | L93: 0.74274873
A94: ca4eb61e-c373-4284-b0c4-8ac10ecd436f | B94: cmj9xrodk00adzcyqim68ize1 | C94: cmj9xsgmd00auzcyqdpk7k2vv | D94: ac15-plain | E94: Scenario_2_v3 | F94: 34 | G94: temporal_dynamics | H94: 0.2084 | I94: 0.27389071 | J94: 0.33599179 | K94: =J94-I94 -> 0.062101086 | L94: 0.76420987 | N94: =AVERAGE(K94:K99) -> 0.083696611
A95: ca4eb61e-c373-4284-b0c4-8ac10ecd436f | B95: cmj9xrodk00adzcyqim68ize1 | C95: cmj9xsgmd00auzcyqdpk7k2vv | D95: ac15-plain | E95: Scenario_2_v3 | F95: 34 | G95: affective_interface | H95: 0.1888 | I95: 0.24818619 | J95: 0.2999753 | K95: =J95-I95 -> 0.05178911 | L95: 0.76420987
A96: ca4eb61e-c373-4284-b0c4-8ac10ecd436f | B96: cmj9xrodk00adzcyqim68ize1 | C96: cmj9xsgmd00auzcyqdpk7k2vv | D96: ac15-plain | E96: Scenario_2_v3 | F96: 34 | G96: practicality_and_feasibility | H96: 0.1874 | I96: 0.24630774 | J96: 0.36576795 | K96: =J96-I96 -> 0.11946021 | L96: 0.76420987
A97: ca4eb61e-c373-4284-b0c4-8ac10ecd436f | B97: cmj9xrodk00adzcyqim68ize1 | C97: cmj9xsgmd00auzcyqdpk7k2vv | D97: ac15-plain | E97: Scenario_2_v3 | F97: 34 | G97: mathematics_computer_science_engineering | H97: 0.1609 | I97: 0.21143726 | J97: 0.29590987 | K97: =J97-I97 -> 0.084472612 | L97: 0.76420987
A98: ca4eb61e-c373-4284-b0c4-8ac10ecd436f | B98: cmj9xrodk00adzcyqim68ize1 | C98: cmj9xsgmd00auzcyqdpk7k2vv | D98: ac15-plain | E98: Scenario_2_v3 | F98: 34 | G98: sovereignty | H98: 0.1545 | I98: 0.20298954 | J98: 0.28594138 | K98: =J98-I98 -> 0.082951841 | L98: 0.76420987
A99: ca4eb61e-c373-4284-b0c4-8ac10ecd436f | B99: cmj9xrodk00adzcyqim68ize1 | C99: cmj9xsgmd00auzcyqdpk7k2vv | D99: ac15-plain | E99: Scenario_2_v3 | F99: 34 | G99: truth_and_fact | H99: 0.1 | I99: 0.12386113 | J99: 0.22526594 | K99: =J99-I99 -> 0.10140481 | L99: 0.76420987
A100: 6541132e-da00-4ad1-9443-5865f0703561 | B100: cmj9xsxj700ayzcyq4tedumoo | C100: cmj9xtu0w00bfzcyqoqn4c4b9 | D100: ac15-plain | E100: Scenario_2_v3 | F100: 36 | G100: practicality_and_feasibility | H100: 0.2027 | I100: 0.29473701 | J100: 0.40856981 | K100: =J100-I100 -> 0.1138328 | L100: 0.70079627 | N100: =AVERAGE(K100:K105) -> 0.1084838
A101: 6541132e-da00-4ad1-9443-5865f0703561 | B101: cmj9xsxj700ayzcyq4tedumoo | C101: cmj9xtu0w00bfzcyqoqn4c4b9 | D101: ac15-plain | E101: Scenario_2_v3 | F101: 36 | G101: temporal_dynamics | H101: 0.1879 | I101: 0.27321451 | J101: 0.40218837 | K101: =J101-I101 -> 0.12897386 | L101: 0.70079627
...

Sheet notes
A1: p calculation
A3: 1. count | B3: =A10 -> 142
A4: 2. t statistic | B4: =B10*SQRT((B3-2)/(1-B10^2)) -> 1.0533831
A5: 3. p | B5: =_xlfn.T.DIST.2T(ABS(B4),B3-2) -> 0.2939801
A9: count | B9: correlation weights / activation delta
A10: 142 | B10: 0.088676395

Sheet actdel_prompt_response
B1: prompt_to_response | C1: Average activation/turn | H1: Correlation | I1: count | J1: T-statistic | K1: p
A2: turn
A3: 1 | B3: 0.84283713 | C3: 0.074473196 | H3: =CORREL(B3:B27,C3:C27) -> 0.15921616 | I3: =COUNT(C3:C27) -> 25 | J3: =H3*SQRT((I3-2)/(1-H3^2)) -> 0.77344006 | K3: =_xlfn.T.DIST.2T(ABS(J3),I3-2) -> 0.44713898
A4: 2 | B4: 0.75574435 | C4: 0.068465937
A5: 3 | B5: 0.75246139 | C5: 0.059548965
A6: 4 | B6: 0.75523994 | C6: 0.061501322
A7: 5 | B7: 0.68196907 | C7: 0.044594508
A8: 6 | B8: 0.80509458 | C8: 0.069508687
A9: 7 | B9: 0.7314491 | C9: 0.1141924
A10: 8 | B10: 0.7986994 | C10: 0.100784
A11: 9 | B11: 0.75118107 | C11: 0.053061792
A12: 10 | B12: 0.78031701 | C12: 0.070225948
A13: 11 | B13: 0.78896492 | C13: 0.069101536
A14: 12 | B14: 0.74442966 | C14: 0.11209744
A15: 13 | B15: 0.76434794 | C15: 0.13157902
... A27: 25 | B27: 0.71511197 | C27: 0.060120661

Sheet inter_system_stats
B2: Prompt-response
B3: ac15p | C3: control | E3: std. Ac15p | F3: std. Control | G3: F. test | H3: T. Test equal variances | I3: T.Test unequal | J3: Mean difference
A4: 1 | B4: 0.84283713 | C4: 0.81423911 | E4: =_xlfn.STDEV.S(B4:B28) -> 0.044988984 | F4: =_xlfn.STDEV.S(C4:C28) -> 0.11577762 | G4: =_xlfn.F.TEST(B4:B28,C4:C28) -> 1.7096385e-05 | H4: =_xlfn.T.TEST(B4:B28, C4:C28, 2,2) -> 2.2389505e-11 | I4: =_xlfn.T.TEST(B4:B28,C4:C28, 2,3) -> 8.5891805e-10 | J4: =AVERAGE(B4:B28)-AVERAGE(C4:C28) -> 0.2151923
A5: 2 | B5: 0.75574435 | C5: 0.49037431
A6: 3 | B6: 0.75246139 | C6: 0.51102033 | E6: Paired t-test
A7: 4 | B7: 0.75523994 | C7: 0.73212747 | E7: Alpha | F7: 0.05
A8: 5 | B8: 0.68196907 | C8: 0.5045879 | E8: Hypothesized Mean Difference | F8: 0
A9: 6 | B9: 0.80509458 | C9: 0.62221695 | F9: Variable 1 | G9: Variable 2
A10: 7 | B10: 0.7314491 | C10: 0.5682134 | E10: Mean | F10: =AVERAGE(inter_system_stats!$B$3:$B$28) -> 0.75220636 | G10: =AVERAGE(inter_system_stats!$C$3:$C$28) -> 0.53701406
A11: 8 | B11: 0.7986994 | C11: 0.41336821 | E11: Variance | F11: =VAR(inter_system_stats!$B$3:$B$28) -> 0.0020240087 | G11: =VAR(inter_system_stats!$C$3:$C$28) -> 0.013404458
A12: 9 | B12: 0.75118107 | C12: 0.4696191 | E12: Observations | F12: =COUNT(inter_system_stats!$B$3:$B$28) -> 25 | G12: =COUNT(inter_system_stats!$C$3:$C$28) -> 25
A13: 10 | B13: 0.78031701 | C13: 0.70259754 | E13: Pearson Correlation | F13: =CORREL(inter_system_stats!$B$3:$B$28,inter_system_stats!$C$3:$C$28) -> 0.49891315
A14: 11 | B14: 0.78896492 | C14: 0.53574689 | E14: Observed Mean Difference | F14: {=AVERAGE(IF(ISODD(IF(ISNUMBER(inter_system_stats!$B$3:$B$28), 1, 0) * IF(ISNUMBER(inter_system_stats!$C$3:$C$28), 1, 0)), inter_system_stats!$B$3:$B$28 - inter_system_stats!$C$3:$C$28, "NA"))} -> 0.2151923
A15: 12 | B15: 0.74442966 | C15: 0.61680633 | E15: Variance of the Differences | F15: {=VAR(IF(ISODD(IF(ISNUMBER(inter_system_stats!$B$3:$B$28), 1, 0) * IF(ISNUMBER(inter_system_stats!$C$3:$C$28), 1, 0)), inter_system_stats!$B$3:$B$28 - inter_system_stats!$C$3:$C$28, "NA"))} -> 0.010231071
A16: 13 | B16: 0.76434794 | C16: 0.52630891 | E16: df | F16: {=SUM(IF(ISNUMBER(inter_system_stats!$B$3:$B$28), 1, 0) * IF(ISNUMBER(inter_system_stats!$C$3:$C$28), 1, 0)) - 1} -> 24
A17: 14 | B17: 0.71664792 | C17: 0.42768382 | E17: t Stat | F17: =(inter_system_stats!$F$14 - inter_system_stats!$F$8) / (inter_system_stats!$F$15 / ( inter_system_stats!$F$16 + 1)) ^ 0.5 -> 10.637417
A18: 15 | B18: 0.76192925 | C18: 0.57565816 | E18: P (T<=t) one-tail | F18: =TDIST(ABS(inter_system_stats!$F$17), inter_system_stats!$F$16, 1) -> 7.2540545e-11
A19: 16 | B19: 0.74274873 | C19: 0.57704588 | E19: t Critical one-tail | F19: =TINV(2*inter_system_stats!$F$7, inter_system_stats!$F$16) -> 1.7108821
A20: 17 | B20: 0.76420987 | C20: 0.65129577 | E20: P (T<=t) two-tail | F20: =TDIST(ABS(inter_system_stats!$F$17), inter_system_stats!$F$16, 2) -> 1.4508109e-10
A21: 18 | B21: 0.70079627 | C21: 0.59927589 | E21: t Critical two-tail | F21: =TINV(inter_system_stats!$F$7, inter_system_stats!$F$16) -> 2.0638986
A22: 19 | B22: 0.71628406 | C22: 0.50621472
A23: 20 | B23: 0.83902354 | C23: 0.47809959
A24: 21 | B24: 0.70402483 | C24: 0.38215194
A25: 22 | B25: 0.68499859 | C25: 0.42806876
A26: 23 | B26: 0.69681188 | C26: 0.34437109
A27: 24 | B27: 0.80983661 | C27: 0.58285066
A28: 25 | B28: 0.71511197 | C28: 0.36540877
