Workbook

Sheet Sheet1
A1: turnId | B1: user_id | C1: assistant_id | D1: projectName | E1: sessionName | F1: seq | G1: anchorName | H1: weight | I1: promptSim | J1: responseSim | K1: activation delta | L1: prompt_to_response | N1: Average activation/turn | O1: average conversation activation | P1: correlation weights / activation delta | Q1: P
A3: 8eff0223-8ddb-4ffe-88e8-5e3d73e5298a | B3: cmj8nqb0100y5zcr3f349l0p7 | C3: cmj8nr37x00ymzcr3y7zp7rvr | D3: ac15-plain | E3: scenario_1_v2 | F3: 1 | G3: temporal_dynamics | H3: 0.2038 | I3: 0.32301872 | J3: 0.35463903 | K3: =J3-I3 -> 0.031620313 | L3: 0.82032979 | N3: =AVERAGE(K3:K8) -> 0.063378966 | O3: =SUM(N3:N147)/SUMPRODUCT(ISNUMBER(N3:N147)) -> 0.040727738 | P3: =CORREL(H3:H152, K3:K152) -> -0.20986674 | Q3: 0.0099
A4: 8eff0223-8ddb-4ffe-88e8-5e3d73e5298a | B4: cmj8nqb0100y5zcr3f349l0p7 | C4: cmj8nr37x00ymzcr3y7zp7rvr | D4: ac15-plain | E4: scenario_1_v2 | F4: 1 | G4: mathematics_computer_science_engineering | H4: 0.1894 | I4: 0.30012803 | J4: 0.35759428 | K4: =J4-I4 -> 0.057466245 | L4: 0.82032979
A5: 8eff0223-8ddb-4ffe-88e8-5e3d73e5298a | B5: cmj8nqb0100y5zcr3f349l0p7 | C5: cmj8nr37x00ymzcr3y7zp7rvr | D5: ac15-plain | E5: scenario_1_v2 | F5: 1 | G5: practicality_and_feasibility | H5: 0.1882 | I5: 0.29832032 | J5: 0.38178199 | K5: =J5-I5 -> 0.08346168 | L5: 0.82032979
A6: 8eff0223-8ddb-4ffe-88e8-5e3d73e5298a | B6: cmj8nqb0100y5zcr3f349l0p7 | C6: cmj8nr37x00ymzcr3y7zp7rvr | D6: ac15-plain | E6: scenario_1_v2 | F6: 1 | G6: sovereignty | H6: 0.1638 | I6: 0.2595493 | J6: 0.33486624 | K6: =J6-I6 -> 0.075316945 | L6: 0.82032979
A7: 8eff0223-8ddb-4ffe-88e8-5e3d73e5298a | B7: cmj8nqb0100y5zcr3f349l0p7 | C7: cmj8nr37x00ymzcr3y7zp7rvr | D7: ac15-plain | E7: scenario_1_v2 | F7: 1 | G7: affective_interface | H7: 0.1549 | I7: 0.24547877 | J7: 0.29779768 | K7: =J7-I7 -> 0.052318917 | L7: 0.82032979
A8: 8eff0223-8ddb-4ffe-88e8-5e3d73e5298a | B8: cmj8nqb0100y5zcr3f349l0p7 | C8: cmj8nr37x00ymzcr3y7zp7rvr | D8: ac15-plain | E8: scenario_1_v2 | F8: 1 | G8: truth_and_fact | H8: 0.1 | I8: 0.19267929 | J8: 0.27276898 | K8: =J8-I8 -> 0.080089694 | L8: 0.82032979
A9: cc91fc78-a5d4-4819-8179-f29eabd305d2 | B9: cmj8ntn3r00yqzcr32p6ivowb | C9: cmj8nuio000z7zcr3jkdopne7 | D9: ac15-plain | E9: scenario_1_v2 | F9: 3 | G9: practicality_and_feasibility | H9: 0.1937 | I9: 0.31162497 | J9: 0.37807692 | K9: =J9-I9 -> 0.066451945 | L9: 0.76020895 | N9: =AVERAGE(K9:K14) -> 0.05504999
A10: cc91fc78-a5d4-4819-8179-f29eabd305d2 | B10: cmj8ntn3r00yqzcr32p6ivowb | C10: cmj8nuio000z7zcr3jkdopne7 | D10: ac15-plain | E10: scenario_1_v2 | F10: 3 | G10: sovereignty | H10: 0.1898 | I10: 0.30528763 | J10: 0.34066703 | K10: =J10-I10 -> 0.035379402 | L10: 0.76020895
A11: cc91fc78-a5d4-4819-8179-f29eabd305d2 | B11: cmj8ntn3r00yqzcr32p6ivowb | C11: cmj8nuio000z7zcr3jkdopne7 | D11: ac15-plain | E11: scenario_1_v2 | F11: 3 | G11: mathematics_computer_science_engineering | H11: 0.1825 | I11: 0.2935969 | J11: 0.34810482 | K11: =J11-I11 -> 0.054507923 | L11: 0.76020895
A12: cc91fc78-a5d4-4819-8179-f29eabd305d2 | B12: cmj8ntn3r00yqzcr32p6ivowb | C12: cmj8nuio000z7zcr3jkdopne7 | D12: ac15-plain | E12: scenario_1_v2 | F12: 3 | G12: temporal_dynamics | H12: 0.1793 | I12: 0.28849086 | J12: 0.3319783 | K12: =J12-I12 -> 0.043487441 | L12: 0.76020895
A13: cc91fc78-a5d4-4819-8179-f29eabd305d2 | B13: cmj8ntn3r00yqzcr32p6ivowb | C13: cmj8nuio000z7zcr3jkdopne7 | D13: ac15-plain | E13: scenario_1_v2 | F13: 3 | G13: affective_interface | H13: 0.1547 | I13: 0.24887051 | J13: 0.32417322 | K13: =J13-I13 -> 0.075302708 | L13: 0.76020895
A14: cc91fc78-a5d4-4819-8179-f29eabd305d2 | B14: cmj8ntn3r00yqzcr32p6ivowb | C14: cmj8nuio000z7zcr3jkdopne7 | D14: ac15-plain | E14: scenario_1_v2 | F14: 3 | G14: truth_and_fact | H14: 0.1 | I14: 0.2262226 | J14: 0.28139313 | K14: =J14-I14 -> 0.055170524 | L14: 0.76020895
A15: 02ee678e-e8a7-4721-b6f0-8416359f80e1 | B15: cmj8ny64700zbzcr3ovp6rpwj | C15: cmj8nym0p00zszcr3i1ctof1n | D15: ac15-plain | E15: scenario_1_v2 | F15: 5 | G15: practicality_and_feasibility | H15: 0.2003 | I15: 0.39561555 | J15: 0.40687902 | K15: =J15-I15 -> 0.011263465 | L15: 0.77935892 | N15: =AVERAGE(K15:K20) -> -0.0043915894
A16: 02ee678e-e8a7-4721-b6f0-8416359f80e1 | B16: cmj8ny64700zbzcr3ovp6rpwj | C16: cmj8nym0p00zszcr3i1ctof1n | D16: ac15-plain | E16: scenario_1_v2 | F16: 5 | G16: mathematics_computer_science_engineering | H16: 0.1848 | I16: 0.365034 | J16: 0.3579908 | K16: =J16-I16 -> -0.0070432067 | L16: 0.77935892
A17: 02ee678e-e8a7-4721-b6f0-8416359f80e1 | B17: cmj8ny64700zbzcr3ovp6rpwj | C17: cmj8nym0p00zszcr3i1ctof1n | D17: ac15-plain | E17: scenario_1_v2 | F17: 5 | G17: temporal_dynamics | H17: 0.1833 | I17: 0.3620211 | J17: 0.34425321 | K17: =J17-I17 -> -0.017767893 | L17: 0.77935892
A18: 02ee678e-e8a7-4721-b6f0-8416359f80e1 | B18: cmj8ny64700zbzcr3ovp6rpwj | C18: cmj8nym0p00zszcr3i1ctof1n | D18: ac15-plain | E18: scenario_1_v2 | F18: 5 | G18: sovereignty | H18: 0.1759 | I18: 0.3473134 | J18: 0.32782596 | K18: =J18-I18 -> -0.01948744 | L18: 0.77935892
A19: 02ee678e-e8a7-4721-b6f0-8416359f80e1 | B19: cmj8ny64700zbzcr3ovp6rpwj | C19: cmj8nym0p00zszcr3i1ctof1n | D19: ac15-plain | E19: scenario_1_v2 | F19: 5 | G19: metaphorical_scaffolding | H19: 0.1556 | I19: 0.30730608 | J19: 0.31402494 | K19: =J19-I19 -> 0.0067188578 | L19: 0.77935892
A20: 02ee678e-e8a7-4721-b6f0-8416359f80e1 | B20: cmj8ny64700zbzcr3ovp6rpwj | C20: cmj8nym0p00zszcr3i1ctof1n | D20: ac15-plain | E20: scenario_1_v2 | F20: 5 | G20: truth_and_fact | H20: 0.1 | I20: 0.2826347 | J20: 0.28260138 | K20: =J20-I20 -> -3.3319531e-05 | L20: 0.77935892
A21: ec480d08-08a8-4ed6-8b4c-c4c59ece4db0 | B21: cmj8o10s500zwzcr3p8xj5awp | C21: cmj8o1pem010dzcr301ek4qub | D21: ac15-plain | E21: scenario_1_v2 | F21: 7 | G21: practicality_and_feasibility | H21: 0.2264 | I21: 0.38018314 | J21: 0.40036345 | K21: =J21-I21 -> 0.020180307 | L21: 0.65547417 | N21: =AVERAGE(K21:K26) -> 0.050838449
A22: ec480d08-08a8-4ed6-8b4c-c4c59ece4db0 | B22: cmj8o10s500zwzcr3p8xj5awp | C22: cmj8o1pem010dzcr301ek4qub | D22: ac15-plain | E22: scenario_1_v2 | F22: 7 | G22: temporal_dynamics | H22: 0.1954 | I22: 0.32815211 | J22: 0.34443985 | K22: =J22-I22 -> 0.016287737 | L22: 0.65547417
A23: ec480d08-08a8-4ed6-8b4c-c4c59ece4db0 | B23: cmj8o10s500zwzcr3p8xj5awp | C23: cmj8o1pem010dzcr301ek4qub | D23: ac15-plain | E23: scenario_1_v2 | F23: 7 | G23: mathematics_computer_science_engineering | H23: 0.1749 | I23: 0.29379102 | J23: 0.38155146 | K23: =J23-I23 -> 0.087760442 | L23: 0.65547417
A24: ec480d08-08a8-4ed6-8b4c-c4c59ece4db0 | B24: cmj8o10s500zwzcr3p8xj5awp | C24: cmj8o1pem010dzcr301ek4qub | D24: ac15-plain | E24: scenario_1_v2 | F24: 7 | G24: sovereignty | H24: 0.1553 | I24: 0.26088718 | J24: 0.31898382 | K24: =J24-I24 -> 0.058096644 | L24: 0.65547417
A25: ec480d08-08a8-4ed6-8b4c-c4c59ece4db0 | B25: cmj8o10s500zwzcr3p8xj5awp | C25: cmj8o1pem010dzcr301ek4qub | D25: ac15-plain | E25: scenario_1_v2 | F25: 7 | G25: electricity | H25: 0.148 | I25: 0.24854197 | J25: 0.29530773 | K25: =J25-I25 -> 0.04676576 | L25: 0.65547417
A26: ec480d08-08a8-4ed6-8b4c-c4c59ece4db0 | B26: cmj8o10s500zwzcr3p8xj5awp | C26: cmj8o1pem010dzcr301ek4qub | D26: ac15-plain | E26: scenario_1_v2 | F26: 7 | G26: truth_and_fact | H26: 0.1 | I26: 0.22583022 | J26: 0.30177003 | K26: =J26-I26 -> 0.075939807 | L26: 0.65547417
A27: ad95b5ff-cbc3-4666-beb6-5a8ed7b039a9 | B27: cmj8o3xz2010hzcr3kwj2od2w | C27: cmj8o4ldz010yzcr3vhbg1k6c | D27: ac15-plain | E27: scenario_1_v2 | F27: 9 | G27: practicality_and_feasibility | H27: 0.2022 | I27: 0.3908278 | J27: 0.37630479 | K27: =J27-I27 -> -0.014523011 | L27: 0.60148827 | N27: =AVERAGE(K27:K32) -> 0.0023507645
A28: ad95b5ff-cbc3-4666-beb6-5a8ed7b039a9 | B28: cmj8o3xz2010hzcr3kwj2od2w | C28: cmj8o4ldz010yzcr3vhbg1k6c | D28: ac15-plain | E28: scenario_1_v2 | F28: 9 | G28: mathematics_computer_science_engineering | H28: 0.1809 | I28: 0.3497217 | J28: 0.33974964 | K28: =J28-I28 -> -0.0099720618 | L28: 0.60148827
A29: ad95b5ff-cbc3-4666-beb6-5a8ed7b039a9 | B29: cmj8o3xz2010hzcr3kwj2od2w | C29: cmj8o4ldz010yzcr3vhbg1k6c | D29: ac15-plain | E29: scenario_1_v2 | F29: 9 | G29: temporal_dynamics | H29: 0.1788 | I29: 0.34568565 | J29: 0.34804173 | K29: =J29-I29 -> 0.0023560862 | L29: 0.60148827
A30: ad95b5ff-cbc3-4666-beb6-5a8ed7b039a9 | B30: cmj8o3xz2010hzcr3kwj2od2w | C30: cmj8o4ldz010yzcr3vhbg1k6c | D30: ac15-plain | E30: scenario_1_v2 | F30: 9 | G30: electricity | H30: 0.1749 | I30: 0.33812443 | J30: 0.28613043 | K30: =J30-I30 -> -0.051994005 | L30: 0.60148827
A31: ad95b5ff-cbc3-4666-beb6-5a8ed7b039a9 | B31: cmj8o3xz2010hzcr3kwj2od2w | C31: cmj8o4ldz010yzcr3vhbg1k6c | D31: ac15-plain | E31: scenario_1_v2 | F31: 9 | G31: sovereignty | H31: 0.1633 | I31: 0.31565941 | J31: 0.36642542 | K31: =J31-I31 -> 0.050766014 | L31: 0.60148827
A32: ad95b5ff-cbc3-4666-beb6-5a8ed7b039a9 | B32: cmj8o3xz2010hzcr3kwj2od2w | C32: cmj8o4ldz010yzcr3vhbg1k6c | D32: ac15-plain | E32: scenario_1_v2 | F32: 9 | G32: truth_and_fact | H32: 0.1 | I32: 0.25725606 | J32: 0.29472762 | K32: =J32-I32 -> 0.037471565 | L32: 0.60148827
A33: 77b9c9c3-bc54-4c44-913f-5464e871f466 | B33: cmj8o7q000112zcr36bhvlmxx | C33: cmj8o8t6x011jzcr3src0dw8l | D33: ac15-plain | E33: scenario_1_v2 | F33: 11 | G33: practicality_and_feasibility | H33: 0.218 | I33: 0.34117038 | J33: 0.34055675 | K33: =J33-I33 -> -0.00061362947 | L33: 0.80260511 | N33: =AVERAGE(K33:K38) -> 0.026512963
A34: 77b9c9c3-bc54-4c44-913f-5464e871f466 | B34: cmj8o7q000112zcr36bhvlmxx | C34: cmj8o8t6x011jzcr3src0dw8l | D34: ac15-plain | E34: scenario_1_v2 | F34: 11 | G34: temporal_dynamics | H34: 0.1912 | I34: 0.2993105 | J34: 0.32211051 | K34: =J34-I34 -> 0.022800012 | L34: 0.80260511
A35: 77b9c9c3-bc54-4c44-913f-5464e871f466 | B35: cmj8o7q000112zcr36bhvlmxx | C35: cmj8o8t6x011jzcr3src0dw8l | D35: ac15-plain | E35: scenario_1_v2 | F35: 11 | G35: mathematics_computer_science_engineering | H35: 0.1749 | I35: 0.27379679 | J35: 0.32263524 | K35: =J35-I35 -> 0.048838448 | L35: 0.80260511
A36: 77b9c9c3-bc54-4c44-913f-5464e871f466 | B36: cmj8o7q000112zcr36bhvlmxx | C36: cmj8o8t6x011jzcr3src0dw8l | D36: ac15-plain | E36: scenario_1_v2 | F36: 11 | G36: sovereignty | H36: 0.1665 | I36: 0.26068281 | J36: 0.2685173 | K36: =J36-I36 -> 0.0078344912 | L36: 0.80260511
A37: 77b9c9c3-bc54-4c44-913f-5464e871f466 | B37: cmj8o7q000112zcr36bhvlmxx | C37: cmj8o8t6x011jzcr3src0dw8l | D37: ac15-plain | E37: scenario_1_v2 | F37: 11 | G37: electricity | H37: 0.1493 | I37: 0.23375761 | J37: 0.25949984 | K37: =J37-I37 -> 0.025742234 | L37: 0.80260511
A38: 77b9c9c3-bc54-4c44-913f-5464e871f466 | B38: cmj8o7q000112zcr36bhvlmxx | C38: cmj8o8t6x011jzcr3src0dw8l | D38: ac15-plain | E38: scenario_1_v2 | F38: 11 | G38: truth_and_fact | H38: 0.1 | I38: 0.18625881 | J38: 0.24073503 | K38: =J38-I38 -> 0.054476221 | L38: 0.80260511
A39: 862662a4-e02f-4634-a00c-d7d8b2e3339c | B39: cmj8ob3ib011nzcr3sob074uk | C39: cmj8obtpk0124zcr3fwee0ekm | D39: ac15-plain | E39: scenario_1_v2 | F39: 13 | G39: practicality_and_feasibility | H39: 0.1973 | I39: 0.26155764 | J39: 0.38990117 | K39: =J39-I39 -> 0.12834353 | L39: 0.64887842 | N39: =AVERAGE(K39:K44) -> 0.10564135
A40: 862662a4-e02f-4634-a00c-d7d8b2e3339c | B40: cmj8ob3ib011nzcr3sob074uk | C40: cmj8obtpk0124zcr3fwee0ekm | D40: ac15-plain | E40: scenario_1_v2 | F40: 13 | G40: temporal_dynamics | H40: 0.1945 | I40: 0.25773863 | J40: 0.35443002 | K40: =J40-I40 -> 0.09669139 | L40: 0.64887842
A41: 862662a4-e02f-4634-a00c-d7d8b2e3339c | B41: cmj8ob3ib011nzcr3sob074uk | C41: cmj8obtpk0124zcr3fwee0ekm | D41: ac15-plain | E41: scenario_1_v2 | F41: 13 | G41: mathematics_computer_science_engineering | H41: 0.1892 | I41: 0.25080024 | J41: 0.34829299 | K41: =J41-I41 -> 0.097492747 | L41: 0.64887842
A42: 862662a4-e02f-4634-a00c-d7d8b2e3339c | B42: cmj8ob3ib011nzcr3sob074uk | C42: cmj8obtpk0124zcr3fwee0ekm | D42: ac15-plain | E42: scenario_1_v2 | F42: 13 | G42: electricity | H42: 0.168 | I42: 0.22268316 | J42: 0.26456684 | K42: =J42-I42 -> 0.041883686 | L42: 0.64887842
A43: 862662a4-e02f-4634-a00c-d7d8b2e3339c | B43: cmj8ob3ib011nzcr3sob074uk | C43: cmj8obtpk0124zcr3fwee0ekm | D43: ac15-plain | E43: scenario_1_v2 | F43: 13 | G43: sovereignty | H43: 0.151 | I43: 0.20012621 | J43: 0.34414216 | K43: =J43-I43 -> 0.14401595 | L43: 0.64887842
A44: 862662a4-e02f-4634-a00c-d7d8b2e3339c | B44: cmj8ob3ib011nzcr3sob074uk | C44: cmj8obtpk0124zcr3fwee0ekm | D44: ac15-plain | E44: scenario_1_v2 | F44: 13 | G44: truth_and_fact | H44: 0.1 | I44: 0.1623014 | J44: 0.28772222 | K44: =J44-I44 -> 0.12542082 | L44: 0.64887842
A45: b8acf24e-bb78-4822-bdfe-bbdac058884d | B45: cmj8oe5nh0128zcr3pteikbol | C45: cmj8oevz3012pzcr3r6140u2c | D45: ac15-plain | E45: scenario_1_v2 | F45: 15 | G45: practicality_and_feasibility | H45: 0.1877 | I45: 0.35453142 | J45: 0.41341786 | K45: =J45-I45 -> 0.058886439 | L45: 0.75255045 | N45: =AVERAGE(K45:K50) -> 0.056384955
A46: b8acf24e-bb78-4822-bdfe-bbdac058884d | B46: cmj8oe5nh0128zcr3pteikbol | C46: cmj8oevz3012pzcr3r6140u2c | D46: ac15-plain | E46: scenario_1_v2 | F46: 15 | G46: sovereignty | H46: 0.1748 | I46: 0.33018627 | J46: 0.36745226 | K46: =J46-I46 -> 0.037265996 | L46: 0.75255045
A47: b8acf24e-bb78-4822-bdfe-bbdac058884d | B47: cmj8oe5nh0128zcr3pteikbol | C47: cmj8oevz3012pzcr3r6140u2c | D47: ac15-plain | E47: scenario_1_v2 | F47: 15 | G47: mathematics_computer_science_engineering | H47: 0.1702 | I47: 0.3214578 | J47: 0.39523125 | K47: =J47-I47 -> 0.073773458 | L47: 0.75255045
A48: b8acf24e-bb78-4822-bdfe-bbdac058884d | B48: cmj8oe5nh0128zcr3pteikbol | C48: cmj8oevz3012pzcr3r6140u2c | D48: ac15-plain | E48: scenario_1_v2 | F48: 15 | G48: affective_interface | H48: 0.1666 | I48: 0.31454964 | J48: 0.37695591 | K48: =J48-I48 -> 0.062406273 | L48: 0.75255045
A49: b8acf24e-bb78-4822-bdfe-bbdac058884d | B49: cmj8oe5nh0128zcr3pteikbol | C49: cmj8oevz3012pzcr3r6140u2c | D49: ac15-plain | E49: scenario_1_v2 | F49: 15 | G49: temporal_dynamics | H49: 0.1633 | I49: 0.30843376 | J49: 0.36207861 | K49: =J49-I49 -> 0.053644852 | L49: 0.75255045
A50: b8acf24e-bb78-4822-bdfe-bbdac058884d | B50: cmj8oe5nh0128zcr3pteikbol | C50: cmj8oevz3012pzcr3r6140u2c | D50: ac15-plain | E50: scenario_1_v2 | F50: 15 | G50: truth_and_fact | H50: 0.1373 | I50: 0.25924106 | J50: 0.31157377 | K50: =J50-I50 -> 0.052332713 | L50: 0.75255045
A51: 9198e3c9-363f-4e12-8c3c-f243fe24aaea | B51: cmj8ogpqb012tzcr3xg2fpgrx | C51: cmj8ohdhd013azcr32nq55spt | D51: ac15-plain | E51: scenario_1_v2 | F51: 17 | G51: practicality_and_feasibility | H51: 0.1981 | I51: 0.41533455 | J51: 0.38980401 | K51: =J51-I51 -> -0.025530538 | L51: 0.72599844 | N51: =AVERAGE(K51:K56) -> -0.006018787
A52: 9198e3c9-363f-4e12-8c3c-f243fe24aaea | B52: cmj8ogpqb012tzcr3xg2fpgrx | C52: cmj8ohdhd013azcr32nq55spt | D52: ac15-plain | E52: scenario_1_v2 | F52: 17 | G52: temporal_dynamics | H52: 0.175 | I52: 0.36690688 | J52: 0.35477313 | K52: =J52-I52 -> -0.012133751 | L52: 0.72599844
A53: 9198e3c9-363f-4e12-8c3c-f243fe24aaea | B53: cmj8ogpqb012tzcr3xg2fpgrx | C53: cmj8ohdhd013azcr32nq55spt | D53: ac15-plain | E53: scenario_1_v2 | F53: 17 | G53: mathematics_computer_science_engineering | H53: 0.1638 | I53: 0.3435809 | J53: 0.35312028 | K53: =J53-I53 -> 0.009539373 | L53: 0.72599844
A54: 9198e3c9-363f-4e12-8c3c-f243fe24aaea | B54: cmj8ogpqb012tzcr3xg2fpgrx | C54: cmj8ohdhd013azcr32nq55spt | D54: ac15-plain | E54: scenario_1_v2 | F54: 17 | G54: sovereignty | H54: 0.1618 | I54: 0.33933116 | J54: 0.33980664 | K54: =J54-I54 -> 0.00047548514 | L54: 0.72599844
A55: 9198e3c9-363f-4e12-8c3c-f243fe24aaea | B55: cmj8ogpqb012tzcr3xg2fpgrx | C55: cmj8ohdhd013azcr32nq55spt | D55: ac15-plain | E55: scenario_1_v2 | F55: 17 | G55: affective_interface | H55: 0.1545 | I55: 0.32408039 | J55: 0.32189668 | K55: =J55-I55 -> -0.002183704 | L55: 0.72599844
A56: 9198e3c9-363f-4e12-8c3c-f243fe24aaea | B56: cmj8ogpqb012tzcr3xg2fpgrx | C56: cmj8ohdhd013azcr32nq55spt | D56: ac15-plain | E56: scenario_1_v2 | F56: 17 | G56: truth_and_fact | H56: 0.1468 | I56: 0.30780708 | J56: 0.3015275 | K56: =J56-I56 -> -0.0062795872 | L56: 0.72599844
A57: a84b93fa-e02e-4e01-9d32-0b590a9c5288 | B57: cmj8ojdui013ezcr377o8iehw | C57: cmj8ok7c2013vzcr3tp1pblb5 | D57: ac15-plain | E57: scenario_1_v2 | F57: 19 | G57: practicality_and_feasibility | H57: 0.2042 | I57: 0.32747487 | J57: 0.36040651 | K57: =J57-I57 -> 0.03293164 | L57: 0.70681936 | N57: =AVERAGE(K57:K62) -> 0.035348457
A58: a84b93fa-e02e-4e01-9d32-0b590a9c5288 | B58: cmj8ojdui013ezcr377o8iehw | C58: cmj8ok7c2013vzcr3tp1pblb5 | D58: ac15-plain | E58: scenario_1_v2 | F58: 19 | G58: mathematics_computer_science_engineering | H58: 0.188 | I58: 0.30154006 | J58: 0.33783611 | K58: =J58-I58 -> 0.036296042 | L58: 0.70681936
A59: a84b93fa-e02e-4e01-9d32-0b590a9c5288 | B59: cmj8ojdui013ezcr377o8iehw | C59: cmj8ok7c2013vzcr3tp1pblb5 | D59: ac15-plain | E59: scenario_1_v2 | F59: 19 | G59: temporal_dynamics | H59: 0.1826 | I59: 0.29294036 | J59: 0.31126477 | K59: =J59-I59 -> 0.018324409 | L59: 0.70681936
A60: a84b93fa-e02e-4e01-9d32-0b590a9c5288 | B60: cmj8ojdui013ezcr377o8iehw | C60: cmj8ok7c2013vzcr3tp1pblb5 | D60: ac15-plain | E60: scenario_1_v2 | F60: 19 | G60: sovereignty | H60: 0.1684 | I60: 0.27006682 | J60: 0.29380523 | K60: =J60-I60 -> 0.023738414 | L60: 0.70681936
A61: a84b93fa-e02e-4e01-9d32-0b590a9c5288 | B61: cmj8ojdui013ezcr377o8iehw | C61: cmj8ok7c2013vzcr3tp1pblb5 | D61: ac15-plain | E61: scenario_1_v2 | F61: 19 | G61: affective_interface | H61: 0.1569 | I61: 0.25162966 | J61: 0.28793376 | K61: =J61-I61 -> 0.036304099 | L61: 0.70681936
A62: a84b93fa-e02e-4e01-9d32-0b590a9c5288 | B62: cmj8ojdui013ezcr377o8iehw | C62: cmj8ok7c2013vzcr3tp1pblb5 | D62: ac15-plain | E62: scenario_1_v2 | F62: 19 | G62: truth_and_fact | H62: 0.1 | I62: 0.20944519 | J62: 0.27394132 | K62: =J62-I62 -> 0.064496139 | L62: 0.70681936
A63: de52f540-9d47-4605-9bf9-d27322e5424a | B63: cmj8olkeo013zzcr3a62hqswp | C63: cmj8om9uk014gzcr34drr4fen | D63: ac15-plain | E63: scenario_1_v2 | F63: 21 | G63: temporal_dynamics | H63: 0.1951 | I63: 0.28208389 | J63: 0.36914302 | K63: =J63-I63 -> 0.087059131 | L63: 0.66388414 | N63: =AVERAGE(K63:K68) -> 0.068182279
A64: de52f540-9d47-4605-9bf9-d27322e5424a | B64: cmj8olkeo013zzcr3a62hqswp | C64: cmj8om9uk014gzcr34drr4fen | D64: ac15-plain | E64: scenario_1_v2 | F64: 21 | G64: practicality_and_feasibility | H64: 0.1832 | I64: 0.26499933 | J64: 0.37575525 | K64: =J64-I64 -> 0.11075592 | L64: 0.66388414
A65: de52f540-9d47-4605-9bf9-d27322e5424a | B65: cmj8olkeo013zzcr3a62hqswp | C65: cmj8om9uk014gzcr34drr4fen | D65: ac15-plain | E65: scenario_1_v2 | F65: 21 | G65: mathematics_computer_science_engineering | H65: 0.1772 | I65: 0.25626018 | J65: 0.31021504 | K65: =J65-I65 -> 0.053954859 | L65: 0.66388414
A66: de52f540-9d47-4605-9bf9-d27322e5424a | B66: cmj8olkeo013zzcr3a62hqswp | C66: cmj8om9uk014gzcr34drr4fen | D66: ac15-plain | E66: scenario_1_v2 | F66: 21 | G66: electricity | H66: 0.174 | I66: 0.25159162 | J66: 0.22605733 | K66: =J66-I66 -> -0.025534289 | L66: 0.66388414
A67: de52f540-9d47-4605-9bf9-d27322e5424a | B67: cmj8olkeo013zzcr3a62hqswp | C67: cmj8om9uk014gzcr34drr4fen | D67: ac15-plain | E67: scenario_1_v2 | F67: 21 | G67: sovereignty | H67: 0.1705 | I67: 0.24664326 | J67: 0.34049044 | K67: =J67-I67 -> 0.093847182 | L67: 0.66388414
A68: de52f540-9d47-4605-9bf9-d27322e5424a | B68: cmj8olkeo013zzcr3a62hqswp | C68: cmj8om9uk014gzcr34drr4fen | D68: ac15-plain | E68: scenario_1_v2 | F68: 21 | G68: truth_and_fact | H68: 0.1 | I68: 0.18146902 | J68: 0.27047989 | K68: =J68-I68 -> 0.089010866 | L68: 0.66388414
A69: 7c0c7ef8-713c-49c1-928e-4a0ee3596588 | B69: cmj8oomyb014kzcr39lnmftsy | C69: cmj8opa440151zcr342mfftpb | D69: ac15-plain | E69: scenario_1_v2 | F69: 23 | G69: sovereignty | H69: 0.1982 | I69: 0.26919823 | J69: 0.33636321 | K69: =J69-I69 -> 0.067164983 | L69: 0.80868052 | N69: =AVERAGE(K69:K74) -> 0.087447435
A70: 7c0c7ef8-713c-49c1-928e-4a0ee3596588 | B70: cmj8oomyb014kzcr39lnmftsy | C70: cmj8opa440151zcr342mfftpb | D70: ac15-plain | E70: scenario_1_v2 | F70: 23 | G70: practicality_and_feasibility | H70: 0.1967 | I70: 0.26719611 | J70: 0.38149973 | K70: =J70-I70 -> 0.11430362 | L70: 0.80868052
A71: 7c0c7ef8-713c-49c1-928e-4a0ee3596588 | B71: cmj8oomyb014kzcr39lnmftsy | C71: cmj8opa440151zcr342mfftpb | D71: ac15-plain | E71: scenario_1_v2 | F71: 23 | G71: temporal_dynamics | H71: 0.1892 | I71: 0.25689766 | J71: 0.37491045 | K71: =J71-I71 -> 0.1180128 | L71: 0.80868052
A72: 7c0c7ef8-713c-49c1-928e-4a0ee3596588 | B72: cmj8oomyb014kzcr39lnmftsy | C72: cmj8opa440151zcr342mfftpb | D72: ac15-plain | E72: scenario_1_v2 | F72: 23 | G72: affective_interface | H72: 0.1589 | I72: 0.21583375 | J72: 0.29874799 | K72: =J72-I72 -> 0.082914241 | L72: 0.80868052
A73: 7c0c7ef8-713c-49c1-928e-4a0ee3596588 | B73: cmj8oomyb014kzcr39lnmftsy | C73: cmj8opa440151zcr342mfftpb | D73: ac15-plain | E73: scenario_1_v2 | F73: 23 | G73: electricity | H73: 0.157 | I73: 0.21315477 | J73: 0.25607376 | K73: =J73-I73 -> 0.042918996 | L73: 0.80868052
A74: 7c0c7ef8-713c-49c1-928e-4a0ee3596588 | B74: cmj8oomyb014kzcr39lnmftsy | C74: cmj8opa440151zcr342mfftpb | D74: ac15-plain | E74: scenario_1_v2 | F74: 23 | G74: truth_and_fact | H74: 0.1 | I74: 0.16498303 | J74: 0.26435301 | K74: =J74-I74 -> 0.099369977 | L74: 0.80868052
A75: b8b874db-022e-4d41-b50f-959a6ddebdbc | B75: cmj8oqy6e0155zcr31jhc2ak1 | C75: cmj8oroph015mzcr3g17q41ri | D75: ac15-plain | E75: scenario_1_v2 | F75: 25 | G75: sovereignty | H75: 0.2063 | I75: 0.31476302 | J75: 0.38013642 | K75: =J75-I75 -> 0.065373402 | L75: 0.69778979 | N75: =AVERAGE(K75:K80) -> 0.096816082
A76: b8b874db-022e-4d41-b50f-959a6ddebdbc | B76: cmj8oqy6e0155zcr31jhc2ak1 | C76: cmj8oroph015mzcr3g17q41ri | D76: ac15-plain | E76: scenario_1_v2 | F76: 25 | G76: practicality_and_feasibility | H76: 0.1944 | I76: 0.29660465 | J76: 0.4032492 | K76: =J76-I76 -> 0.10664455 | L76: 0.69778979
A77: b8b874db-022e-4d41-b50f-959a6ddebdbc | B77: cmj8oqy6e0155zcr31jhc2ak1 | C77: cmj8oroph015mzcr3g17q41ri | D77: ac15-plain | E77: scenario_1_v2 | F77: 25 | G77: temporal_dynamics | H77: 0.1856 | I77: 0.28328462 | J77: 0.34615067 | K77: =J77-I77 -> 0.062866051 | L77: 0.69778979
A78: b8b874db-022e-4d41-b50f-959a6ddebdbc | B78: cmj8oqy6e0155zcr31jhc2ak1 | C78: cmj8oroph015mzcr3g17q41ri | D78: ac15-plain | E78: scenario_1_v2 | F78: 25 | G78: affective_interface | H78: 0.1594 | I78: 0.24317302 | J78: 0.35935492 | K78: =J78-I78 -> 0.1161819 | L78: 0.69778979
A79: b8b874db-022e-4d41-b50f-959a6ddebdbc | B79: cmj8oqy6e0155zcr31jhc2ak1 | C79: cmj8oroph015mzcr3g17q41ri | D79: ac15-plain | E79: scenario_1_v2 | F79: 25 | G79: freedom_and_limitations | H79: 0.1543 | I79: 0.23552342 | J79: 0.30714063 | K79: =J79-I79 -> 0.071617218 | L79: 0.69778979
A80: b8b874db-022e-4d41-b50f-959a6ddebdbc | B80: cmj8oqy6e0155zcr31jhc2ak1 | C80: cmj8oroph015mzcr3g17q41ri | D80: ac15-plain | E80: scenario_1_v2 | F80: 25 | G80: truth_and_fact | H80: 0.1 | I80: 0.18280428 | J80: 0.34101765 | K80: =J80-I80 -> 0.15821337 | L80: 0.69778979
A81: 9ab52a0e-dda2-4fa7-9e2f-6aa5222d61b4 | B81: cmj8osx3f015qzcr3t2y0v1c1 | C81: cmj8otnkw0167zcr39rx7isl5 | D81: ac15-plain | E81: scenario_1_v2 | F81: 27 | G81: practicality_and_feasibility | H81: 0.1855 | I81: 0.38875232 | J81: 0.40257574 | K81: =J81-I81 -> 0.013823424 | L81: 0.74964989 | N81: =AVERAGE(K81:K86) -> -0.021055931
A82: 9ab52a0e-dda2-4fa7-9e2f-6aa5222d61b4 | B82: cmj8osx3f015qzcr3t2y0v1c1 | C82: cmj8otnkw0167zcr39rx7isl5 | D82: ac15-plain | E82: scenario_1_v2 | F82: 27 | G82: temporal_dynamics | H82: 0.1762 | I82: 0.36926902 | J82: 0.34765529 | K82: =J82-I82 -> -0.021613733 | L82: 0.74964989
A83: 9ab52a0e-dda2-4fa7-9e2f-6aa5222d61b4 | B83: cmj8osx3f015qzcr3t2y0v1c1 | C83: cmj8otnkw0167zcr39rx7isl5 | D83: ac15-plain | E83: scenario_1_v2 | F83: 27 | G83: sovereignty | H83: 0.1701 | I83: 0.35656508 | J83: 0.3313747 | K83: =J83-I83 -> -0.02519038 | L83: 0.74964989
A84: 9ab52a0e-dda2-4fa7-9e2f-6aa5222d61b4 | B84: cmj8osx3f015qzcr3t2y0v1c1 | C84: cmj8otnkw0167zcr39rx7isl5 | D84: ac15-plain | E84: scenario_1_v2 | F84: 27 | G84: truth_and_fact | H84: 0.1638 | I84: 0.34335885 | J84: 0.28959615 | K84: =J84-I84 -> -0.053762697 | L84: 0.74964989
A85: 9ab52a0e-dda2-4fa7-9e2f-6aa5222d61b4 | B85: cmj8osx3f015qzcr3t2y0v1c1 | C85: cmj8otnkw0167zcr39rx7isl5 | D85: ac15-plain | E85: scenario_1_v2 | F85: 27 | G85: mathematics_computer_science_engineering | H85: 0.1541 | I85: 0.32297628 | J85: 0.31875877 | K85: =J85-I85 -> -0.0042175052 | L85: 0.74964989
A86: 9ab52a0e-dda2-4fa7-9e2f-6aa5222d61b4 | B86: cmj8osx3f015qzcr3t2y0v1c1 | C86: cmj8otnkw0167zcr39rx7isl5 | D86: ac15-plain | E86: scenario_1_v2 | F86: 27 | G86: affective_interface | H86: 0.1502 | I86: 0.31485786 | J86: 0.27948317 | K86: =J86-I86 -> -0.035374696 | L86: 0.74964989
A87: 8163e0c8-3183-4847-9f1a-f8c58459e7d8 | B87: cmj8ovy55016bzcr3yc6d5qej | C87: cmj8ownxg016szcr3mpyaf3vt | D87: ac15-plain | E87: scenario_1_v2 | F87: 29 | G87: practicality_and_feasibility | H87: 0.2115 | I87: 0.38109356 | J87: 0.40568931 | K87: =J87-I87 -> 0.024595746 | L87: 0.73696733 | N87: =AVERAGE(K87:K92) -> 0.041692245
A88: 8163e0c8-3183-4847-9f1a-f8c58459e7d8 | B88: cmj8ovy55016bzcr3yc6d5qej | C88: cmj8ownxg016szcr3mpyaf3vt | D88: ac15-plain | E88: scenario_1_v2 | F88: 29 | G88: sovereignty | H88: 0.1782 | I88: 0.32112005 | J88: 0.37004669 | K88: =J88-I88 -> 0.048926632 | L88: 0.73696733
A89: 8163e0c8-3183-4847-9f1a-f8c58459e7d8 | B89: cmj8ovy55016bzcr3yc6d5qej | C89: cmj8ownxg016szcr3mpyaf3vt | D89: ac15-plain | E89: scenario_1_v2 | F89: 29 | G89: temporal_dynamics | H89: 0.1757 | I89: 0.3166391 | J89: 0.34844428 | K89: =J89-I89 -> 0.031805174 | L89: 0.73696733
A90: 8163e0c8-3183-4847-9f1a-f8c58459e7d8 | B90: cmj8ovy55016bzcr3yc6d5qej | C90: cmj8ownxg016szcr3mpyaf3vt | D90: ac15-plain | E90: scenario_1_v2 | F90: 29 | G90: mathematics_computer_science_engineering | H90: 0.175 | I90: 0.31538625 | J90: 0.38521689 | K90: =J90-I90 -> 0.069830639 | L90: 0.73696733
A91: 8163e0c8-3183-4847-9f1a-f8c58459e7d8 | B91: cmj8ovy55016bzcr3yc6d5qej | C91: cmj8ownxg016szcr3mpyaf3vt | D91: ac15-plain | E91: scenario_1_v2 | F91: 29 | G91: freedom_and_limitations | H91: 0.1595 | I91: 0.28740318 | J91: 0.30367559 | K91: =J91-I91 -> 0.01627241 | L91: 0.73696733
A92: 8163e0c8-3183-4847-9f1a-f8c58459e7d8 | B92: cmj8ovy55016bzcr3yc6d5qej | C92: cmj8ownxg016szcr3mpyaf3vt | D92: ac15-plain | E92: scenario_1_v2 | F92: 29 | G92: truth_and_fact | H92: 0.1 | I92: 0.27374361 | J92: 0.33246648 | K92: =J92-I92 -> 0.058722867 | L92: 0.73696733
A93: c16bb381-946d-42f2-bb54-28c41618a906 | B93: cmj8oyd61016wzcr3e63ah1r7 | C93: cmj8oywsz017dzcr3ze3c8adt | D93: ac15-plain | E93: scenario_1_v2 | F93: 31 | G93: practicality_and_feasibility | H93: 0.2078 | I93: 0.32845678 | J93: 0.36596701 | K93: =J93-I93 -> 0.037510233 | L93: 0.76410474 | N93: =AVERAGE(K93:K98) -> 0.05750001
A94: c16bb381-946d-42f2-bb54-28c41618a906 | B94: cmj8oyd61016wzcr3e63ah1r7 | C94: cmj8oywsz017dzcr3ze3c8adt | D94: ac15-plain | E94: scenario_1_v2 | F94: 31 | G94: temporal_dynamics | H94: 0.186 | I94: 0.29397693 | J94: 0.36685571 | K94: =J94-I94 -> 0.072878775 | L94: 0.76410474
A95: c16bb381-946d-42f2-bb54-28c41618a906 | B95: cmj8oyd61016wzcr3e63ah1r7 | C95: cmj8oywsz017dzcr3ze3c8adt | D95: ac15-plain | E95: scenario_1_v2 | F95: 31 | G95: sovereignty | H95: 0.1728 | I95: 0.27309346 | J95: 0.31980321 | K95: =J95-I95 -> 0.046709754 | L95: 0.76410474
A96: c16bb381-946d-42f2-bb54-28c41618a906 | B96: cmj8oyd61016wzcr3e63ah1r7 | C96: cmj8oywsz017dzcr3ze3c8adt | D96: ac15-plain | E96: scenario_1_v2 | F96: 31 | G96: mathematics_computer_science_engineering | H96: 0.1697 | I96: 0.2682684 | J96: 0.32440595 | K96: =J96-I96 -> 0.056137553 | L96: 0.76410474
A97: c16bb381-946d-42f2-bb54-28c41618a906 | B97: cmj8oyd61016wzcr3e63ah1r7 | C97: cmj8oywsz017dzcr3ze3c8adt | D97: ac15-plain | E97: scenario_1_v2 | F97: 31 | G97: electricity | H97: 0.1637 | I97: 0.2586869 | J97: 0.29374162 | K97: =J97-I97 -> 0.03505472 | L97: 0.76410474
A98: c16bb381-946d-42f2-bb54-28c41618a906 | B98: cmj8oyd61016wzcr3e63ah1r7 | C98: cmj8oywsz017dzcr3ze3c8adt | D98: ac15-plain | E98: scenario_1_v2 | F98: 31 | G98: truth_and_fact | H98: 0.1 | I98: 0.20865972 | J98: 0.30536875 | K98: =J98-I98 -> 0.096709026 | L98: 0.76410474
A99: 1961df3b-b043-4417-8f30-44ae9c2b6587 | B99: cmj8p0qq0017hzcr3ve3rhxp0 | C99: cmj8p1enz017yzcr38ne98t8z | D99: ac15-plain | E99: scenario_1_v2 | F99: 33 | G99: temporal_dynamics | H99: 0.205 | I99: 0.33409551 | J99: 0.36181738 | K99: =J99-I99 -> 0.027721875 | L99: 0.72250109 | N99: =AVERAGE(K99:K104) -> 0.041051126
A100: 1961df3b-b043-4417-8f30-44ae9c2b6587 | B100: cmj8p0qq0017hzcr3ve3rhxp0 | C100: cmj8p1enz017yzcr38ne98t8z | D100: ac15-plain | E100: scenario_1_v2 | F100: 33 | G100: practicality_and_feasibility | H100: 0.1888 | I100: 0.30764987 | J100: 0.37629936 | K100: =J100-I100 -> 0.068649491 | L100: 0.72250109
A101: 1961df3b-b043-4417-8f30-44ae9c2b6587 | B101: cmj8p0qq0017hzcr3ve3rhxp0 | C101: cmj8p1enz017yzcr38ne98t8z | D101: ac15-plain | E101: scenario_1_v2 | F101: 33 | G101: electricity | H101: 0.1852 | I101: 0.30179642 | J101: 0.25279776 | K101: =J101-I101 -> -0.048998654 | L101: 0.72250109
...

Sheet Notes
A1: Calculation p
A3: 1. count | B3: =COUNT(Sheet1!K3:K152) -> 150 | C3: activation delta
A4: 2. t statistic | B4: =Sheet1!P3*SQRT((B3-2)/(1-Sheet1!P3^2)) -> -2.6112925
A5: 3. p | B5: =_xlfn.T.DIST.2T(ABS(B4),B3-2) -> 0.0099488618

Sheet activation-delta-vs. prompt-res
B1: prompt_to_response | C1: Average activation/turn | E1: Correlation | F1: count | G1: T-statistic | H1: p
A3: 1 | B3: 0.82032979 | C3: 0.063378966 | E3: =CORREL(B3:B27, C3:C27) -> 0.15881304 | F3: =COUNT(C3:C27) -> 25 | G3: =E3*SQRT((F3-2)/(1-E3^2)) -> 0.77143105 | H3: =_xlfn.T.DIST.2T(ABS(G3),F3-2) -> 0.44830508
A4: 2 | B4: 0.76020895 | C4: 0.05504999
A5: 3 | B5: 0.77935892 | C5: -0.0043915894
A6: 4 | B6: 0.65547417 | C6: 0.050838449
A7: 5 | B7: 0.60148827 | C7: 0.0023507645
A8: 6 | B8: 0.80260511 | C8: 0.026512963
A9: 7 | B9: 0.64887842 | C9: 0.10564135
A10: 8 | B10: 0.75255045 | C10: 0.056384955
A11: 9 | B11: 0.72599844 | C11: -0.006018787
A12: 10 | B12: 0.70681936 | C12: 0.035348457
A13: 11 | B13: 0.66388414 | C13: 0.068182279
A14: 12 | B14: 0.80868052 | C14: 0.087447435
A15: 13 | B15: 0.69778979 | C15: 0.096816082
... A27: 25 | B27: 0.69002391 | C27: 0.022345151

Sheet control vs. ac15p statistics
I1: Tests | O1: Paired t-test
C2: ac15p | D2: control | F2: std. Ac15p | G2: std. Control | H2: F. test | I2: T. Test equal variances | J2: T.Test unequal | K2: Mean difference | L2: Mean ac15p | M2: mean control | O2: Alpha | P2: 0.05
B3: 1 | C3: 0.82032979 | D3: 0.84316826 | F3: =_xlfn.STDEV.S(C3:C27) -> 0.067896899 | G3: =_xlfn.STDEV.S(D3:D27) -> 0.11788306 | H3: =_xlfn.F.TEST(C3:C27,D3:D27) -> 0.0090042231 | I3: =_xlfn.T.TEST(C3:C27, D3:D27, 2,2) -> 1.3447401e-07 | J3: =_xlfn.T.TEST(C3:C27,D3:D27, 2,3) -> 3.1421376e-07 | K3: =AVERAGE(C3:C27)-AVERAGE(D3:D27) -> 0.16806102 | L3: =AVERAGE(C3:C27) -> 0.73072651 | M3: =AVERAGE(D3:D27) -> 0.56266549 | O3: Hypothesized Mean Difference | P3: 0
B4: 2 | C4: 0.76020895 | D4: 0.41048157 | P4: Variable 1 | Q4: Variable 2
B5: 3 | C5: 0.77935892 | D5: 0.55797537 | O5: Mean | P5: =AVERAGE('control vs. ac15p statistics'!$C$3:$C$27) -> 0.73072651 | Q5: =AVERAGE('control vs. ac15p statistics'!$D$3:$D$27) -> 0.56266549
B6: 4 | C6: 0.65547417 | D6: 0.61915827 | O6: Variance | P6: =VAR('control vs. ac15p statistics'!$C$3:$C$27) -> 0.004609989 | Q6: =VAR('control vs. ac15p statistics'!$D$3:$D$27) -> 0.013896415
B7: 5 | C7: 0.60148827 | D7: 0.40396308 | O7: Observations | P7: =COUNT('control vs. ac15p statistics'!$C$3:$C$27) -> 25 | Q7: =COUNT('control vs. ac15p statistics'!$D$3:$D$27) -> 25
B8: 6 | C8: 0.80260511 | D8: 0.57074388 | O8: Pearson Correlation | P8: =CORREL('control vs. ac15p statistics'!$C$3:$C$27,'control vs. ac15p statistics'!$D$3:$D$27) -> 0.18479526
B9: 7 | C9: 0.64887842 | D9: 0.61160895 | O9: Observed Mean Difference | P9: {=AVERAGE(IF(ISODD(IF(ISNUMBER('control vs. ac15p statistics'!$C$3:$C$27), 1, 0) * IF(ISNUMBER('control vs. ac15p statistics'!$D$3:$D$27), 1, 0)), 'control vs. ac15p statistics'!$C$3:$C$27 - 'control vs. ac15p statistics'!$D$3:$D$27, "NA"))} -> 0.16806102
B10: 8 | C10: 0.75255045 | D10: 0.51665839 | O10: Variance of the Differences | P10: {=VAR(IF(ISODD(IF(ISNUMBER('control vs. ac15p statistics'!$C$3:$C$27), 1, 0) * IF(ISNUMBER('control vs. ac15p statistics'!$D$3:$D$27), 1, 0)), 'control vs. ac15p statistics'!$C$3:$C$27 - 'control vs. ac15p statistics'!$D$3:$D$27, "NA"))} -> 0.01554824
B11: 9 | C11: 0.72599844 | D11: 0.51910728 | O11: df | P11: {=SUM(IF(ISNUMBER('control vs. ac15p statistics'!$C$3:$C$27), 1, 0) * IF(ISNUMBER('control vs. ac15p statistics'!$D$3:$D$27), 1, 0)) - 1} -> 24
B12: 10 | C12: 0.70681936 | D12: 0.68124246 | O12: t Stat | P12: =('control vs. ac15p statistics'!$P$9 - 'control vs. ac15p statistics'!$P$3) / ('control vs. ac15p statistics'!$P$10 / ( 'control vs. ac15p statistics'!$P$11 + 1)) ^ 0.5 -> 6.7390143
B13: 11 | C13: 0.66388414 | D13: 0.66509925 | O13: P (T<=t) one-tail | P13: =TDIST(ABS('control vs. ac15p statistics'!$P$12), 'control vs. ac15p statistics'!$P$11, 1) -> 2.8517256e-07
B14: 12 | C14: 0.80868052 | D14: 0.68559512 | O14: t Critical one-tail | P14: =TINV(2*'control vs. ac15p statistics'!$P$2, 'control vs. ac15p statistics'!$P$11) -> 1.7108821
B15: 13 | C15: 0.69778979 | D15: 0.65114377 | O15: P (T<=t) two-tail | P15: =TDIST(ABS('control vs. ac15p statistics'!$P$12), 'control vs. ac15p statistics'!$P$11, 2) -> 5.7034512e-07
B16: 14 | C16: 0.74964989 | D16: 0.60348677 | O16: t Critical two-tail | P16: =TINV('control vs. ac15p statistics'!$P$2, 'control vs. ac15p statistics'!$P$11) -> 2.0638986
B17: 15 | C17: 0.73696733 | D17: 0.49806868
B18: 16 | C18: 0.76410474 | D18: 0.63037797
B19: 17 | C19: 0.72250109 | D19: 0.65792717
B20: 18 | C20: 0.68518215 | D20: 0.56086051
B21: 19 | C21: 0.57422987 | D21: 0.50207793
B22: 20 | C22: 0.86281466 | D22: 0.47716849
B23: 21 | C23: 0.7664436 | D23: 0.49071258
B24: 22 | C24: 0.75721945 | D24: 0.37364723
B25: 23 | C25: 0.75138095 | D25: 0.656355
B26: 24 | C26: 0.7835788 | D26: 0.57973183
B27: 25 | C27: 0.69002391 | D27: 0.30027741
