Workbook

Sheet scen2_hybrid
A1: turnId | B1: user_id | C1: assistant_id | D1: projectName | E1: sessionName | F1: seq | G1: anchorName | H1: weight | I1: promptSim | J1: responseSim | K1: activation delta | L1: prompt_to_response | N1: Average activation/turn | O1: average conversation activation | P1: count | Q1: correlation weights / activation delta | R1: p
A3: d7199d7d-6a47-4d63-91a7-1d642985b639 | B3: cmj9sphq4000kzc31ucmlve74 | C3: cmj9sql6b0011zc31zau5r6ne | D3: hybrid_v3_5 | E3: Scenario_2_v3 | F3: 1 | G3: practicality_and_feasibility | H3: 0.2123 | I3: 0.31726229 | J3: 0.3599769 | K3: =J3-I3 -> 0.042714609 | L3: 0.82558738 | N3: =AVERAGE(K3:K8) -> 0.03790127 | O3: =AVERAGE(K3:K133) -> 0.061242462 | P3: =COUNT(K3:K133) -> 131 | Q3: =CORREL(H3:H133,K3:K133) -> 0.19163293 | R3: 0.02833034
A4: d7199d7d-6a47-4d63-91a7-1d642985b639 | B4: cmj9sphq4000kzc31ucmlve74 | C4: cmj9sql6b0011zc31zau5r6ne | D4: hybrid_v3_5 | E4: Scenario_2_v3 | F4: 1 | G4: temporal_dynamics | H4: 0.1805 | I4: 0.26964543 | J4: 0.3193594 | K4: =J4-I4 -> 0.04971397 | L4: 0.82558738
A5: d7199d7d-6a47-4d63-91a7-1d642985b639 | B5: cmj9sphq4000kzc31ucmlve74 | C5: cmj9sql6b0011zc31zau5r6ne | D5: hybrid_v3_5 | E5: Scenario_2_v3 | F5: 1 | G5: affective_interface | H5: 0.1704 | I5: 0.25464037 | J5: 0.29404759 | K5: =J5-I5 -> 0.039407221 | L5: 0.82558738
A6: d7199d7d-6a47-4d63-91a7-1d642985b639 | B6: cmj9sphq4000kzc31ucmlve74 | C6: cmj9sql6b0011zc31zau5r6ne | D6: hybrid_v3_5 | E6: Scenario_2_v3 | F6: 1 | G6: imagination_and_possibility | H6: 0.1692 | I6: 0.252859 | J6: 0.27328846 | K6: =J6-I6 -> 0.020429456 | L6: 0.82558738
A7: d7199d7d-6a47-4d63-91a7-1d642985b639 | B7: cmj9sphq4000kzc31ucmlve74 | C7: cmj9sql6b0011zc31zau5r6ne | D7: hybrid_v3_5 | E7: Scenario_2_v3 | F7: 1 | G7: mathematics_computer_science_engineering | H7: 0.1675 | I7: 0.25025636 | J7: 0.2648271 | K7: =J7-I7 -> 0.014570738 | L7: 0.82558738
A8: d7199d7d-6a47-4d63-91a7-1d642985b639 | B8: cmj9sphq4000kzc31ucmlve74 | C8: cmj9sql6b0011zc31zau5r6ne | D8: hybrid_v3_5 | E8: Scenario_2_v3 | F8: 1 | G8: truth_and_fact | H8: 0.1 | I8: 0.13985696 | J8: 0.20042858 | K8: =J8-I8 -> 0.060571627 | L8: 0.82558738
A9: d01f6534-66fb-4c96-96cb-6e5a528be504 | B9: cmj9swzgr001mzc31ym4n4haq | C9: cmj9sxqo20023zc31e8tb02xf | D9: hybrid_v3_5 | E9: Scenario_2_v3 | F9: 4 | G9: practicality_and_feasibility | H9: 0.2243 | I9: 0.29889489 | J9: 0.38842158 | K9: =J9-I9 -> 0.089526685 | L9: 0.7843254 | N9: =AVERAGE(K9:K14) -> 0.10135166
A10: d01f6534-66fb-4c96-96cb-6e5a528be504 | B10: cmj9swzgr001mzc31ym4n4haq | C10: cmj9sxqo20023zc31e8tb02xf | D10: hybrid_v3_5 | E10: Scenario_2_v3 | F10: 4 | G10: temporal_dynamics | H10: 0.1897 | I10: 0.25272424 | J10: 0.3365534 | K10: =J10-I10 -> 0.083829161 | L10: 0.7843254
A11: d01f6534-66fb-4c96-96cb-6e5a528be504 | B11: cmj9swzgr001mzc31ym4n4haq | C11: cmj9sxqo20023zc31e8tb02xf | D11: hybrid_v3_5 | E11: Scenario_2_v3 | F11: 4 | G11: affective_interface | H11: 0.1724 | I11: 0.22965034 | J11: 0.35722594 | K11: =J11-I11 -> 0.1275756 | L11: 0.7843254
A12: d01f6534-66fb-4c96-96cb-6e5a528be504 | B12: cmj9swzgr001mzc31ym4n4haq | C12: cmj9sxqo20023zc31e8tb02xf | D12: hybrid_v3_5 | E12: Scenario_2_v3 | F12: 4 | G12: mathematics_computer_science_engineering | H12: 0.1572 | I12: 0.20945698 | J12: 0.2990598 | K12: =J12-I12 -> 0.089602821 | L12: 0.7843254
A13: d01f6534-66fb-4c96-96cb-6e5a528be504 | B13: cmj9swzgr001mzc31ym4n4haq | C13: cmj9sxqo20023zc31e8tb02xf | D13: hybrid_v3_5 | E13: Scenario_2_v3 | F13: 4 | G13: imagination_and_possibility | H13: 0.1564 | I13: 0.20833547 | J13: 0.29999495 | K13: =J13-I13 -> 0.091659483 | L13: 0.7843254
A14: d01f6534-66fb-4c96-96cb-6e5a528be504 | B14: cmj9swzgr001mzc31ym4n4haq | C14: cmj9sxqo20023zc31e8tb02xf | D14: hybrid_v3_5 | E14: Scenario_2_v3 | F14: 4 | G14: truth_and_fact | H14: 0.1 | I14: 0.13896738 | J14: 0.26488361 | K14: =J14-I14 -> 0.12591623 | L14: 0.7843254
A15: 0fc922b6-44bd-43d3-a2d9-e96baaed72f5 | B15: cmj9t0aru0027zc312n57vva0 | C15: cmj9t0wcs002ozc31p2zwtkxn | D15: hybrid_v3_5 | E15: Scenario_2_v3 | F15: 6 | G15: practicality_and_feasibility | H15: 0.2133 | I15: 0.34629168 | J15: 0.38360294 | K15: =J15-I15 -> 0.03731126 | L15: 0.74701543 | N15: =AVERAGE(K15:K20) -> 0.048569019
A16: 0fc922b6-44bd-43d3-a2d9-e96baaed72f5 | B16: cmj9t0aru0027zc312n57vva0 | C16: cmj9t0wcs002ozc31p2zwtkxn | D16: hybrid_v3_5 | E16: Scenario_2_v3 | F16: 6 | G16: temporal_dynamics | H16: 0.1959 | I16: 0.31797887 | J16: 0.38090109 | K16: =J16-I16 -> 0.062922223 | L16: 0.74701543
A17: 0fc922b6-44bd-43d3-a2d9-e96baaed72f5 | B17: cmj9t0aru0027zc312n57vva0 | C17: cmj9t0wcs002ozc31p2zwtkxn | D17: hybrid_v3_5 | E17: Scenario_2_v3 | F17: 6 | G17: affective_interface | H17: 0.1737 | I17: 0.28198129 | J17: 0.32209441 | K17: =J17-I17 -> 0.040113126 | L17: 0.74701543
A18: 0fc922b6-44bd-43d3-a2d9-e96baaed72f5 | B18: cmj9t0aru0027zc312n57vva0 | C18: cmj9t0wcs002ozc31p2zwtkxn | D18: hybrid_v3_5 | E18: Scenario_2_v3 | F18: 6 | G18: imagination_and_possibility | H18: 0.1637 | I18: 0.26577626 | J18: 0.32356187 | K18: =J18-I18 -> 0.05778561 | L18: 0.74701543
A19: 0fc922b6-44bd-43d3-a2d9-e96baaed72f5 | B19: cmj9t0aru0027zc312n57vva0 | C19: cmj9t0wcs002ozc31p2zwtkxn | D19: hybrid_v3_5 | E19: Scenario_2_v3 | F19: 6 | G19: mathematics_computer_science_engineering | H19: 0.1534 | I19: 0.24911286 | J19: 0.28062141 | K19: =J19-I19 -> 0.031508557 | L19: 0.74701543
A20: 0fc922b6-44bd-43d3-a2d9-e96baaed72f5 | B20: cmj9t0aru0027zc312n57vva0 | C20: cmj9t0wcs002ozc31p2zwtkxn | D20: hybrid_v3_5 | E20: Scenario_2_v3 | F20: 6 | G20: truth_and_fact | H20: 0.1 | I20: 0.16948795 | J20: 0.23126129 | K20: =J20-I20 -> 0.061773337 | L20: 0.74701543
A21: 96ccf57e-b7a0-408c-8a96-58a208ea0005 | B21: cmj9t1ovx002szc31u7y416eg | C21: cmj9t2ba70039zc31nps62our | D21: hybrid_v3_5 | E21: Scenario_2_v3 | F21: 8 | G21: practicality_and_feasibility | H21: 0.2212 | I21: 0.34035508 | J21: 0.36326452 | K21: =J21-I21 -> 0.022909448 | L21: 0.74257299 | N21: =AVERAGE(K21:K26) -> 0.055058713
A22: 96ccf57e-b7a0-408c-8a96-58a208ea0005 | B22: cmj9t1ovx002szc31u7y416eg | C22: cmj9t2ba70039zc31nps62our | D22: hybrid_v3_5 | E22: Scenario_2_v3 | F22: 8 | G22: temporal_dynamics | H22: 0.2036 | I22: 0.31325547 | J22: 0.33601336 | K22: =J22-I22 -> 0.022757891 | L22: 0.74257299
A23: 96ccf57e-b7a0-408c-8a96-58a208ea0005 | B23: cmj9t1ovx002szc31u7y416eg | C23: cmj9t2ba70039zc31nps62our | D23: hybrid_v3_5 | E23: Scenario_2_v3 | F23: 8 | G23: imagination_and_possibility | H23: 0.1644 | I23: 0.25302301 | J23: 0.27759204 | K23: =J23-I23 -> 0.024569028 | L23: 0.74257299
A24: 96ccf57e-b7a0-408c-8a96-58a208ea0005 | B24: cmj9t1ovx002szc31u7y416eg | C24: cmj9t2ba70039zc31nps62our | D24: hybrid_v3_5 | E24: Scenario_2_v3 | F24: 8 | G24: affective_interface | H24: 0.1562 | I24: 0.24042283 | J24: 0.3471171 | K24: =J24-I24 -> 0.10669428 | L24: 0.74257299
A25: 96ccf57e-b7a0-408c-8a96-58a208ea0005 | B25: cmj9t1ovx002szc31u7y416eg | C25: cmj9t2ba70039zc31nps62our | D25: hybrid_v3_5 | E25: Scenario_2_v3 | F25: 8 | G25: mathematics_computer_science_engineering | H25: 0.1546 | I25: 0.23792166 | J25: 0.2971031 | K25: =J25-I25 -> 0.059181434 | L25: 0.74257299
A26: 96ccf57e-b7a0-408c-8a96-58a208ea0005 | B26: cmj9t1ovx002szc31u7y416eg | C26: cmj9t2ba70039zc31nps62our | D26: hybrid_v3_5 | E26: Scenario_2_v3 | F26: 8 | G26: truth_and_fact | H26: 0.1 | I26: 0.18171493 | J26: 0.27595513 | K26: =J26-I26 -> 0.094240202 | L26: 0.74257299
A27: be699ceb-2e68-43a1-8ae8-ccaaec0a4d85 | B27: cmj9t33lg003dzc31m2926qrd | C27: cmj9t3o78003uzc317yc0atb5 | D27: hybrid_v3_5 | E27: Scenario_2_v3 | F27: 10 | G27: practicality_and_feasibility | H27: 0.2187 | I27: 0.34649718 | J27: 0.41005799 | K27: =J27-I27 -> 0.063560809 | L27: 0.6382916 | N27: =AVERAGE(K27:K32) -> 0.054060902
A28: be699ceb-2e68-43a1-8ae8-ccaaec0a4d85 | B28: cmj9t33lg003dzc31m2926qrd | C28: cmj9t3o78003uzc317yc0atb5 | D28: hybrid_v3_5 | E28: Scenario_2_v3 | F28: 10 | G28: temporal_dynamics | H28: 0.1899 | I28: 0.30091958 | J28: 0.34890603 | K28: =J28-I28 -> 0.047986455 | L28: 0.6382916
A29: be699ceb-2e68-43a1-8ae8-ccaaec0a4d85 | B29: cmj9t33lg003dzc31m2926qrd | C29: cmj9t3o78003uzc317yc0atb5 | D29: hybrid_v3_5 | E29: Scenario_2_v3 | F29: 10 | G29: affective_interface | H29: 0.1719 | I29: 0.27245447 | J29: 0.33486267 | K29: =J29-I29 -> 0.062408204 | L29: 0.6382916
A30: be699ceb-2e68-43a1-8ae8-ccaaec0a4d85 | B30: cmj9t33lg003dzc31m2926qrd | C30: cmj9t3o78003uzc317yc0atb5 | D30: hybrid_v3_5 | E30: Scenario_2_v3 | F30: 10 | G30: mathematics_computer_science_engineering | H30: 0.1627 | I30: 0.257774 | J30: 0.30740442 | K30: =J30-I30 -> 0.049630426 | L30: 0.6382916
A31: be699ceb-2e68-43a1-8ae8-ccaaec0a4d85 | B31: cmj9t33lg003dzc31m2926qrd | C31: cmj9t3o78003uzc317yc0atb5 | D31: hybrid_v3_5 | E31: Scenario_2_v3 | F31: 10 | G31: imagination_and_possibility | H31: 0.1569 | I31: 0.24855886 | J31: 0.31500133 | K31: =J31-I31 -> 0.066442469 | L31: 0.6382916
A32: be699ceb-2e68-43a1-8ae8-ccaaec0a4d85 | B32: cmj9t33lg003dzc31m2926qrd | C32: cmj9t3o78003uzc317yc0atb5 | D32: hybrid_v3_5 | E32: Scenario_2_v3 | F32: 10 | G32: truth_and_fact | H32: 0.1 | I32: 0.21552891 | J32: 0.24986595 | K32: =J32-I32 -> 0.034337049 | L32: 0.6382916
A33: f9d05408-2fa1-4752-a27b-b4ebdcf98095 | B33: cmj9t4ycr003yzc31z80o9oao | C33: cmj9t648s004fzc316o71tcvj | D33: hybrid_v3_5 | E33: Scenario_2_v3 | F33: 12 | G33: practicality_and_feasibility | H33: 0.2198 | I33: 0.29650627 | J33: 0.37274755 | K33: =J33-I33 -> 0.076241278 | L33: 0.77002186 | N33: =AVERAGE(K33:K38) -> 0.066861225
A34: f9d05408-2fa1-4752-a27b-b4ebdcf98095 | B34: cmj9t4ycr003yzc31z80o9oao | C34: cmj9t648s004fzc316o71tcvj | D34: hybrid_v3_5 | E34: Scenario_2_v3 | F34: 12 | G34: temporal_dynamics | H34: 0.1988 | I34: 0.26816135 | J34: 0.31432131 | K34: =J34-I34 -> 0.046159962 | L34: 0.77002186
A35: f9d05408-2fa1-4752-a27b-b4ebdcf98095 | B35: cmj9t4ycr003yzc31z80o9oao | C35: cmj9t648s004fzc316o71tcvj | D35: hybrid_v3_5 | E35: Scenario_2_v3 | F35: 12 | G35: mathematics_computer_science_engineering | H35: 0.1665 | I35: 0.22455424 | J35: 0.28093945 | K35: =J35-I35 -> 0.056385208 | L35: 0.77002186
A36: f9d05408-2fa1-4752-a27b-b4ebdcf98095 | B36: cmj9t4ycr003yzc31z80o9oao | C36: cmj9t648s004fzc316o71tcvj | D36: hybrid_v3_5 | E36: Scenario_2_v3 | F36: 12 | G36: imagination_and_possibility | H36: 0.1599 | I36: 0.21575579 | J36: 0.29323948 | K36: =J36-I36 -> 0.077483688 | L36: 0.77002186
A37: f9d05408-2fa1-4752-a27b-b4ebdcf98095 | B37: cmj9t4ycr003yzc31z80o9oao | C37: cmj9t648s004fzc316o71tcvj | D37: hybrid_v3_5 | E37: Scenario_2_v3 | F37: 12 | G37: affective_interface | H37: 0.155 | I37: 0.20913174 | J37: 0.28998854 | K37: =J37-I37 -> 0.080856805 | L37: 0.77002186
A38: f9d05408-2fa1-4752-a27b-b4ebdcf98095 | B38: cmj9t4ycr003yzc31z80o9oao | C38: cmj9t648s004fzc316o71tcvj | D38: hybrid_v3_5 | E38: Scenario_2_v3 | F38: 12 | G38: truth_and_fact | H38: 0.1 | I38: 0.15518972 | J38: 0.21923012 | K38: =J38-I38 -> 0.064040407 | L38: 0.77002186
A39: a0d1772a-53f9-4df4-884a-3af84a607054 | B39: cmj9t7lil004jzc31ri26w9sc | C39: cmj9t89650050zc31qnqyba0m | D39: hybrid_v3_5 | E39: Scenario_2_v3 | F39: 14 | G39: practicality_and_feasibility | H39: 0.2761 | I39: 0.27199082 | J39: 0.37473108 | K39: =J39-I39 -> 0.10274026 | L39: 0.77670818 | N39: =AVERAGE(K39:K43) -> 0.093461242
A40: a0d1772a-53f9-4df4-884a-3af84a607054 | B40: cmj9t7lil004jzc31ri26w9sc | C40: cmj9t89650050zc31qnqyba0m | D40: hybrid_v3_5 | E40: Scenario_2_v3 | F40: 14 | G40: mathematics_computer_science_engineering | H40: 0.2092 | I40: 0.20614687 | J40: 0.28086491 | K40: =J40-I40 -> 0.074718047 | L40: 0.77670818
A41: a0d1772a-53f9-4df4-884a-3af84a607054 | B41: cmj9t7lil004jzc31ri26w9sc | C41: cmj9t89650050zc31qnqyba0m | D41: hybrid_v3_5 | E41: Scenario_2_v3 | F41: 14 | G41: temporal_dynamics | H41: 0.2077 | I41: 0.20467843 | J41: 0.31714151 | K41: =J41-I41 -> 0.11246308 | L41: 0.77670818
A42: a0d1772a-53f9-4df4-884a-3af84a607054 | B42: cmj9t7lil004jzc31ri26w9sc | C42: cmj9t89650050zc31qnqyba0m | D42: hybrid_v3_5 | E42: Scenario_2_v3 | F42: 14 | G42: imagination_and_possibility | H42: 0.207 | I42: 0.20390653 | J42: 0.27226969 | K42: =J42-I42 -> 0.068363157 | L42: 0.77670818
A43: a0d1772a-53f9-4df4-884a-3af84a607054 | B43: cmj9t7lil004jzc31ri26w9sc | C43: cmj9t89650050zc31qnqyba0m | D43: hybrid_v3_5 | E43: Scenario_2_v3 | F43: 14 | G43: truth_and_fact | H43: 0.1 | I43: 0.11092009 | J43: 0.21994176 | K43: =J43-I43 -> 0.10902167 | L43: 0.77670818
A44: 48e09286-af61-4b0e-b587-72363d7d915e | B44: cmj9t91wd0054zc31w2776jpx | C44: cmj9t9o7o005lzc31vxrnmow7 | D44: hybrid_v3_5 | E44: Scenario_2_v3 | F44: 16 | G44: practicality_and_feasibility | H44: 0.2056 | I44: 0.32147175 | J44: 0.40961532 | K44: =J44-I44 -> 0.088143569 | L44: 0.76689514 | N44: =AVERAGE(K44:K49) -> 0.065037241
A45: 48e09286-af61-4b0e-b587-72363d7d915e | B45: cmj9t91wd0054zc31w2776jpx | C45: cmj9t9o7o005lzc31vxrnmow7 | D45: hybrid_v3_5 | E45: Scenario_2_v3 | F45: 16 | G45: temporal_dynamics | H45: 0.1967 | I45: 0.30754031 | J45: 0.34199988 | K45: =J45-I45 -> 0.034459565 | L45: 0.76689514
A46: 48e09286-af61-4b0e-b587-72363d7d915e | B46: cmj9t91wd0054zc31w2776jpx | C46: cmj9t9o7o005lzc31vxrnmow7 | D46: hybrid_v3_5 | E46: Scenario_2_v3 | F46: 16 | G46: affective_interface | H46: 0.1764 | I46: 0.27580964 | J46: 0.32821171 | K46: =J46-I46 -> 0.052402079 | L46: 0.76689514
A47: 48e09286-af61-4b0e-b587-72363d7d915e | B47: cmj9t91wd0054zc31w2776jpx | C47: cmj9t9o7o005lzc31vxrnmow7 | D47: hybrid_v3_5 | E47: Scenario_2_v3 | F47: 16 | G47: mathematics_computer_science_engineering | H47: 0.1687 | I47: 0.26384766 | J47: 0.32707667 | K47: =J47-I47 -> 0.063229007 | L47: 0.76689514
A48: 48e09286-af61-4b0e-b587-72363d7d915e | B48: cmj9t91wd0054zc31w2776jpx | C48: cmj9t9o7o005lzc31vxrnmow7 | D48: hybrid_v3_5 | E48: Scenario_2_v3 | F48: 16 | G48: imagination_and_possibility | H48: 0.1527 | I48: 0.23871789 | J48: 0.31365823 | K48: =J48-I48 -> 0.074940332 | L48: 0.76689514
A49: 48e09286-af61-4b0e-b587-72363d7d915e | B49: cmj9t91wd0054zc31w2776jpx | C49: cmj9t9o7o005lzc31vxrnmow7 | D49: hybrid_v3_5 | E49: Scenario_2_v3 | F49: 16 | G49: truth_and_fact | H49: 0.1 | I49: 0.18078663 | J49: 0.25783553 | K49: =J49-I49 -> 0.077048896 | L49: 0.76689514
A50: 9ce6d58a-eaf9-400b-9df6-31e16034a165 | B50: cmj9tblzx005pzc31u3zeqa00 | C50: cmj9tcajn0066zc31h7yl0ugn | D50: hybrid_v3_5 | E50: Scenario_2_v3 | F50: 18 | G50: temporal_dynamics | H50: 0.2115 | I50: 0.35722456 | J50: 0.34416606 | K50: =J50-I50 -> -0.013058505 | L50: 0.72686528 | N50: =AVERAGE(K50:K55) -> 0.031519636
A51: 9ce6d58a-eaf9-400b-9df6-31e16034a165 | B51: cmj9tblzx005pzc31u3zeqa00 | C51: cmj9tcajn0066zc31h7yl0ugn | D51: hybrid_v3_5 | E51: Scenario_2_v3 | F51: 18 | G51: practicality_and_feasibility | H51: 0.1993 | I51: 0.33666296 | J51: 0.4005525 | K51: =J51-I51 -> 0.063889539 | L51: 0.72686528
A52: 9ce6d58a-eaf9-400b-9df6-31e16034a165 | B52: cmj9tblzx005pzc31u3zeqa00 | C52: cmj9tcajn0066zc31h7yl0ugn | D52: hybrid_v3_5 | E52: Scenario_2_v3 | F52: 18 | G52: imagination_and_possibility | H52: 0.1697 | I52: 0.28663786 | J52: 0.32475287 | K52: =J52-I52 -> 0.038115012 | L52: 0.72686528
A53: 9ce6d58a-eaf9-400b-9df6-31e16034a165 | B53: cmj9tblzx005pzc31u3zeqa00 | C53: cmj9tcajn0066zc31h7yl0ugn | D53: hybrid_v3_5 | E53: Scenario_2_v3 | F53: 18 | G53: affective_interface | H53: 0.1684 | I53: 0.28436485 | J53: 0.30418497 | K53: =J53-I53 -> 0.019820114 | L53: 0.72686528
A54: 9ce6d58a-eaf9-400b-9df6-31e16034a165 | B54: cmj9tblzx005pzc31u3zeqa00 | C54: cmj9tcajn0066zc31h7yl0ugn | D54: hybrid_v3_5 | E54: Scenario_2_v3 | F54: 18 | G54: mathematics_computer_science_engineering | H54: 0.1512 | I54: 0.25532324 | J54: 0.29781306 | K54: =J54-I54 -> 0.042489824 | L54: 0.72686528
A55: 9ce6d58a-eaf9-400b-9df6-31e16034a165 | B55: cmj9tblzx005pzc31u3zeqa00 | C55: cmj9tcajn0066zc31h7yl0ugn | D55: hybrid_v3_5 | E55: Scenario_2_v3 | F55: 18 | G55: truth_and_fact | H55: 0.1 | I55: 0.20426532 | J55: 0.24212715 | K55: =J55-I55 -> 0.037861834 | L55: 0.72686528
A56: 6fb61529-0c92-4089-88ec-44a40fb12d94 | B56: cmj9teco7006azc31m3oml5rx | C56: cmj9tevvc006rzc31sq39935s | D56: hybrid_v3_5 | E56: Scenario_2_v3 | F56: 20 | G56: practicality_and_feasibility | H56: 0.2196 | I56: 0.3163893 | J56: 0.36989721 | K56: =J56-I56 -> 0.053507907 | L56: 0.76670386 | N56: =AVERAGE(K56:K61) -> 0.061360611
A57: 6fb61529-0c92-4089-88ec-44a40fb12d94 | B57: cmj9teco7006azc31m3oml5rx | C57: cmj9tevvc006rzc31sq39935s | D57: hybrid_v3_5 | E57: Scenario_2_v3 | F57: 20 | G57: temporal_dynamics | H57: 0.1919 | I57: 0.27648937 | J57: 0.33739709 | K57: =J57-I57 -> 0.060907726 | L57: 0.76670386
A58: 6fb61529-0c92-4089-88ec-44a40fb12d94 | B58: cmj9teco7006azc31m3oml5rx | C58: cmj9tevvc006rzc31sq39935s | D58: hybrid_v3_5 | E58: Scenario_2_v3 | F58: 20 | G58: imagination_and_possibility | H58: 0.1743 | I58: 0.25103703 | J58: 0.29201205 | K58: =J58-I58 -> 0.040975016 | L58: 0.76670386
A59: 6fb61529-0c92-4089-88ec-44a40fb12d94 | B59: cmj9teco7006azc31m3oml5rx | C59: cmj9tevvc006rzc31sq39935s | D59: hybrid_v3_5 | E59: Scenario_2_v3 | F59: 20 | G59: affective_interface | H59: 0.1574 | I59: 0.22670002 | J59: 0.3108363 | K59: =J59-I59 -> 0.084136274 | L59: 0.76670386
A60: 6fb61529-0c92-4089-88ec-44a40fb12d94 | B60: cmj9teco7006azc31m3oml5rx | C60: cmj9tevvc006rzc31sq39935s | D60: hybrid_v3_5 | E60: Scenario_2_v3 | F60: 20 | G60: mathematics_computer_science_engineering | H60: 0.1568 | I60: 0.22589139 | J60: 0.27600852 | K60: =J60-I60 -> 0.05011713 | L60: 0.76670386
A61: 6fb61529-0c92-4089-88ec-44a40fb12d94 | B61: cmj9teco7006azc31m3oml5rx | C61: cmj9tevvc006rzc31sq39935s | D61: hybrid_v3_5 | E61: Scenario_2_v3 | F61: 20 | G61: truth_and_fact | H61: 0.1 | I61: 0.15213192 | J61: 0.23065153 | K61: =J61-I61 -> 0.078519616 | L61: 0.76670386
A62: 25b8023a-02d7-4186-a12a-5f65dfbb07f2 | B62: cmj9tglbe006vzc316bojk4xo | C62: cmj9th5b2007czc314ncxvhta | D62: hybrid_v3_5 | E62: Scenario_2_v3 | F62: 22 | G62: temporal_dynamics | H62: 0.256 | I62: 0.27654864 | J62: 0.35713643 | K62: =J62-I62 -> 0.08058779 | L62: 0.82651214 | N62: =AVERAGE(K62:K66) -> 0.062703826
A63: 25b8023a-02d7-4186-a12a-5f65dfbb07f2 | B63: cmj9tglbe006vzc316bojk4xo | C63: cmj9th5b2007czc314ncxvhta | D63: hybrid_v3_5 | E63: Scenario_2_v3 | F63: 22 | G63: practicality_and_feasibility | H63: 0.2344 | I63: 0.25328779 | J63: 0.33806834 | K63: =J63-I63 -> 0.084780549 | L63: 0.82651214
A64: 25b8023a-02d7-4186-a12a-5f65dfbb07f2 | B64: cmj9tglbe006vzc316bojk4xo | C64: cmj9th5b2007czc314ncxvhta | D64: hybrid_v3_5 | E64: Scenario_2_v3 | F64: 22 | G64: affective_interface | H64: 0.2094 | I64: 0.22625368 | J64: 0.28165192 | K64: =J64-I64 -> 0.055398235 | L64: 0.82651214
A65: 25b8023a-02d7-4186-a12a-5f65dfbb07f2 | B65: cmj9tglbe006vzc316bojk4xo | C65: cmj9th5b2007czc314ncxvhta | D65: hybrid_v3_5 | E65: Scenario_2_v3 | F65: 22 | G65: context_dependent_expression | H65: 0.2002 | I65: 0.21623467 | J65: 0.25371153 | K65: =J65-I65 -> 0.037476858 | L65: 0.82651214
A66: 25b8023a-02d7-4186-a12a-5f65dfbb07f2 | B66: cmj9tglbe006vzc316bojk4xo | C66: cmj9th5b2007czc314ncxvhta | D66: hybrid_v3_5 | E66: Scenario_2_v3 | F66: 22 | G66: truth_and_fact | H66: 0.1 | I66: 0.13019496 | J66: 0.18547066 | K66: =J66-I66 -> 0.055275701 | L66: 0.82651214
A67: a59306d2-a220-487d-a0ba-815de38938f8 | B67: cmj9tj7zu007gzc31oc7x8kko | C67: cmj9tjt3a007xzc31gbhkps11 | D67: hybrid_v3_5 | E67: Scenario_2_v3 | F67: 24 | G67: temporal_dynamics | H67: 0.3126 | I67: 0.24497924 | J67: 0.31234331 | K67: =J67-I67 -> 0.067364075 | L67: 0.76273614 | N67: =AVERAGE(K67:K70) -> 0.12582337
A68: a59306d2-a220-487d-a0ba-815de38938f8 | B68: cmj9tj7zu007gzc31oc7x8kko | C68: cmj9tjt3a007xzc31gbhkps11 | D68: hybrid_v3_5 | E68: Scenario_2_v3 | F68: 24 | G68: practicality_and_feasibility | H68: 0.3027 | I68: 0.23724156 | J68: 0.37485258 | K68: =J68-I68 -> 0.13761102 | L68: 0.76273614
A69: a59306d2-a220-487d-a0ba-815de38938f8 | B69: cmj9tj7zu007gzc31oc7x8kko | C69: cmj9tjt3a007xzc31gbhkps11 | D69: hybrid_v3_5 | E69: Scenario_2_v3 | F69: 24 | G69: affective_interface | H69: 0.2846 | I69: 0.22306014 | J69: 0.37671602 | K69: =J69-I69 -> 0.15365588 | L69: 0.76273614
A70: a59306d2-a220-487d-a0ba-815de38938f8 | B70: cmj9tj7zu007gzc31oc7x8kko | C70: cmj9tjt3a007xzc31gbhkps11 | D70: hybrid_v3_5 | E70: Scenario_2_v3 | F70: 24 | G70: truth_and_fact | H70: 0.1 | I70: 0.097797358 | J70: 0.24245985 | K70: =J70-I70 -> 0.14466249 | L70: 0.76273614
A71: 655b8189-d489-420a-bb55-5af6887b2ae3 | B71: cmj9tlnmv0081zc31hrmir47n | C71: cmj9tm5mp008izc31jcebcnxm | D71: hybrid_v3_5 | E71: Scenario_2_v3 | F71: 26 | G71: practicality_and_feasibility | H71: 0.3377 | I71: 0.25843574 | J71: 0.39154793 | K71: =J71-I71 -> 0.1331122 | L71: 0.7101601 | N71: =AVERAGE(K71:K74) -> 0.11847326
A72: 655b8189-d489-420a-bb55-5af6887b2ae3 | B72: cmj9tlnmv0081zc31hrmir47n | C72: cmj9tm5mp008izc31jcebcnxm | D72: hybrid_v3_5 | E72: Scenario_2_v3 | F72: 26 | G72: affective_interface | H72: 0.2828 | I72: 0.21646372 | J72: 0.33084433 | K72: =J72-I72 -> 0.11438061 | L72: 0.7101601
A73: 655b8189-d489-420a-bb55-5af6887b2ae3 | B73: cmj9tlnmv0081zc31hrmir47n | C73: cmj9tm5mp008izc31jcebcnxm | D73: hybrid_v3_5 | E73: Scenario_2_v3 | F73: 26 | G73: temporal_dynamics | H73: 0.2795 | I73: 0.21389129 | J73: 0.30267001 | K73: =J73-I73 -> 0.088778716 | L73: 0.7101601
A74: 655b8189-d489-420a-bb55-5af6887b2ae3 | B74: cmj9tlnmv0081zc31hrmir47n | C74: cmj9tm5mp008izc31jcebcnxm | D74: hybrid_v3_5 | E74: Scenario_2_v3 | F74: 26 | G74: truth_and_fact | H74: 0.1 | I74: 0.12003266 | J74: 0.25765417 | K74: =J74-I74 -> 0.13762151 | L74: 0.7101601
A75: e889633c-7d3b-4614-b60b-e18791427653 | B75: cmj9to57d008mzc31gdoz2jdc | C75: cmj9tower0093zc31ofhcoyyo | D75: hybrid_v3_5 | E75: Scenario_2_v3 | F75: 28 | G75: practicality_and_feasibility | H75: 0.2164 | I75: 0.31993234 | J75: 0.41771571 | K75: =J75-I75 -> 0.097783363 | L75: 0.73437638 | N75: =AVERAGE(K75:K80) -> 0.075125413
A76: e889633c-7d3b-4614-b60b-e18791427653 | B76: cmj9to57d008mzc31gdoz2jdc | C76: cmj9tower0093zc31ofhcoyyo | D76: hybrid_v3_5 | E76: Scenario_2_v3 | F76: 28 | G76: temporal_dynamics | H76: 0.1801 | I76: 0.26631118 | J76: 0.3527547 | K76: =J76-I76 -> 0.086443524 | L76: 0.73437638
A77: e889633c-7d3b-4614-b60b-e18791427653 | B77: cmj9to57d008mzc31gdoz2jdc | C77: cmj9tower0093zc31ofhcoyyo | D77: hybrid_v3_5 | E77: Scenario_2_v3 | F77: 28 | G77: affective_interface | H77: 0.1766 | I77: 0.26108247 | J77: 0.30523624 | K77: =J77-I77 -> 0.044153778 | L77: 0.73437638
A78: e889633c-7d3b-4614-b60b-e18791427653 | B78: cmj9to57d008mzc31gdoz2jdc | C78: cmj9tower0093zc31ofhcoyyo | D78: hybrid_v3_5 | E78: Scenario_2_v3 | F78: 28 | G78: imagination_and_possibility | H78: 0.1687 | I78: 0.24941334 | J78: 0.31441949 | K78: =J78-I78 -> 0.065006154 | L78: 0.73437638
A79: e889633c-7d3b-4614-b60b-e18791427653 | B79: cmj9to57d008mzc31gdoz2jdc | C79: cmj9tower0093zc31ofhcoyyo | D79: hybrid_v3_5 | E79: Scenario_2_v3 | F79: 28 | G79: mathematics_computer_science_engineering | H79: 0.1582 | I79: 0.23395892 | J79: 0.32962829 | K79: =J79-I79 -> 0.095669368 | L79: 0.73437638
A80: e889633c-7d3b-4614-b60b-e18791427653 | B80: cmj9to57d008mzc31gdoz2jdc | C80: cmj9tower0093zc31ofhcoyyo | D80: hybrid_v3_5 | E80: Scenario_2_v3 | F80: 28 | G80: truth_and_fact | H80: 0.1 | I80: 0.17093478 | J80: 0.23263107 | K80: =J80-I80 -> 0.061696287 | L80: 0.73437638
A81: 3d9adb9e-5f7d-4416-90bd-a21bb4174f1e | B81: cmj9tusmp0097zc3142hfosgb | C81: cmj9tvkwl009ozc3137tptd4j | D81: hybrid_v3_5 | E81: Scenario_2_v3 | F81: 30 | G81: practicality_and_feasibility | H81: 0.2206 | I81: 0.34913069 | J81: 0.39065868 | K81: =J81-I81 -> 0.041527993 | L81: 0.75654224 | N81: =AVERAGE(K81:K86) -> 0.034839212
A82: 3d9adb9e-5f7d-4416-90bd-a21bb4174f1e | B82: cmj9tusmp0097zc3142hfosgb | C82: cmj9tvkwl009ozc3137tptd4j | D82: hybrid_v3_5 | E82: Scenario_2_v3 | F82: 30 | G82: temporal_dynamics | H82: 0.1854 | I82: 0.29342825 | J82: 0.32129957 | K82: =J82-I82 -> 0.02787132 | L82: 0.75654224
A83: 3d9adb9e-5f7d-4416-90bd-a21bb4174f1e | B83: cmj9tusmp0097zc3142hfosgb | C83: cmj9tvkwl009ozc3137tptd4j | D83: hybrid_v3_5 | E83: Scenario_2_v3 | F83: 30 | G83: imagination_and_possibility | H83: 0.1851 | I83: 0.29287198 | J83: 0.30657684 | K83: =J83-I83 -> 0.013704862 | L83: 0.75654224
A84: 3d9adb9e-5f7d-4416-90bd-a21bb4174f1e | B84: cmj9tusmp0097zc3142hfosgb | C84: cmj9tvkwl009ozc3137tptd4j | D84: hybrid_v3_5 | E84: Scenario_2_v3 | F84: 30 | G84: mathematics_computer_science_engineering | H84: 0.1572 | I84: 0.24881414 | J84: 0.27668756 | K84: =J84-I84 -> 0.027873418 | L84: 0.75654224
A85: 3d9adb9e-5f7d-4416-90bd-a21bb4174f1e | B85: cmj9tusmp0097zc3142hfosgb | C85: cmj9tvkwl009ozc3137tptd4j | D85: hybrid_v3_5 | E85: Scenario_2_v3 | F85: 30 | G85: affective_interface | H85: 0.1517 | I85: 0.24012678 | J85: 0.28357022 | K85: =J85-I85 -> 0.043443439 | L85: 0.75654224
A86: 3d9adb9e-5f7d-4416-90bd-a21bb4174f1e | B86: cmj9tusmp0097zc3142hfosgb | C86: cmj9tvkwl009ozc3137tptd4j | D86: hybrid_v3_5 | E86: Scenario_2_v3 | F86: 30 | G86: truth_and_fact | H86: 0.1 | I86: 0.1488088 | J86: 0.20342304 | K86: =J86-I86 -> 0.054614239 | L86: 0.75654224
A87: 36d884d6-fb83-43a7-a903-fd4ec14a7b3a | B87: cmj9tx8w9009szc31uilgzcw5 | C87: cmj9ty0pp00a9zc31wp8k3r3b | D87: hybrid_v3_5 | E87: Scenario_2_v3 | F87: 32 | G87: practicality_and_feasibility | H87: 0.4641 | I87: 0.22813971 | J87: 0.32858141 | K87: =J87-I87 -> 0.1004417 | L87: 0.77373202 | N87: =AVERAGE(K87:K89) -> 0.091657065
A88: 36d884d6-fb83-43a7-a903-fd4ec14a7b3a | B88: cmj9tx8w9009szc31uilgzcw5 | C88: cmj9ty0pp00a9zc31wp8k3r3b | D88: hybrid_v3_5 | E88: Scenario_2_v3 | F88: 32 | G88: temporal_dynamics | H88: 0.4359 | I88: 0.21431921 | J88: 0.30044702 | K88: =J88-I88 -> 0.086127812 | L88: 0.77373202
A89: 36d884d6-fb83-43a7-a903-fd4ec14a7b3a | B89: cmj9tx8w9009szc31uilgzcw5 | C89: cmj9ty0pp00a9zc31wp8k3r3b | D89: hybrid_v3_5 | E89: Scenario_2_v3 | F89: 32 | G89: truth_and_fact | H89: 0.1 | I89: 0.095777805 | J89: 0.18417949 | K89: =J89-I89 -> 0.088401681 | L89: 0.77373202
A90: b1abd06f-37dc-4aed-a274-3b5c46d64535 | B90: cmj9tzzqm00adzc316r5gr1ay | C90: cmj9u0p0600auzc312y3icm2h | D90: hybrid_v3_5 | E90: Scenario_2_v3 | F90: 34 | G90: temporal_dynamics | H90: 0.4545 | I90: 0.25526588 | J90: 0.32942391 | K90: =J90-I90 -> 0.07415803 | L90: 0.81269061 | N90: =AVERAGE(K90:K92) -> 0.088493559
A91: b1abd06f-37dc-4aed-a274-3b5c46d64535 | B91: cmj9tzzqm00adzc316r5gr1ay | C91: cmj9u0p0600auzc312y3icm2h | D91: hybrid_v3_5 | E91: Scenario_2_v3 | F91: 34 | G91: practicality_and_feasibility | H91: 0.4455 | I91: 0.25020362 | J91: 0.33671642 | K91: =J91-I91 -> 0.086512793 | L91: 0.81269061
A92: b1abd06f-37dc-4aed-a274-3b5c46d64535 | B92: cmj9tzzqm00adzc316r5gr1ay | C92: cmj9u0p0600auzc312y3icm2h | D92: hybrid_v3_5 | E92: Scenario_2_v3 | F92: 34 | G92: truth_and_fact | H92: 0.1 | I92: 0.098105088 | J92: 0.20291494 | K92: =J92-I92 -> 0.10480985 | L92: 0.81269061
A93: 0aece662-509a-4899-9546-2b52ffcbfd0a | B93: cmj9u1jm100ayzc31uowmktli | C93: cmj9u294800bfzc31oi9wq2gs | D93: hybrid_v3_5 | E93: Scenario_2_v3 | F93: 36 | G93: practicality_and_feasibility | H93: 0.2034 | I93: 0.29635975 | J93: 0.41012454 | K93: =J93-I93 -> 0.11376479 | L93: 0.72648885 | N93: =AVERAGE(K93:K98) -> 0.098598106
A94: 0aece662-509a-4899-9546-2b52ffcbfd0a | B94: cmj9u1jm100ayzc31uowmktli | C94: cmj9u294800bfzc31oi9wq2gs | D94: hybrid_v3_5 | E94: Scenario_2_v3 | F94: 36 | G94: temporal_dynamics | H94: 0.1891 | I94: 0.27547422 | J94: 0.38228085 | K94: =J94-I94 -> 0.10680662 | L94: 0.72648885
A95: 0aece662-509a-4899-9546-2b52ffcbfd0a | B95: cmj9u1jm100ayzc31uowmktli | C95: cmj9u294800bfzc31oi9wq2gs | D95: hybrid_v3_5 | E95: Scenario_2_v3 | F95: 36 | G95: imagination_and_possibility | H95: 0.1725 | I95: 0.25131645 | J95: 0.32782361 | K95: =J95-I95 -> 0.076507169 | L95: 0.72648885
A96: 0aece662-509a-4899-9546-2b52ffcbfd0a | B96: cmj9u1jm100ayzc31uowmktli | C96: cmj9u294800bfzc31oi9wq2gs | D96: hybrid_v3_5 | E96: Scenario_2_v3 | F96: 36 | G96: mathematics_computer_science_engineering | H96: 0.1679 | I96: 0.24469915 | J96: 0.29736416 | K96: =J96-I96 -> 0.05266501 | L96: 0.72648885
A97: 0aece662-509a-4899-9546-2b52ffcbfd0a | B97: cmj9u1jm100ayzc31uowmktli | C97: cmj9u294800bfzc31oi9wq2gs | D97: hybrid_v3_5 | E97: Scenario_2_v3 | F97: 36 | G97: affective_interface | H97: 0.1672 | I97: 0.24357292 | J97: 0.36283043 | K97: =J97-I97 -> 0.1192575 | L97: 0.72648885
A98: 0aece662-509a-4899-9546-2b52ffcbfd0a | B98: cmj9u1jm100ayzc31uowmktli | C98: cmj9u294800bfzc31oi9wq2gs | D98: hybrid_v3_5 | E98: Scenario_2_v3 | F98: 36 | G98: truth_and_fact | H98: 0.1 | I98: 0.17366901 | J98: 0.29625656 | K98: =J98-I98 -> 0.12258755 | L98: 0.72648885
A99: 4b58e82e-860e-4599-9bf9-3f8c26bc9630 | B99: cmj9u2vxq00bjzc31ragmo93g | C99: cmj9u3iuq00c0zc3190rs6c50 | D99: hybrid_v3_5 | E99: Scenario_2_v3 | F99: 38 | G99: practicality_and_feasibility | H99: 0.2111 | I99: 0.32509333 | J99: 0.34228374 | K99: =J99-I99 -> 0.01719041 | L99: 0.76330056 | N99: =AVERAGE(K99:K104) -> 0.0016033607
A100: 4b58e82e-860e-4599-9bf9-3f8c26bc9630 | B100: cmj9u2vxq00bjzc31ragmo93g | C100: cmj9u3iuq00c0zc3190rs6c50 | D100: hybrid_v3_5 | E100: Scenario_2_v3 | F100: 38 | G100: temporal_dynamics | H100: 0.1928 | I100: 0.2969074 | J100: 0.29623539 | K100: =J100-I100 -> -0.00067200886 | L100: 0.76330056
A101: 4b58e82e-860e-4599-9bf9-3f8c26bc9630 | B101: cmj9u2vxq00bjzc31ragmo93g | C101: cmj9u3iuq00c0zc3190rs6c50 | D101: hybrid_v3_5 | E101: Scenario_2_v3 | F101: 38 | G101: affective_interface | H101: 0.1846 | I101: 0.28439424 | J101: 0.28833908 | K101: =J101-I101 -> 0.0039448473 | L101: 0.76330056
...

Sheet notes
A1: p calculation
A3: 1. count | B3: =scen2_hybrid!P3 -> 131
A4: 2. t statistic | B4: =B10*SQRT((B3-2)/(1-B10^2)) -> 2.2176318
A5: 3. p | B5: =_xlfn.T.DIST.2T(ABS(B4),B3-2) -> 0.02833034
A9: count | B9: correlation weights / activation delta
A10: =B3 -> 131 | B10: 0.19163293

Sheet actdel_prompt_response
B1: prompt_to_response | C1: Average activation/turn | H1: Correlation | I1: count | J1: T-statistic | K1: p
A2: turn
A3: 1 | B3: 0.82558738 | C3: 0.03790127 | H3: =CORREL(B3:B27,C3:C27) -> 0.020988639 | I3: =COUNT(C3:C27) -> 25 | J3: =H3*SQRT((I3-2)/(1-H3^2)) -> 0.10068016 | K3: =_xlfn.T.DIST.2T(ABS(J3),I3-2) -> 0.92067686
A4: 2 | B4: 0.7843254 | C4: 0.10135166
A5: 3 | B5: 0.74701543 | C5: 0.048569019
A6: 4 | B6: 0.74257299 | C6: 0.055058713
A7: 5 | B7: 0.6382916 | C7: 0.054060902
A8: 6 | B8: 0.77002186 | C8: 0.066861225
A9: 7 | B9: 0.77670818 | C9: 0.093461242
A10: 8 | B10: 0.76689514 | C10: 0.065037241
A11: 9 | B11: 0.72686528 | C11: 0.031519636
A12: 10 | B12: 0.76670386 | C12: 0.061360611
A13: 11 | B13: 0.82651214 | C13: 0.062703826
A14: 12 | B14: 0.76273614 | C14: 0.12582337
A15: 13 | B15: 0.7101601 | C15: 0.11847326
... A27: 25 | B27: 0.72723041 | C27: 0.03093229

Sheet inter_system_stats
B2: Prompt-response
B3: hybrid | C3: control | E3: std. Hybrid | F3: std. Control | G3: F. test | H3: T. Test equal variances | I3: T.Test unequal | J3: Mean difference
A4: 1 | B4: 0.82558738 | C4: 0.81423911 | E4: =_xlfn.STDEV.S(B4:B28) -> 0.048146689 | F4: =_xlfn.STDEV.S(C4:C28) -> 0.11577762 | G4: =_xlfn.F.TEST(B4:B28,C4:C28) -> 5.7570479e-05 | H4: =_xlfn.T.TEST(B4:B28, C4:C28, 2,2) -> 2.8643042e-11 | I4: =_xlfn.T.TEST(B4:B28,C4:C28, 2,3) -> 7.9981665e-10 | J4: =AVERAGE(B4:B28)-AVERAGE(C4:C28) -> 0.21543012
A5: 2 | B5: 0.7843254 | C5: 0.49037431
A6: 3 | B6: 0.74701543 | C6: 0.51102033
A7: 4 | B7: 0.74257299 | C7: 0.73212747
A8: 5 | B8: 0.6382916 | C8: 0.5045879 | E8: Paired t-test
A9: 6 | B9: 0.77002186 | C9: 0.62221695 | E9: Alpha | F9: 0.05
A10: 7 | B10: 0.77670818 | C10: 0.5682134 | E10: Hypothesized Mean Difference | F10: 0
A11: 8 | B11: 0.76689514 | C11: 0.41336821 | F11: Variable 1 | G11: Variable 2
A12: 9 | B12: 0.72686528 | C12: 0.4696191 | E12: Mean | F12: =AVERAGE(inter_system_stats!$B$3:$B$28) -> 0.75244418 | G12: =AVERAGE(inter_system_stats!$C$3:$C$28) -> 0.53701406
A13: 10 | B13: 0.76670386 | C13: 0.70259754 | E13: Variance | F13: =VAR(inter_system_stats!$B$3:$B$28) -> 0.0023181036 | G13: =VAR(inter_system_stats!$C$3:$C$28) -> 0.013404458
A14: 11 | B14: 0.82651214 | C14: 0.53574689 | E14: Observations | F14: =COUNT(inter_system_stats!$B$3:$B$28) -> 25 | G14: =COUNT(inter_system_stats!$C$3:$C$28) -> 25
A15: 12 | B15: 0.76273614 | C15: 0.61680633 | E15: Pearson Correlation | F15: =CORREL(inter_system_stats!$B$3:$B$28,inter_system_stats!$C$3:$C$28) -> 0.47316063
A16: 13 | B16: 0.7101601 | C16: 0.52630891 | E16: Observed Mean Difference | F16: {=AVERAGE(IF(ISODD(IF(ISNUMBER(inter_system_stats!$B$3:$B$28), 1, 0) * IF(ISNUMBER(inter_system_stats!$C$3:$C$28), 1, 0)), inter_system_stats!$B$3:$B$28 - inter_system_stats!$C$3:$C$28, "NA"))} -> 0.21543012
A17: 14 | B17: 0.73437638 | C17: 0.42768382 | E17: Variance of the Differences | F17: {=VAR(IF(ISODD(IF(ISNUMBER(inter_system_stats!$B$3:$B$28), 1, 0) * IF(ISNUMBER(inter_system_stats!$C$3:$C$28), 1, 0)), inter_system_stats!$B$3:$B$28 - inter_system_stats!$C$3:$C$28, "NA"))} -> 0.010447474
A18: 15 | B18: 0.75654224 | C18: 0.57565816 | E18: df | F18: {=SUM(IF(ISNUMBER(inter_system_stats!$B$3:$B$28), 1, 0) * IF(ISNUMBER(inter_system_stats!$C$3:$C$28), 1, 0)) - 1} -> 24
A19: 16 | B19: 0.77373202 | C19: 0.57704588 | E19: t Stat | F19: =(inter_system_stats!$F$16 - inter_system_stats!$F$10) / (inter_system_stats!$F$17 / ( inter_system_stats!$F$18 + 1)) ^ 0.5 -> 10.538305
A20: 17 | B20: 0.81269061 | C20: 0.65129577 | E20: P (T<=t) one-tail | F20: =TDIST(ABS(inter_system_stats!$F$19), inter_system_stats!$F$18, 1) -> 8.7417318e-11
A21: 18 | B21: 0.72648885 | C21: 0.59927589 | E21: t Critical one-tail | F21: =TINV(2*inter_system_stats!$F$9, inter_system_stats!$F$18) -> 1.7108821
A22: 19 | B22: 0.76330056 | C22: 0.50621472 | E22: P (T<=t) two-tail | F22: =TDIST(ABS(inter_system_stats!$F$19), inter_system_stats!$F$18, 2) -> 1.7483464e-10
A23: 20 | B23: 0.81653813 | C23: 0.47809959 | E23: t Critical two-tail | F23: =TINV(inter_system_stats!$F$9, inter_system_stats!$F$18) -> 2.0638986
A24: 21 | B24: 0.64339143 | C24: 0.38215194
A25: 22 | B25: 0.76925587 | C25: 0.42806876
A26: 23 | B26: 0.68467054 | C26: 0.34437109
A27: 24 | B27: 0.75849189 | C27: 0.58285066
A28: 25 | B28: 0.72723041 | C28: 0.36540877
B34: Prompt-response
B35: hybrid | C35: ac15p | E35: std. Hybrid | F35: std. Ac15p | G35: F. test | H35: T. Test equal variances | I35: T.Test unequal | J35: Mean difference
B36: 0.82558738 | C36: 0.84283713 | E36: =_xlfn.STDEV.S(B36:B60) -> 0.048146689 | F36: =_xlfn.STDEV.S(C36:C60) -> 0.044988984 | G36: =_xlfn.F.TEST(B36:B60,C36:C60) -> 0.742342 | H36: =_xlfn.T.TEST(B36:B60, C36:C60, 2,2) -> 0.98567765 | I36: =_xlfn.T.TEST(B36:B60,C36:C60, 2,3) -> 0.985678 | J36: =AVERAGE(B36:B60)-AVERAGE(C36:C60) -> 0.00023781566
B37: 0.7843254 | C37: 0.75574435
B38: 0.74701543 | C38: 0.75246139
B39: 0.74257299 | C39: 0.75523994
B40: 0.6382916 | C40: 0.68196907
B41: 0.77002186 | C41: 0.80509458
B42: 0.77670818 | C42: 0.7314491
B43: 0.76689514 | C43: 0.7986994
B44: 0.72686528 | C44: 0.75118107
B45: 0.76670386 | C45: 0.78031701
B46: 0.82651214 | C46: 0.78896492
B47: 0.76273614 | C47: 0.74442966
B48: 0.7101601 | C48: 0.76434794
... B60: 0.72723041 | C60: 0.71511197
