Workbook

Sheet scen1_hybrid
A1: turnId | B1: user_id | C1: assistant_id | D1: projectName | E1: sessionName | F1: seq | G1: anchorName | H1: weight | I1: promptSim | J1: responseSim | K1: activation delta | L1: prompt_to_response | N1: Average activation/turn | O1: average conversation activation | P1: count | Q1: correlation weights / activation delta | R1: p
A3: f4ede5b4-c038-4a40-b329-69cd73d7aab8 | B3: cmj8pszoe01dazcr39o3cdi6k | C3: cmj8pu37001drzcr35yt8d67v | D3: hybrid_v3_5 | E3: Scenario_1_v2 | F3: 1 | G3: temporal_dynamics | H3: 0.208 | I3: 0.29140293 | J3: 0.31430943 | K3: =J3-I3 -> 0.0229065 | L3: 0.83430834 | N3: =AVERAGE(K3:K8) -> 0.054866325 | O3: =SUM(N3:N143)/COUNT(N3:N143) -> 0.03949068 | P3: =COUNT(K3:K148) -> 146 | Q3: =CORREL(H3:H148, K3:K148) -> -0.04055391 | R3: =Notes!B5 -> 0.62696517
A4: f4ede5b4-c038-4a40-b329-69cd73d7aab8 | B4: cmj8pszoe01dazcr39o3cdi6k | C4: cmj8pu37001drzcr35yt8d67v | D4: hybrid_v3_5 | E4: Scenario_1_v2 | F4: 1 | G4: practicality_and_feasibility | H4: 0.1948 | I4: 0.2728694 | J4: 0.34707037 | K4: =J4-I4 -> 0.074200972 | L4: 0.83430834
A5: f4ede5b4-c038-4a40-b329-69cd73d7aab8 | B5: cmj8pszoe01dazcr39o3cdi6k | C5: cmj8pu37001drzcr35yt8d67v | D5: hybrid_v3_5 | E5: Scenario_1_v2 | F5: 1 | G5: mathematics_computer_science_engineering | H5: 0.1792 | I5: 0.25094679 | J5: 0.29306069 | K5: =J5-I5 -> 0.042113896 | L5: 0.83430834
A6: f4ede5b4-c038-4a40-b329-69cd73d7aab8 | B6: cmj8pszoe01dazcr39o3cdi6k | C6: cmj8pu37001drzcr35yt8d67v | D6: hybrid_v3_5 | E6: Scenario_1_v2 | F6: 1 | G6: sovereignty | H6: 0.1612 | I6: 0.22574719 | J6: 0.3048067 | K6: =J6-I6 -> 0.079059504 | L6: 0.83430834
A7: f4ede5b4-c038-4a40-b329-69cd73d7aab8 | B7: cmj8pszoe01dazcr39o3cdi6k | C7: cmj8pu37001drzcr35yt8d67v | D7: hybrid_v3_5 | E7: Scenario_1_v2 | F7: 1 | G7: imagination_and_possibility | H7: 0.1568 | I7: 0.21965936 | J7: 0.27405196 | K7: =J7-I7 -> 0.054392598 | L7: 0.83430834
A8: f4ede5b4-c038-4a40-b329-69cd73d7aab8 | B8: cmj8pszoe01dazcr39o3cdi6k | C8: cmj8pu37001drzcr35yt8d67v | D8: hybrid_v3_5 | E8: Scenario_1_v2 | F8: 1 | G8: truth_and_fact | H8: 0.1 | I8: 0.16806198 | J8: 0.22458646 | K8: =J8-I8 -> 0.056524479 | L8: 0.83430834
A9: c2e55b84-7dbd-4275-b6c7-323945afe399 | B9: cmj8pvqpw01dvzcr33bv3ng8n | C9: cmj8pwr4w01eczcr34zhtavni | D9: hybrid_v3_5 | E9: Scenario_1_v2 | F9: 3 | G9: temporal_dynamics | H9: 0.1956 | I9: 0.28235803 | J9: 0.30660803 | K9: =J9-I9 -> 0.024250006 | L9: 0.78737809 | N9: =AVERAGE(K9:K14) -> 0.049421284
A10: c2e55b84-7dbd-4275-b6c7-323945afe399 | B10: cmj8pvqpw01dvzcr33bv3ng8n | C10: cmj8pwr4w01eczcr34zhtavni | D10: hybrid_v3_5 | E10: Scenario_1_v2 | F10: 3 | G10: practicality_and_feasibility | H10: 0.1878 | I10: 0.27110351 | J10: 0.35341972 | K10: =J10-I10 -> 0.082316208 | L10: 0.78737809
A11: c2e55b84-7dbd-4275-b6c7-323945afe399 | B11: cmj8pvqpw01dvzcr33bv3ng8n | C11: cmj8pwr4w01eczcr34zhtavni | D11: hybrid_v3_5 | E11: Scenario_1_v2 | F11: 3 | G11: sovereignty | H11: 0.1832 | I11: 0.26447354 | J11: 0.31153494 | K11: =J11-I11 -> 0.0470614 | L11: 0.78737809
A12: c2e55b84-7dbd-4275-b6c7-323945afe399 | B12: cmj8pvqpw01dvzcr33bv3ng8n | C12: cmj8pwr4w01eczcr34zhtavni | D12: hybrid_v3_5 | E12: Scenario_1_v2 | F12: 3 | G12: mathematics_computer_science_engineering | H12: 0.17 | I12: 0.2453137 | J12: 0.30015547 | K12: =J12-I12 -> 0.054841768 | L12: 0.78737809
A13: c2e55b84-7dbd-4275-b6c7-323945afe399 | B13: cmj8pvqpw01dvzcr33bv3ng8n | C13: cmj8pwr4w01eczcr34zhtavni | D13: hybrid_v3_5 | E13: Scenario_1_v2 | F13: 3 | G13: electricity | H13: 0.1633 | I13: 0.23575898 | J13: 0.22699273 | K13: =J13-I13 -> -0.0087662471 | L13: 0.78737809
A14: c2e55b84-7dbd-4275-b6c7-323945afe399 | B14: cmj8pvqpw01dvzcr33bv3ng8n | C14: cmj8pwr4w01eczcr34zhtavni | D14: hybrid_v3_5 | E14: Scenario_1_v2 | F14: 3 | G14: truth_and_fact | H14: 0.1 | I14: 0.15286289 | J14: 0.24968746 | K14: =J14-I14 -> 0.09682457 | L14: 0.78737809
A15: 4e496481-26f9-4d1d-821e-c401645f132a | B15: cmj8pxz7m01egzcr328xztkoj | C15: cmj8pyitc01exzcr396h6boq8 | D15: hybrid_v3_5 | E15: Scenario_1_v2 | F15: 5 | G15: practicality_and_feasibility | H15: 0.2014 | I15: 0.34202352 | J15: 0.38747679 | K15: =J15-I15 -> 0.045453263 | L15: 0.82347011 | N15: =AVERAGE(K15:K20) -> 0.032563898
A16: 4e496481-26f9-4d1d-821e-c401645f132a | B16: cmj8pxz7m01egzcr328xztkoj | C16: cmj8pyitc01exzcr396h6boq8 | D16: hybrid_v3_5 | E16: Scenario_1_v2 | F16: 5 | G16: temporal_dynamics | H16: 0.1902 | I16: 0.32291789 | J16: 0.36241464 | K16: =J16-I16 -> 0.039496753 | L16: 0.82347011
A17: 4e496481-26f9-4d1d-821e-c401645f132a | B17: cmj8pxz7m01egzcr328xztkoj | C17: cmj8pyitc01exzcr396h6boq8 | D17: hybrid_v3_5 | E17: Scenario_1_v2 | F17: 5 | G17: mathematics_computer_science_engineering | H17: 0.1751 | I17: 0.29736601 | J17: 0.31071392 | K17: =J17-I17 -> 0.013347912 | L17: 0.82347011
A18: 4e496481-26f9-4d1d-821e-c401645f132a | B18: cmj8pxz7m01egzcr328xztkoj | C18: cmj8pyitc01exzcr396h6boq8 | D18: hybrid_v3_5 | E18: Scenario_1_v2 | F18: 5 | G18: sovereignty | H18: 0.1738 | I18: 0.29512909 | J18: 0.30613597 | K18: =J18-I18 -> 0.011006883 | L18: 0.82347011
A19: 4e496481-26f9-4d1d-821e-c401645f132a | B19: cmj8pxz7m01egzcr328xztkoj | C19: cmj8pyitc01exzcr396h6boq8 | D19: hybrid_v3_5 | E19: Scenario_1_v2 | F19: 5 | G19: imagination_and_possibility | H19: 0.1594 | I19: 0.27068982 | J19: 0.29864809 | K19: =J19-I19 -> 0.027958274 | L19: 0.82347011
A20: 4e496481-26f9-4d1d-821e-c401645f132a | B20: cmj8pxz7m01egzcr328xztkoj | C20: cmj8pyitc01exzcr396h6boq8 | D20: hybrid_v3_5 | E20: Scenario_1_v2 | F20: 5 | G20: truth_and_fact | H20: 0.1 | I20: 0.21031564 | J20: 0.26843595 | K20: =J20-I20 -> 0.058120305 | L20: 0.82347011
A21: ae7402a6-89a7-4c16-aa3f-c55eececa43f | B21: cmj8pzwqw01f1zcr3d51xaoso | C21: cmj8q0r3201fizcr3vb65kh1s | D21: hybrid_v3_5 | E21: Scenario_1_v2 | F21: 7 | G21: temporal_dynamics | H21: 0.2095 | I21: 0.31727299 | J21: 0.37371154 | K21: =J21-I21 -> 0.056438551 | L21: 0.64138219 | N21: =AVERAGE(K21:K26) -> 0.066348788
A22: ae7402a6-89a7-4c16-aa3f-c55eececa43f | B22: cmj8pzwqw01f1zcr3d51xaoso | C22: cmj8q0r3201fizcr3vb65kh1s | D22: hybrid_v3_5 | E22: Scenario_1_v2 | F22: 7 | G22: practicality_and_feasibility | H22: 0.2004 | I22: 0.30338267 | J22: 0.38471016 | K22: =J22-I22 -> 0.081327491 | L22: 0.64138219
A23: ae7402a6-89a7-4c16-aa3f-c55eececa43f | B23: cmj8pzwqw01f1zcr3d51xaoso | C23: cmj8q0r3201fizcr3vb65kh1s | D23: hybrid_v3_5 | E23: Scenario_1_v2 | F23: 7 | G23: sovereignty | H23: 0.1761 | I23: 0.26668321 | J23: 0.29668659 | K23: =J23-I23 -> 0.03000338 | L23: 0.64138219
A24: ae7402a6-89a7-4c16-aa3f-c55eececa43f | B24: cmj8pzwqw01f1zcr3d51xaoso | C24: cmj8q0r3201fizcr3vb65kh1s | D24: hybrid_v3_5 | E24: Scenario_1_v2 | F24: 7 | G24: mathematics_computer_science_engineering | H24: 0.1678 | I24: 0.25403023 | J24: 0.32496173 | K24: =J24-I24 -> 0.070931503 | L24: 0.64138219
A25: ae7402a6-89a7-4c16-aa3f-c55eececa43f | B25: cmj8pzwqw01f1zcr3d51xaoso | C25: cmj8q0r3201fizcr3vb65kh1s | D25: hybrid_v3_5 | E25: Scenario_1_v2 | F25: 7 | G25: electricity | H25: 0.1462 | I25: 0.22144897 | J25: 0.2815418 | K25: =J25-I25 -> 0.060092838 | L25: 0.64138219
A26: ae7402a6-89a7-4c16-aa3f-c55eececa43f | B26: cmj8pzwqw01f1zcr3d51xaoso | C26: cmj8q0r3201fizcr3vb65kh1s | D26: hybrid_v3_5 | E26: Scenario_1_v2 | F26: 7 | G26: truth_and_fact | H26: 0.1 | I26: 0.1847151 | J26: 0.28401407 | K26: =J26-I26 -> 0.099298964 | L26: 0.64138219
A27: a86f2c84-0509-49f0-be2b-be08ba78c870 | B27: cmj8q1y9d01fmzcr3lc8dw4wp | C27: cmj8q2jyw01g3zcr3i7dc7lvb | D27: hybrid_v3_5 | E27: Scenario_1_v2 | F27: 9 | G27: practicality_and_feasibility | H27: 0.2042 | I27: 0.33574716 | J27: 0.39326181 | K27: =J27-I27 -> 0.057514657 | L27: 0.64856074 | N27: =AVERAGE(K27:K32) -> 0.041698828
A28: a86f2c84-0509-49f0-be2b-be08ba78c870 | B28: cmj8q1y9d01fmzcr3lc8dw4wp | C28: cmj8q2jyw01g3zcr3i7dc7lvb | D28: hybrid_v3_5 | E28: Scenario_1_v2 | F28: 9 | G28: temporal_dynamics | H28: 0.1986 | I28: 0.32666017 | J28: 0.33498326 | K28: =J28-I28 -> 0.0083230907 | L28: 0.64856074
A29: a86f2c84-0509-49f0-be2b-be08ba78c870 | B29: cmj8q1y9d01fmzcr3lc8dw4wp | C29: cmj8q2jyw01g3zcr3i7dc7lvb | D29: hybrid_v3_5 | E29: Scenario_1_v2 | F29: 9 | G29: imagination_and_possibility | H29: 0.1683 | I29: 0.2768526 | J29: 0.32636437 | K29: =J29-I29 -> 0.049511768 | L29: 0.64856074
A30: a86f2c84-0509-49f0-be2b-be08ba78c870 | B30: cmj8q1y9d01fmzcr3lc8dw4wp | C30: cmj8q2jyw01g3zcr3i7dc7lvb | D30: hybrid_v3_5 | E30: Scenario_1_v2 | F30: 9 | G30: mathematics_computer_science_engineering | H30: 0.165 | I30: 0.27135265 | J30: 0.32862931 | K30: =J30-I30 -> 0.057276662 | L30: 0.64856074
A31: a86f2c84-0509-49f0-be2b-be08ba78c870 | B31: cmj8q1y9d01fmzcr3lc8dw4wp | C31: cmj8q2jyw01g3zcr3i7dc7lvb | D31: hybrid_v3_5 | E31: Scenario_1_v2 | F31: 9 | G31: electricity | H31: 0.1639 | I31: 0.26952501 | J31: 0.27100516 | K31: =J31-I31 -> 0.0014801459 | L31: 0.64856074
A32: a86f2c84-0509-49f0-be2b-be08ba78c870 | B32: cmj8q1y9d01fmzcr3lc8dw4wp | C32: cmj8q2jyw01g3zcr3i7dc7lvb | D32: hybrid_v3_5 | E32: Scenario_1_v2 | F32: 9 | G32: truth_and_fact | H32: 0.1 | I32: 0.20360686 | J32: 0.2796935 | K32: =J32-I32 -> 0.076086648 | L32: 0.64856074
A33: d348cd8c-23b1-446c-bd88-a3196505ce43 | B33: cmj8q3maf01g7zcr3isx1glnz | C33: cmj8q4i6y01gozcr3xcx9qt7n | D33: hybrid_v3_5 | E33: Scenario_1_v2 | F33: 11 | G33: practicality_and_feasibility | H33: 0.2161 | I33: 0.353769 | J33: 0.33234393 | K33: =J33-I33 -> -0.021425074 | L33: 0.73754073 | N33: =AVERAGE(K33:K38) -> -0.010193693
A34: d348cd8c-23b1-446c-bd88-a3196505ce43 | B34: cmj8q3maf01g7zcr3isx1glnz | C34: cmj8q4i6y01gozcr3xcx9qt7n | D34: hybrid_v3_5 | E34: Scenario_1_v2 | F34: 11 | G34: temporal_dynamics | H34: 0.185 | I34: 0.30296655 | J34: 0.31875392 | K34: =J34-I34 -> 0.015787369 | L34: 0.73754073
A35: d348cd8c-23b1-446c-bd88-a3196505ce43 | B35: cmj8q3maf01g7zcr3isx1glnz | C35: cmj8q4i6y01gozcr3xcx9qt7n | D35: hybrid_v3_5 | E35: Scenario_1_v2 | F35: 11 | G35: mathematics_computer_science_engineering | H35: 0.1704 | I35: 0.27906216 | J35: 0.27179829 | K35: =J35-I35 -> -0.0072638688 | L35: 0.73754073
A36: d348cd8c-23b1-446c-bd88-a3196505ce43 | B36: cmj8q3maf01g7zcr3isx1glnz | C36: cmj8q4i6y01gozcr3xcx9qt7n | D36: hybrid_v3_5 | E36: Scenario_1_v2 | F36: 11 | G36: imagination_and_possibility | H36: 0.1656 | I36: 0.27117446 | J36: 0.2572991 | K36: =J36-I36 -> -0.013875353 | L36: 0.73754073
A37: d348cd8c-23b1-446c-bd88-a3196505ce43 | B37: cmj8q3maf01g7zcr3isx1glnz | C37: cmj8q4i6y01gozcr3xcx9qt7n | D37: hybrid_v3_5 | E37: Scenario_1_v2 | F37: 11 | G37: sovereignty | H37: 0.1628 | I37: 0.26654193 | J37: 0.22949458 | K37: =J37-I37 -> -0.037047344 | L37: 0.73754073
A38: d348cd8c-23b1-446c-bd88-a3196505ce43 | B38: cmj8q3maf01g7zcr3isx1glnz | C38: cmj8q4i6y01gozcr3xcx9qt7n | D38: hybrid_v3_5 | E38: Scenario_1_v2 | F38: 11 | G38: truth_and_fact | H38: 0.1 | I38: 0.19843843 | J38: 0.20110055 | K38: =J38-I38 -> 0.0026621119 | L38: 0.73754073
A39: 9597a176-37f0-47a8-8c34-14f156e80ae4 | B39: cmj8q88wo01gszcr3blu9fyyw | C39: cmj8q9bpi01h9zcr3a6ksrax4 | D39: hybrid_v3_5 | E39: Scenario_1_v2 | F39: 13 | G39: practicality_and_feasibility | H39: 0.2161 | I39: 0.33231265 | J39: 0.37409771 | K39: =J39-I39 -> 0.041785068 | L39: 0.63496808 | N39: =AVERAGE(K39:K44) -> 0.044206235
A40: 9597a176-37f0-47a8-8c34-14f156e80ae4 | B40: cmj8q88wo01gszcr3blu9fyyw | C40: cmj8q9bpi01h9zcr3a6ksrax4 | D40: hybrid_v3_5 | E40: Scenario_1_v2 | F40: 13 | G40: temporal_dynamics | H40: 0.1946 | I40: 0.29927242 | J40: 0.33491009 | K40: =J40-I40 -> 0.035637671 | L40: 0.63496808
A41: 9597a176-37f0-47a8-8c34-14f156e80ae4 | B41: cmj8q88wo01gszcr3blu9fyyw | C41: cmj8q9bpi01h9zcr3a6ksrax4 | D41: hybrid_v3_5 | E41: Scenario_1_v2 | F41: 13 | G41: mathematics_computer_science_engineering | H41: 0.1932 | I41: 0.29707506 | J41: 0.30819125 | K41: =J41-I41 -> 0.011116194 | L41: 0.63496808
A42: 9597a176-37f0-47a8-8c34-14f156e80ae4 | B42: cmj8q88wo01gszcr3blu9fyyw | C42: cmj8q9bpi01h9zcr3a6ksrax4 | D42: hybrid_v3_5 | E42: Scenario_1_v2 | F42: 13 | G42: imagination_and_possibility | H42: 0.1534 | I42: 0.23595919 | J42: 0.32195 | K42: =J42-I42 -> 0.085990809 | L42: 0.63496808
A43: 9597a176-37f0-47a8-8c34-14f156e80ae4 | B43: cmj8q88wo01gszcr3blu9fyyw | C43: cmj8q9bpi01h9zcr3a6ksrax4 | D43: hybrid_v3_5 | E43: Scenario_1_v2 | F43: 13 | G43: electricity | H43: 0.1426 | I43: 0.21930992 | J43: 0.22643269 | K43: =J43-I43 -> 0.0071227664 | L43: 0.63496808
A44: 9597a176-37f0-47a8-8c34-14f156e80ae4 | B44: cmj8q88wo01gszcr3blu9fyyw | C44: cmj8q9bpi01h9zcr3a6ksrax4 | D44: hybrid_v3_5 | E44: Scenario_1_v2 | F44: 13 | G44: truth_and_fact | H44: 0.1 | I44: 0.16729964 | J44: 0.25088454 | K44: =J44-I44 -> 0.083584903 | L44: 0.63496808
A45: 157193ea-52d9-4c1e-81e1-b7e57cc13ee4 | B45: cmj8qadbo01hdzcr3j9uiy8kg | C45: cmj8qbbs901huzcr3cctin8m0 | D45: hybrid_v3_5 | E45: Scenario_1_v2 | F45: 15 | G45: practicality_and_feasibility | H45: 0.2051 | I45: 0.37991406 | J45: 0.40263154 | K45: =J45-I45 -> 0.022717476 | L45: 0.74640085 | N45: =AVERAGE(K45:K50) -> 0.026024486
A46: 157193ea-52d9-4c1e-81e1-b7e57cc13ee4 | B46: cmj8qadbo01hdzcr3j9uiy8kg | C46: cmj8qbbs901huzcr3cctin8m0 | D46: hybrid_v3_5 | E46: Scenario_1_v2 | F46: 15 | G46: mathematics_computer_science_engineering | H46: 0.1829 | I46: 0.33880464 | J46: 0.34659539 | K46: =J46-I46 -> 0.0077907452 | L46: 0.74640085
A47: 157193ea-52d9-4c1e-81e1-b7e57cc13ee4 | B47: cmj8qadbo01hdzcr3j9uiy8kg | C47: cmj8qbbs901huzcr3cctin8m0 | D47: hybrid_v3_5 | E47: Scenario_1_v2 | F47: 15 | G47: temporal_dynamics | H47: 0.1817 | I47: 0.3364739 | J47: 0.35352238 | K47: =J47-I47 -> 0.017048478 | L47: 0.74640085
A48: 157193ea-52d9-4c1e-81e1-b7e57cc13ee4 | B48: cmj8qadbo01hdzcr3j9uiy8kg | C48: cmj8qbbs901huzcr3cctin8m0 | D48: hybrid_v3_5 | E48: Scenario_1_v2 | F48: 15 | G48: imagination_and_possibility | H48: 0.1678 | I48: 0.3107984 | J48: 0.31799805 | K48: =J48-I48 -> 0.0071996503 | L48: 0.74640085
A49: 157193ea-52d9-4c1e-81e1-b7e57cc13ee4 | B49: cmj8qadbo01hdzcr3j9uiy8kg | C49: cmj8qbbs901huzcr3cctin8m0 | D49: hybrid_v3_5 | E49: Scenario_1_v2 | F49: 15 | G49: affective_interface | H49: 0.1625 | I49: 0.30098758 | J49: 0.35696487 | K49: =J49-I49 -> 0.055977291 | L49: 0.74640085
A50: 157193ea-52d9-4c1e-81e1-b7e57cc13ee4 | B50: cmj8qadbo01hdzcr3j9uiy8kg | C50: cmj8qbbs901huzcr3cctin8m0 | D50: hybrid_v3_5 | E50: Scenario_1_v2 | F50: 15 | G50: truth_and_fact | H50: 0.1 | I50: 0.22349862 | J50: 0.26891189 | K50: =J50-I50 -> 0.045413277 | L50: 0.74640085
A51: f8c71802-2db7-46f7-926b-dc495b49a65d | B51: cmj8qd6g001hyzcr30c43qoz1 | C51: cmj8qdwor01ifzcr3dplhg7nb | D51: hybrid_v3_5 | E51: Scenario_1_v2 | F51: 17 | G51: temporal_dynamics | H51: 0.1992 | I51: 0.38449455 | J51: 0.34465571 | K51: =J51-I51 -> -0.039838845 | L51: 0.68880534 | N51: =AVERAGE(K51:K56) -> -0.0050047294
A52: f8c71802-2db7-46f7-926b-dc495b49a65d | B52: cmj8qd6g001hyzcr30c43qoz1 | C52: cmj8qdwor01ifzcr3dplhg7nb | D52: hybrid_v3_5 | E52: Scenario_1_v2 | F52: 17 | G52: practicality_and_feasibility | H52: 0.1863 | I52: 0.3595964 | J52: 0.37966459 | K52: =J52-I52 -> 0.020068192 | L52: 0.68880534
A53: f8c71802-2db7-46f7-926b-dc495b49a65d | B53: cmj8qd6g001hyzcr30c43qoz1 | C53: cmj8qdwor01ifzcr3dplhg7nb | D53: hybrid_v3_5 | E53: Scenario_1_v2 | F53: 17 | G53: mathematics_computer_science_engineering | H53: 0.1626 | I53: 0.31385641 | J53: 0.31496317 | K53: =J53-I53 -> 0.0011067652 | L53: 0.68880534
A54: f8c71802-2db7-46f7-926b-dc495b49a65d | B54: cmj8qd6g001hyzcr30c43qoz1 | C54: cmj8qdwor01ifzcr3dplhg7nb | D54: hybrid_v3_5 | E54: Scenario_1_v2 | F54: 17 | G54: imagination_and_possibility | H54: 0.1605 | I54: 0.30985392 | J54: 0.32078151 | K54: =J54-I54 -> 0.01092759 | L54: 0.68880534
A55: f8c71802-2db7-46f7-926b-dc495b49a65d | B55: cmj8qd6g001hyzcr30c43qoz1 | C55: cmj8qdwor01ifzcr3dplhg7nb | D55: hybrid_v3_5 | E55: Scenario_1_v2 | F55: 17 | G55: freedom_and_limitations | H55: 0.148 | I55: 0.28577798 | J55: 0.2689791 | K55: =J55-I55 -> -0.016798884 | L55: 0.68880534
A56: f8c71802-2db7-46f7-926b-dc495b49a65d | B56: cmj8qd6g001hyzcr30c43qoz1 | C56: cmj8qdwor01ifzcr3dplhg7nb | D56: hybrid_v3_5 | E56: Scenario_1_v2 | F56: 17 | G56: truth_and_fact | H56: 0.1435 | I56: 0.27695942 | J56: 0.27146622 | K56: =J56-I56 -> -0.0054931947 | L56: 0.68880534
A57: a3637e84-64a7-4cea-9c66-eb2e00f0c622 | B57: cmj8qfroy01ijzcr326ynap3k | C57: cmj8qgmg901j0zcr35f8tsqe6 | D57: hybrid_v3_5 | E57: Scenario_1_v2 | F57: 19 | G57: practicality_and_feasibility | H57: 0.2012 | I57: 0.29431031 | J57: 0.34205131 | K57: =J57-I57 -> 0.047740995 | L57: 0.74363979 | N57: =AVERAGE(K57:K62) -> 0.047622962
A58: a3637e84-64a7-4cea-9c66-eb2e00f0c622 | B58: cmj8qfroy01ijzcr326ynap3k | C58: cmj8qgmg901j0zcr35f8tsqe6 | D58: hybrid_v3_5 | E58: Scenario_1_v2 | F58: 19 | G58: temporal_dynamics | H58: 0.1861 | I58: 0.27216062 | J58: 0.3306729 | K58: =J58-I58 -> 0.058512272 | L58: 0.74363979
A59: a3637e84-64a7-4cea-9c66-eb2e00f0c622 | B59: cmj8qfroy01ijzcr326ynap3k | C59: cmj8qgmg901j0zcr35f8tsqe6 | D59: hybrid_v3_5 | E59: Scenario_1_v2 | F59: 19 | G59: imagination_and_possibility | H59: 0.1752 | I59: 0.25629705 | J59: 0.28640044 | K59: =J59-I59 -> 0.030103392 | L59: 0.74363979
A60: a3637e84-64a7-4cea-9c66-eb2e00f0c622 | B60: cmj8qfroy01ijzcr326ynap3k | C60: cmj8qgmg901j0zcr35f8tsqe6 | D60: hybrid_v3_5 | E60: Scenario_1_v2 | F60: 19 | G60: sovereignty | H60: 0.1695 | I60: 0.24786545 | J60: 0.27490811 | K60: =J60-I60 -> 0.027042662 | L60: 0.74363979
A61: a3637e84-64a7-4cea-9c66-eb2e00f0c622 | B61: cmj8qfroy01ijzcr326ynap3k | C61: cmj8qgmg901j0zcr35f8tsqe6 | D61: hybrid_v3_5 | E61: Scenario_1_v2 | F61: 19 | G61: mathematics_computer_science_engineering | H61: 0.168 | I61: 0.24563104 | J61: 0.30254712 | K61: =J61-I61 -> 0.056916077 | L61: 0.74363979
A62: a3637e84-64a7-4cea-9c66-eb2e00f0c622 | B62: cmj8qfroy01ijzcr326ynap3k | C62: cmj8qgmg901j0zcr35f8tsqe6 | D62: hybrid_v3_5 | E62: Scenario_1_v2 | F62: 19 | G62: truth_and_fact | H62: 0.1 | I62: 0.20633587 | J62: 0.27175825 | K62: =J62-I62 -> 0.065422375 | L62: 0.74363979
A63: b434ee79-78e2-4375-b6bd-654db3dcb67e | B63: cmj8qhtqa01j4zcr3cph50jjy | C63: cmj8qinm301jlzcr3t0jy03j3 | D63: hybrid_v3_5 | E63: Scenario_1_v2 | F63: 21 | G63: temporal_dynamics | H63: 0.2117 | I63: 0.29597881 | J63: 0.34968092 | K63: =J63-I63 -> 0.053702109 | L63: 0.71319147 | N63: =AVERAGE(K63:K68) -> 0.065668477
A64: b434ee79-78e2-4375-b6bd-654db3dcb67e | B64: cmj8qhtqa01j4zcr3cph50jjy | C64: cmj8qinm301jlzcr3t0jy03j3 | D64: hybrid_v3_5 | E64: Scenario_1_v2 | F64: 21 | G64: practicality_and_feasibility | H64: 0.1888 | I64: 0.2638675 | J64: 0.3392552 | K64: =J64-I64 -> 0.0753877 | L64: 0.71319147
A65: b434ee79-78e2-4375-b6bd-654db3dcb67e | B65: cmj8qhtqa01j4zcr3cph50jjy | C65: cmj8qinm301jlzcr3t0jy03j3 | D65: hybrid_v3_5 | E65: Scenario_1_v2 | F65: 21 | G65: mathematics_computer_science_engineering | H65: 0.1748 | I65: 0.24429893 | J65: 0.28518667 | K65: =J65-I65 -> 0.040887734 | L65: 0.71319147
A66: b434ee79-78e2-4375-b6bd-654db3dcb67e | B66: cmj8qhtqa01j4zcr3cph50jjy | C66: cmj8qinm301jlzcr3t0jy03j3 | D66: hybrid_v3_5 | E66: Scenario_1_v2 | F66: 21 | G66: sovereignty | H66: 0.164 | I66: 0.2292637 | J66: 0.30304115 | K66: =J66-I66 -> 0.073777452 | L66: 0.71319147
A67: b434ee79-78e2-4375-b6bd-654db3dcb67e | B67: cmj8qhtqa01j4zcr3cph50jjy | C67: cmj8qinm301jlzcr3t0jy03j3 | D67: hybrid_v3_5 | E67: Scenario_1_v2 | F67: 21 | G67: imagination_and_possibility | H67: 0.1607 | I67: 0.22464644 | J67: 0.31142554 | K67: =J67-I67 -> 0.086779101 | L67: 0.71319147
A68: b434ee79-78e2-4375-b6bd-654db3dcb67e | B68: cmj8qhtqa01j4zcr3cph50jjy | C68: cmj8qinm301jlzcr3t0jy03j3 | D68: hybrid_v3_5 | E68: Scenario_1_v2 | F68: 21 | G68: truth_and_fact | H68: 0.1 | I68: 0.17765075 | J68: 0.24112751 | K68: =J68-I68 -> 0.063476764 | L68: 0.71319147
A69: 1874bc44-4d64-48ba-a49d-8ad84a5fd7c6 | B69: cmj8qk86601jpzcr35ncaa7mq | C69: cmj8qlfns01k6zcr3sxsj4qs4 | D69: hybrid_v3_5 | E69: Scenario_1_v2 | F69: 23 | G69: temporal_dynamics | H69: 0.2036 | I69: 0.28607939 | J69: 0.34061183 | K69: =J69-I69 -> 0.054532439 | L69: 0.76713896 | N69: =AVERAGE(K69:K74) -> 0.054892293
A70: 1874bc44-4d64-48ba-a49d-8ad84a5fd7c6 | B70: cmj8qk86601jpzcr35ncaa7mq | C70: cmj8qlfns01k6zcr3sxsj4qs4 | D70: hybrid_v3_5 | E70: Scenario_1_v2 | F70: 23 | G70: practicality_and_feasibility | H70: 0.1983 | I70: 0.27869214 | J70: 0.33355948 | K70: =J70-I70 -> 0.05486734 | L70: 0.76713896
A71: 1874bc44-4d64-48ba-a49d-8ad84a5fd7c6 | B71: cmj8qk86601jpzcr35ncaa7mq | C71: cmj8qlfns01k6zcr3sxsj4qs4 | D71: hybrid_v3_5 | E71: Scenario_1_v2 | F71: 23 | G71: sovereignty | H71: 0.1668 | I71: 0.23447035 | J71: 0.27886434 | K71: =J71-I71 -> 0.044393992 | L71: 0.76713896
A72: 1874bc44-4d64-48ba-a49d-8ad84a5fd7c6 | B72: cmj8qk86601jpzcr35ncaa7mq | C72: cmj8qlfns01k6zcr3sxsj4qs4 | D72: hybrid_v3_5 | E72: Scenario_1_v2 | F72: 23 | G72: mathematics_computer_science_engineering | H72: 0.1662 | I72: 0.23355969 | J72: 0.26939062 | K72: =J72-I72 -> 0.035830936 | L72: 0.76713896
A73: 1874bc44-4d64-48ba-a49d-8ad84a5fd7c6 | B73: cmj8qk86601jpzcr35ncaa7mq | C73: cmj8qlfns01k6zcr3sxsj4qs4 | D73: hybrid_v3_5 | E73: Scenario_1_v2 | F73: 23 | G73: imagination_and_possibility | H73: 0.1651 | I73: 0.23195473 | J73: 0.30128186 | K73: =J73-I73 -> 0.069327131 | L73: 0.76713896
A74: 1874bc44-4d64-48ba-a49d-8ad84a5fd7c6 | B74: cmj8qk86601jpzcr35ncaa7mq | C74: cmj8qlfns01k6zcr3sxsj4qs4 | D74: hybrid_v3_5 | E74: Scenario_1_v2 | F74: 23 | G74: truth_and_fact | H74: 0.1 | I74: 0.16104652 | J74: 0.23144844 | K74: =J74-I74 -> 0.070401917 | L74: 0.76713896
A75: 1dc312d2-64fd-4a4b-bfc5-51618509fc25 | B75: cmj8qm76l01kazcr3y5nt4t5p | C75: cmj8qn8o101krzcr3vd36j2nx | D75: hybrid_v3_5 | E75: Scenario_1_v2 | F75: 25 | G75: practicality_and_feasibility | H75: 0.2075 | I75: 0.27237745 | J75: 0.39040193 | K75: =J75-I75 -> 0.11802447 | L75: 0.72568927 | N75: =AVERAGE(K75:K80) -> 0.10723274
A76: 1dc312d2-64fd-4a4b-bfc5-51618509fc25 | B76: cmj8qm76l01kazcr3y5nt4t5p | C76: cmj8qn8o101krzcr3vd36j2nx | D76: hybrid_v3_5 | E76: Scenario_1_v2 | F76: 25 | G76: temporal_dynamics | H76: 0.2043 | I76: 0.2682261 | J76: 0.33811604 | K76: =J76-I76 -> 0.069889943 | L76: 0.72568927
A77: 1dc312d2-64fd-4a4b-bfc5-51618509fc25 | B77: cmj8qm76l01kazcr3y5nt4t5p | C77: cmj8qn8o101krzcr3vd36j2nx | D77: hybrid_v3_5 | E77: Scenario_1_v2 | F77: 25 | G77: sovereignty | H77: 0.1701 | I77: 0.22325773 | J77: 0.31852914 | K77: =J77-I77 -> 0.095271411 | L77: 0.72568927
A78: 1dc312d2-64fd-4a4b-bfc5-51618509fc25 | B78: cmj8qm76l01kazcr3y5nt4t5p | C78: cmj8qn8o101krzcr3vd36j2nx | D78: hybrid_v3_5 | E78: Scenario_1_v2 | F78: 25 | G78: mathematics_computer_science_engineering | H78: 0.1657 | I78: 0.21753128 | J78: 0.33096756 | K78: =J78-I78 -> 0.11343628 | L78: 0.72568927
A79: 1dc312d2-64fd-4a4b-bfc5-51618509fc25 | B79: cmj8qm76l01kazcr3y5nt4t5p | C79: cmj8qn8o101krzcr3vd36j2nx | D79: hybrid_v3_5 | E79: Scenario_1_v2 | F79: 25 | G79: freedom_and_limitations | H79: 0.1524 | I79: 0.20002244 | J79: 0.30681418 | K79: =J79-I79 -> 0.10679174 | L79: 0.72568927
A80: 1dc312d2-64fd-4a4b-bfc5-51618509fc25 | B80: cmj8qm76l01kazcr3y5nt4t5p | C80: cmj8qn8o101krzcr3vd36j2nx | D80: hybrid_v3_5 | E80: Scenario_1_v2 | F80: 25 | G80: truth_and_fact | H80: 0.1 | I80: 0.1620867 | J80: 0.30206931 | K80: =J80-I80 -> 0.13998261 | L80: 0.72568927
A81: 8e7a9267-6b6b-46ec-b23d-df4d775b84e4 | B81: cmj8qo8fa01kvzcr3ieqq6x9f | C81: cmj8qp0tt01lczcr3xjcspcwv | D81: hybrid_v3_5 | E81: Scenario_1_v2 | F81: 27 | G81: practicality_and_feasibility | H81: 0.2043 | I81: 0.36435399 | J81: 0.38323189 | K81: =J81-I81 -> 0.018877895 | L81: 0.68375138 | N81: =AVERAGE(K81:K86) -> -0.01290694
A82: 8e7a9267-6b6b-46ec-b23d-df4d775b84e4 | B82: cmj8qo8fa01kvzcr3ieqq6x9f | C82: cmj8qp0tt01lczcr3xjcspcwv | D82: hybrid_v3_5 | E82: Scenario_1_v2 | F82: 27 | G82: temporal_dynamics | H82: 0.1877 | I82: 0.33477205 | J82: 0.33435663 | K82: =J82-I82 -> -0.00041541513 | L82: 0.68375138
A83: 8e7a9267-6b6b-46ec-b23d-df4d775b84e4 | B83: cmj8qo8fa01kvzcr3ieqq6x9f | C83: cmj8qp0tt01lczcr3xjcspcwv | D83: hybrid_v3_5 | E83: Scenario_1_v2 | F83: 27 | G83: mathematics_computer_science_engineering | H83: 0.1795 | I83: 0.32010186 | J83: 0.28951571 | K83: =J83-I83 -> -0.030586151 | L83: 0.68375138
A84: 8e7a9267-6b6b-46ec-b23d-df4d775b84e4 | B84: cmj8qo8fa01kvzcr3ieqq6x9f | C84: cmj8qp0tt01lczcr3xjcspcwv | D84: hybrid_v3_5 | E84: Scenario_1_v2 | F84: 27 | G84: affective_interface | H84: 0.1667 | I84: 0.29729849 | J84: 0.25791512 | K84: =J84-I84 -> -0.039383375 | L84: 0.68375138
A85: 8e7a9267-6b6b-46ec-b23d-df4d775b84e4 | B85: cmj8qo8fa01kvzcr3ieqq6x9f | C85: cmj8qp0tt01lczcr3xjcspcwv | D85: hybrid_v3_5 | E85: Scenario_1_v2 | F85: 27 | G85: sovereignty | H85: 0.1618 | I85: 0.28845464 | J85: 0.28722858 | K85: =J85-I85 -> -0.0012260633 | L85: 0.68375138
A86: 8e7a9267-6b6b-46ec-b23d-df4d775b84e4 | B86: cmj8qo8fa01kvzcr3ieqq6x9f | C86: cmj8qp0tt01lczcr3xjcspcwv | D86: hybrid_v3_5 | E86: Scenario_1_v2 | F86: 27 | G86: truth_and_fact | H86: 0.1 | I86: 0.26201803 | J86: 0.2373095 | K86: =J86-I86 -> -0.024708533 | L86: 0.68375138
A87: eb569240-11ff-4999-949b-89152967db06 | B87: cmj8qpsef01lgzcr39qkqtxx2 | C87: cmj8qqcc501lxzcr3r94jehsq | D87: hybrid_v3_5 | E87: Scenario_1_v2 | F87: 29 | G87: practicality_and_feasibility | H87: 0.2187 | I87: 0.36626493 | J87: 0.39180281 | K87: =J87-I87 -> 0.025537883 | L87: 0.77881066 | N87: =AVERAGE(K87:K92) -> 0.040174174
A88: eb569240-11ff-4999-949b-89152967db06 | B88: cmj8qpsef01lgzcr39qkqtxx2 | C88: cmj8qqcc501lxzcr3r94jehsq | D88: hybrid_v3_5 | E88: Scenario_1_v2 | F88: 29 | G88: temporal_dynamics | H88: 0.1879 | I88: 0.31481018 | J88: 0.34056629 | K88: =J88-I88 -> 0.025756113 | L88: 0.77881066
A89: eb569240-11ff-4999-949b-89152967db06 | B89: cmj8qpsef01lgzcr39qkqtxx2 | C89: cmj8qqcc501lxzcr3r94jehsq | D89: hybrid_v3_5 | E89: Scenario_1_v2 | F89: 29 | G89: imagination_and_possibility | H89: 0.1774 | I89: 0.29711748 | J89: 0.332766 | K89: =J89-I89 -> 0.035648514 | L89: 0.77881066
A90: eb569240-11ff-4999-949b-89152967db06 | B90: cmj8qpsef01lgzcr39qkqtxx2 | C90: cmj8qqcc501lxzcr3r94jehsq | D90: hybrid_v3_5 | E90: Scenario_1_v2 | F90: 29 | G90: mathematics_computer_science_engineering | H90: 0.1668 | I90: 0.27939113 | J90: 0.34904575 | K90: =J90-I90 -> 0.069654615 | L90: 0.77881066
A91: eb569240-11ff-4999-949b-89152967db06 | B91: cmj8qpsef01lgzcr39qkqtxx2 | C91: cmj8qqcc501lxzcr3r94jehsq | D91: hybrid_v3_5 | E91: Scenario_1_v2 | F91: 29 | G91: freedom_and_limitations | H91: 0.1492 | I91: 0.24990579 | J91: 0.28845204 | K91: =J91-I91 -> 0.03854625 | L91: 0.77881066
A92: eb569240-11ff-4999-949b-89152967db06 | B92: cmj8qpsef01lgzcr39qkqtxx2 | C92: cmj8qqcc501lxzcr3r94jehsq | D92: hybrid_v3_5 | E92: Scenario_1_v2 | F92: 29 | G92: truth_and_fact | H92: 0.1 | I92: 0.22012007 | J92: 0.26602173 | K92: =J92-I92 -> 0.045901668 | L92: 0.77881066
A93: 18c78513-bd4b-466a-bc2a-6fdc389703e7 | B93: cmj8qrmag01m1zcr3dsmjvtcs | C93: cmj8qsbg901mizcr3k6v55jyu | D93: hybrid_v3_5 | E93: Scenario_1_v2 | F93: 31 | G93: practicality_and_feasibility | H93: 0.1972 | I93: 0.31167905 | J93: 0.33383192 | K93: =J93-I93 -> 0.022152864 | L93: 0.72071281 | N93: =AVERAGE(K93:K98) -> 0.026085576
A94: 18c78513-bd4b-466a-bc2a-6fdc389703e7 | B94: cmj8qrmag01m1zcr3dsmjvtcs | C94: cmj8qsbg901mizcr3k6v55jyu | D94: hybrid_v3_5 | E94: Scenario_1_v2 | F94: 31 | G94: mathematics_computer_science_engineering | H94: 0.1912 | I94: 0.30218253 | J94: 0.30800177 | K94: =J94-I94 -> 0.0058192387 | L94: 0.72071281
A95: 18c78513-bd4b-466a-bc2a-6fdc389703e7 | B95: cmj8qrmag01m1zcr3dsmjvtcs | C95: cmj8qsbg901mizcr3k6v55jyu | D95: hybrid_v3_5 | E95: Scenario_1_v2 | F95: 31 | G95: temporal_dynamics | H95: 0.1791 | I95: 0.2830289 | J95: 0.33984744 | K95: =J95-I95 -> 0.056818541 | L95: 0.72071281
A96: 18c78513-bd4b-466a-bc2a-6fdc389703e7 | B96: cmj8qrmag01m1zcr3dsmjvtcs | C96: cmj8qsbg901mizcr3k6v55jyu | D96: hybrid_v3_5 | E96: Scenario_1_v2 | F96: 31 | G96: imagination_and_possibility | H96: 0.1684 | I96: 0.26608815 | J96: 0.28912837 | K96: =J96-I96 -> 0.023040222 | L96: 0.72071281
A97: 18c78513-bd4b-466a-bc2a-6fdc389703e7 | B97: cmj8qrmag01m1zcr3dsmjvtcs | C97: cmj8qsbg901mizcr3k6v55jyu | D97: hybrid_v3_5 | E97: Scenario_1_v2 | F97: 31 | G97: electricity | H97: 0.1642 | I97: 0.25946716 | J97: 0.23420926 | K97: =J97-I97 -> -0.025257898 | L97: 0.72071281
A98: 18c78513-bd4b-466a-bc2a-6fdc389703e7 | B98: cmj8qrmag01m1zcr3dsmjvtcs | C98: cmj8qsbg901mizcr3k6v55jyu | D98: hybrid_v3_5 | E98: Scenario_1_v2 | F98: 31 | G98: truth_and_fact | H98: 0.1 | I98: 0.19981419 | J98: 0.27375468 | K98: =J98-I98 -> 0.073940488 | L98: 0.72071281
A99: 21fe5585-445f-4d23-b6a9-213259d2c750 | B99: cmj8qtvox01mmzcr3yv2d3umz | C99: cmj8qupau01n3zcr3kyeat5c8 | D99: hybrid_v3_5 | E99: Scenario_1_v2 | F99: 33 | G99: temporal_dynamics | H99: 0.2127 | I99: 0.29919735 | J99: 0.3289795 | K99: =J99-I99 -> 0.029782153 | L99: 0.77253676 | N99: =AVERAGE(K99:K104) -> 0.030590469
A100: 21fe5585-445f-4d23-b6a9-213259d2c750 | B100: cmj8qtvox01mmzcr3yv2d3umz | C100: cmj8qupau01n3zcr3kyeat5c8 | D100: hybrid_v3_5 | E100: Scenario_1_v2 | F100: 33 | G100: practicality_and_feasibility | H100: 0.1933 | I100: 0.27194391 | J100: 0.33261623 | K100: =J100-I100 -> 0.06067232 | L100: 0.77253676
A101: 21fe5585-445f-4d23-b6a9-213259d2c750 | B101: cmj8qtvox01mmzcr3yv2d3umz | C101: cmj8qupau01n3zcr3kyeat5c8 | D101: hybrid_v3_5 | E101: Scenario_1_v2 | F101: 33 | G101: electricity | H101: 0.1702 | I101: 0.23945589 | J101: 0.21811676 | K101: =J101-I101 -> -0.021339133 | L101: 0.77253676
...

Sheet Notes
A1: p calculation | F1: prompt_to_response | G1: Average activation/turn
A3: 1. count | B3: =COUNT(scen1_hybrid!K3:K148) -> 146 | C3: activation delta
A4: 2. t statistic | B4: =scen1_hybrid!Q3*SQRT((B3-2)/(1-scen1_hybrid!Q3^2)) -> -0.48704759
A5: 3. p | B5: =_xlfn.T.DIST.2T(ABS(B4),B3-2) -> 0.62696517

Sheet activation delta to response_pr
B2: prompt_to_response | C2: Average activation/turn | H2: Correlation | I2: count | J2: T-statistic | K2: p
A3: 1 | B3: 0.83430834 | C3: 0.054866325 | H3: =CORREL(B3:B27,C3:C27) -> 0.22825949 | I3: =COUNT(C3:C27) -> 25 | J3: =H3*SQRT((I3-2)/(1-H3^2)) -> 1.1243772 | K3: =_xlfn.T.DIST.2T(ABS(J3),I3-2) -> 0.27245121
A4: 2 | B4: 0.78737809 | C4: 0.049421284
A5: 3 | B5: 0.82347011 | C5: 0.032563898
A6: 4 | B6: 0.64138219 | C6: 0.066348788
A7: 5 | B7: 0.64856074 | C7: 0.041698828
A8: 6 | B8: 0.73754073 | C8: -0.010193693
A9: 7 | B9: 0.63496808 | C9: 0.044206235
A10: 8 | B10: 0.74640085 | C10: 0.026024486
A11: 9 | B11: 0.68880534 | C11: -0.0050047294
A12: 10 | B12: 0.74363979 | C12: 0.047622962
A13: 11 | B13: 0.71319147 | C13: 0.065668477
A14: 12 | B14: 0.76713896 | C14: 0.054892293
A15: 13 | B15: 0.72568927 | C15: 0.10723274
... A27: 25 | B27: 0.70629147 | C27: 0.042409837

Sheet control_hybrid stats
H2: Tests | L2: Paired t-test
B3: hybrid | C3: control | E3: std. Hybrid | F3: std. Control | G3: F. test | H3: T. Test equal variances | I3: T.Test unequal | J3: Mean difference | L3: Alpha | M3: 0.05
A4: 1 | B4: 0.83430834 | C4: 0.84316826 | E4: =_xlfn.STDEV.S(B4:B28) -> 0.056581542 | F4: =_xlfn.STDEV.S(C4:C28) -> 0.11788306 | G4: =_xlfn.F.TEST(B4:B28,C4:C28) -> 0.00063255311 | H4: =_xlfn.T.TEST(B4:B28, C4:C28, 2,2) -> 5.7118842e-08 | I4: =_xlfn.T.TEST(B4:B28,C4:C28, 2,3) -> 2.3132071e-07 | J4: =AVERAGE(B4:B28)-AVERAGE(C4:C28) -> 0.16788549 | L4: Hypothesized Mean Difference | M4: 0
A5: 2 | B5: 0.78737809 | C5: 0.41048157 | M5: Variable 1 | N5: Variable 2
A6: 3 | B6: 0.82347011 | C6: 0.55797537 | L6: Mean | M6: =AVERAGE('control_hybrid stats'!$B$4:$B$28) -> 0.73055098 | N6: =AVERAGE('control_hybrid stats'!$C$4:$C$28) -> 0.56266549
A7: 4 | B7: 0.64138219 | C7: 0.61915827 | L7: Variance | M7: =VAR('control_hybrid stats'!$B$4:$B$28) -> 0.0032014709 | N7: =VAR('control_hybrid stats'!$C$4:$C$28) -> 0.013896415
A8: 5 | B8: 0.64856074 | C8: 0.40396308 | L8: Observations | M8: =COUNT('control_hybrid stats'!$B$4:$B$28) -> 25 | N8: =COUNT('control_hybrid stats'!$C$4:$C$28) -> 25
A9: 6 | B9: 0.73754073 | C9: 0.57074388 | L9: Pearson Correlation | M9: =CORREL('control_hybrid stats'!$B$4:$B$28,'control_hybrid stats'!$C$4:$C$28) -> 0.22924188
A10: 7 | B10: 0.63496808 | C10: 0.61160895 | L10: Observed Mean Difference | M10: {=AVERAGE(IF(ISODD(IF(ISNUMBER('control_hybrid stats'!$B$4:$B$28), 1, 0) * IF(ISNUMBER('control_hybrid stats'!$C$4:$C$28), 1, 0)), 'control_hybrid stats'!$B$4:$B$28 - 'control_hybrid stats'!$C$4:$C$28, "NA"))} -> 0.16788549
A11: 8 | B11: 0.74640085 | C11: 0.51665839 | L11: Variance of the Differences | M11: {=VAR(IF(ISODD(IF(ISNUMBER('control_hybrid stats'!$B$4:$B$28), 1, 0) * IF(ISNUMBER('control_hybrid stats'!$C$4:$C$28), 1, 0)), 'control_hybrid stats'!$B$4:$B$28 - 'control_hybrid stats'!$C$4:$C$28, "NA"))} -> 0.014039797
A12: 9 | B12: 0.68880534 | C12: 0.51910728 | L12: df | M12: {=SUM(IF(ISNUMBER('control_hybrid stats'!$B$4:$B$28), 1, 0) * IF(ISNUMBER('control_hybrid stats'!$C$4:$C$28), 1, 0)) - 1} -> 24
A13: 10 | B13: 0.74363979 | C13: 0.68124246 | L13: t Stat | M13: =('control_hybrid stats'!$M$10 - 'control_hybrid stats'!$M$4) / ('control_hybrid stats'!$M$11 / ( 'control_hybrid stats'!$M$12 + 1)) ^ 0.5 -> 7.0843949
A14: 11 | B14: 0.71319147 | C14: 0.66509925 | L14: P (T<=t) one-tail | M14: =TDIST(ABS('control_hybrid stats'!$M$13), 'control_hybrid stats'!$M$12, 1) -> 1.2646132e-07
A15: 12 | B15: 0.76713896 | C15: 0.68559512 | L15: t Critical one-tail | M15: =TINV(2*'control_hybrid stats'!$M$3, 'control_hybrid stats'!$M$12) -> 1.7108821
A16: 13 | B16: 0.72568927 | C16: 0.65114377 | L16: P (T<=t) two-tail | M16: =TDIST(ABS('control_hybrid stats'!$M$13), 'control_hybrid stats'!$M$12, 2) -> 2.5292263e-07
A17: 14 | B17: 0.68375138 | C17: 0.60348677 | L17: t Critical two-tail | M17: =TINV('control_hybrid stats'!$M$3, 'control_hybrid stats'!$M$12) -> 2.0638986
A18: 15 | B18: 0.77881066 | C18: 0.49806868
A19: 16 | B19: 0.72071281 | C19: 0.63037797
A20: 17 | B20: 0.77253676 | C20: 0.65792717
A21: 18 | B21: 0.70540047 | C21: 0.56086051
A22: 19 | B22: 0.6540305 | C22: 0.50207793
A23: 20 | B23: 0.81993506 | C23: 0.47716849
A24: 21 | B24: 0.77593529 | C24: 0.49071258
A25: 22 | B25: 0.68930606 | C25: 0.37364723
A26: 23 | B26: 0.75786237 | C26: 0.656355
A27: 24 | B27: 0.70672767 | C27: 0.57973183
A28: 25 | B28: 0.70629147 | C28: 0.30027741
H32: Tests | L32: Paired t-test
B33: hybrid | C33: ac15p | E33: std. Hybrid | F33: ac15p | G33: F. test | H33: T. Test equal variances | I33: T.Test unequal | J33: Mean difference | L33: Alpha | M33: 0.05
A34: 1 | B34: 0.83430834 | C34: 0.82032979 | E34: =_xlfn.STDEV.S(B34:B58) -> 0.056581542 | F34: =_xlfn.STDEV.S(C34:C58) -> 0.067896899 | G34: =_xlfn.F.TEST(B34:B58,C34:C58) -> 0.37806646 | H34: =_xlfn.T.TEST(B34:B58, C34:C58, 2,2) -> 0.99211813 | I34: =_xlfn.T.TEST(B34:B58,C34:C58, 2,3) -> 0.99211947 | J34: =AVERAGE(B34:B58)-AVERAGE(C34:C58) -> -0.00017553112 | L34: Hypothesized Mean Difference | M34: 0
A35: 2 | B35: 0.78737809 | C35: 0.76020895 | M35: Variable 1 | N35: Variable 2
A36: 3 | B36: 0.82347011 | C36: 0.77935892 | L36: Mean | M36: =AVERAGE('control_hybrid stats'!$B$34:$B$58) -> 0.73055098 | N36: =AVERAGE('control_hybrid stats'!$C$34:$C$58) -> 0.73072651
A37: 4 | B37: 0.64138219 | C37: 0.65547417 | L37: Variance | M37: =VAR('control_hybrid stats'!$B$34:$B$58) -> 0.0032014709 | N37: =VAR('control_hybrid stats'!$C$34:$C$58) -> 0.004609989
A38: 5 | B38: 0.64856074 | C38: 0.60148827 | L38: Observations | M38: =COUNT('control_hybrid stats'!$B$34:$B$58) -> 25 | N38: =COUNT('control_hybrid stats'!$C$34:$C$58) -> 25
A39: 6 | B39: 0.73754073 | C39: 0.80260511 | L39: Pearson Correlation | M39: =CORREL('control_hybrid stats'!$B$34:$B$58,'control_hybrid stats'!$C$34:$C$58) -> 0.75938621
A40: 7 | B40: 0.63496808 | C40: 0.64887842 | L40: Observed Mean Difference | M40: {=AVERAGE(IF(ISODD(IF(ISNUMBER('control_hybrid stats'!$B$34:$B$58), 1, 0) * IF(ISNUMBER('control_hybrid stats'!$C$34:$C$58), 1, 0)), 'control_hybrid stats'!$B$34:$B$58 - 'control_hybrid stats'!$C$34:$C$58, "NA"))} -> -0.00017553112
A41: 8 | B41: 0.74640085 | C41: 0.75255045 | L41: Variance of the Differences | M41: {=VAR(IF(ISODD(IF(ISNUMBER('control_hybrid stats'!$B$34:$B$58), 1, 0) * IF(ISNUMBER('control_hybrid stats'!$C$34:$C$58), 1, 0)), 'control_hybrid stats'!$B$34:$B$58 - 'control_hybrid stats'!$C$34:$C$58, "NA"))} -> 0.0019767747
A42: 9 | B42: 0.68880534 | C42: 0.72599844 | L42: df | M42: {=SUM(IF(ISNUMBER('control_hybrid stats'!$B$34:$B$58), 1, 0) * IF(ISNUMBER('control_hybrid stats'!$C$34:$C$58), 1, 0)) - 1} -> 24
A43: 10 | B43: 0.74363979 | C43: 0.70681936 | L43: t Stat | M43: =('control_hybrid stats'!$M$40 - 'control_hybrid stats'!$M$34) / ('control_hybrid stats'!$M$41 / ( 'control_hybrid stats'!$M$42 + 1)) ^ 0.5 -> -0.019739927
A44: 11 | B44: 0.71319147 | C44: 0.66388414 | L44: P (T<=t) one-tail | M44: =TDIST(ABS('control_hybrid stats'!$M$43), 'control_hybrid stats'!$M$42, 1) -> 0.49220702
A45: 12 | B45: 0.76713896 | C45: 0.80868052 | L45: t Critical one-tail | M45: =TINV(2*'control_hybrid stats'!$M$33, 'control_hybrid stats'!$M$42) -> 1.7108821
A46: 13 | B46: 0.72568927 | C46: 0.69778979 | L46: P (T<=t) two-tail | M46: =TDIST(ABS('control_hybrid stats'!$M$43), 'control_hybrid stats'!$M$42, 2) -> 0.98441404
A47: 14 | B47: 0.68375138 | C47: 0.74964989 | L47: t Critical two-tail | M47: =TINV('control_hybrid stats'!$M$33, 'control_hybrid stats'!$M$42) -> 2.0638986
A48: 15 | B48: 0.77881066 | C48: 0.73696733
A49: 16 | B49: 0.72071281 | C49: 0.76410474
A50: 17 | B50: 0.77253676 | C50: 0.72250109
A51: 18 | B51: 0.70540047 | C51: 0.68518215
A52: 19 | B52: 0.6540305 | C52: 0.57422987
A53: 20 | B53: 0.81993506 | C53: 0.86281466
A54: 21 | B54: 0.77593529 | C54: 0.7664436
A55: 22 | B55: 0.68930606 | C55: 0.75721945
A56: 23 | B56: 0.75786237 | C56: 0.75138095
A57: 24 | B57: 0.70672767 | C57: 0.7835788
A58: 25 | B58: 0.70629147 | C58: 0.69002391
