Workbook

Sheet sims_per_turn_scen7
A2: Turn | B2: ac15p | C2: Hybrid | D2: Hybsem | E2: ac15 | F2: control
A3: 1 | B3: 0.72660445 | C3: 0.74561822 | D3: 0.72409953 | E3: 0.72607266 | F3: 0.78035784
A4: 2 | B4: 0.70895983 | C4: 0.73196562 | D4: 0.69040579 | E4: 0.6826637 | F4: 0.41620709
A5: 3 | B5: 0.65625079 | C5: 0.55634941 | D5: 0.66442409 | E5: 0.61522445 | F5: 0.44069473
A6: 4 | B6: 0.68248006 | C6: 0.74696128 | D6: 0.73787209 | E6: 0.72861828 | F6: 0.50298343
A7: 5 | B7: 0.75066609 | C7: 0.73630313 | D7: 0.73166495 | E7: 0.68860406 | F7: 0.64837824
A8: 6 | B8: 0.69003761 | C8: 0.69306052 | D8: 0.72767432 | E8: 0.66907489 | F8: 0.55690541
A9: 7 | B9: 0.70889799 | C9: 0.74859756 | D9: 0.78515917 | E9: 0.7593725 | F9: 0.67658778
A10: 8 | B10: 0.68554662 | C10: 0.70516594 | D10: 0.69936593 | E10: 0.6958285 | F10: 0.53755699
A11: 9 | B11: 0.72762952 | C11: 0.75036872 | D11: 0.74686473 | E11: 0.77989957 | F11: 0.54745066
A12: 10 | B12: 0.63748551 | C12: 0.682433 | D12: 0.68571667 | E12: 0.6325723 | F12: 0.40447571
A13: 11 | B13: 0.71798946 | C13: 0.72387381 | D13: 0.76511491 | E13: 0.73306421 | F13: 0.57351245
A14: 12 | B14: 0.77090629 | C14: 0.66770176 | D14: 0.73664424 | E14: 0.69302754 | F14: 0.68842639
... A27: 25 | B27: 0.76958641 | C27: 0.727724 | D27: 0.76225457 | E27: 0.74520686 | F27: 0.4547081
B33: per turn, prompt-response deltas
A35: Turn | B35: Hybsem | C35: Hybrid | D35: Delta=hybrid-hybsem | E35: ABS delta | F35: Mean difference | G35: std delta | I35: Paired t-test
A36: 1 | B36: 0.72409953 | C36: 0.74561822 | D36: =C36-B36 -> 0.021518688 | E36: =ABS(D36) -> 0.021518688 | F36: =AVERAGE(D36:D60) -> 0.0016729357 | G36: =_xlfn.STDEV.S(D36:D60) -> 0.043070731 | I36: Alpha | J36: 0.05
A37: 2 | B37: 0.69040579 | C37: 0.73196562 | D37: =C37-B37 -> 0.041559836 | E37: =ABS(D37) -> 0.041559836 | I37: Hypothesized Mean Difference | J37: 0
A38: 3 | B38: 0.66442409 | C38: 0.55634941 | D38: =C38-B38 -> -0.10807468 | E38: =ABS(D38) -> 0.10807468 | J38: Variable 1 | K38: Variable 2
A39: 4 | B39: 0.73787209 | C39: 0.74696128 | D39: =C39-B39 -> 0.0090891899 | E39: =ABS(D39) -> 0.0090891899 | I39: Mean | J39: =AVERAGE(sims_per_turn_scen7!$B$35:$B$60) -> 0.72061831 | K39: =AVERAGE(sims_per_turn_scen7!$C$35:$C$60) -> 0.72229125
A40: 5 | B40: 0.73166495 | C40: 0.73630313 | D40: =C40-B40 -> 0.004638178 | E40: =ABS(D40) -> 0.004638178 | I40: Variance | J40: =VAR(sims_per_turn_scen7!$B$35:$B$60) -> 0.0024899574 | K40: =VAR(sims_per_turn_scen7!$C$35:$C$60) -> 0.0025385628
A41: 6 | B41: 0.72767432 | C41: 0.69306052 | D41: =C41-B41 -> -0.034613796 | E41: =ABS(D41) -> 0.034613796 | I41: Observations | J41: =COUNT(sims_per_turn_scen7!$B$35:$B$60) -> 25 | K41: =COUNT(sims_per_turn_scen7!$C$35:$C$60) -> 25
A42: 7 | B42: 0.78515917 | C42: 0.74859756 | D42: =C42-B42 -> -0.036561609 | E42: =ABS(D42) -> 0.036561609 | I42: Pearson Correlation | J42: =CORREL(sims_per_turn_scen7!$B$35:$B$60,sims_per_turn_scen7!$C$35:$C$60) -> 0.6311162
A43: 8 | B43: 0.69936593 | C43: 0.70516594 | D43: =C43-B43 -> 0.0058000054 | E43: =ABS(D43) -> 0.0058000054 | I43: Observed Mean Difference | J43: {=AVERAGE(IF(ISODD(IF(ISNUMBER(sims_per_turn_scen7!$B$35:$B$60), 1, 0) * IF(ISNUMBER(sims_per_turn_scen7!$C$35:$C$60), 1, 0)), sims_per_turn_scen7!$B$35:$B$60 - sims_per_turn_scen7!$C$35:$C$60, "NA"))} -> -0.0016729357
A44: 9 | B44: 0.74686473 | C44: 0.75036872 | D44: =C44-B44 -> 0.0035039841 | E44: =ABS(D44) -> 0.0035039841 | I44: Variance of the Differences | J44: {=VAR(IF(ISODD(IF(ISNUMBER(sims_per_turn_scen7!$B$35:$B$60), 1, 0) * IF(ISNUMBER(sims_per_turn_scen7!$C$35:$C$60), 1, 0)), sims_per_turn_scen7!$B$35:$B$60 - sims_per_turn_scen7!$C$35:$C$60, "NA"))} -> 0.0018550879
A45: 10 | B45: 0.68571667 | C45: 0.682433 | D45: =C45-B45 -> -0.0032836738 | E45: =ABS(D45) -> 0.0032836738 | I45: df | J45: {=SUM(IF(ISNUMBER(sims_per_turn_scen7!$B$35:$B$60), 1, 0) * IF(ISNUMBER(sims_per_turn_scen7!$C$35:$C$60), 1, 0)) - 1} -> 24
A46: 11 | B46: 0.76511491 | C46: 0.72387381 | D46: =C46-B46 -> -0.041241095 | E46: =ABS(D46) -> 0.041241095 | I46: t Stat | J46: =(sims_per_turn_scen7!$J$43 - sims_per_turn_scen7!$J$37) / (sims_per_turn_scen7!$J$44 / ( sims_per_turn_scen7!$J$45 + 1)) ^ 0.5 -> -0.19420795
A47: 12 | B47: 0.73664424 | C47: 0.66770176 | D47: =C47-B47 -> -0.068942473 | E47: =ABS(D47) -> 0.068942473 | I47: P (T<=t) one-tail | J47: =TDIST(ABS(sims_per_turn_scen7!$J$46), sims_per_turn_scen7!$J$45, 1) -> 0.42382377
A48: 13 | B48: 0.67866651 | C48: 0.72995268 | D48: =C48-B48 -> 0.051286169 | E48: =ABS(D48) -> 0.051286169 | I48: t Critical one-tail | J48: =TINV(2*sims_per_turn_scen7!$J$36, sims_per_turn_scen7!$J$45) -> 1.7108821
A49: 14 | B49: 0.80014865 | C49: 0.79516956 | D49: =C49-B49 -> -0.004979093 | E49: =ABS(D49) -> 0.004979093 | I49: P (T<=t) two-tail | J49: =TDIST(ABS(sims_per_turn_scen7!$J$46), sims_per_turn_scen7!$J$45, 2) -> 0.84764754
A50: 15 | B50: 0.61365644 | C50: 0.64136105 | D50: =C50-B50 -> 0.027704615 | E50: =ABS(D50) -> 0.027704615 | I50: t Critical two-tail | J50: =TINV(sims_per_turn_scen7!$J$36, sims_per_turn_scen7!$J$45) -> 2.0638986
A51: 16 | B51: 0.70191453 | C51: 0.75855012 | D51: =C51-B51 -> 0.056635589 | E51: =ABS(D51) -> 0.056635589
A52: 17 | B52: 0.69604098 | C52: 0.69417603 | D52: =C52-B52 -> -0.0018649528 | E52: =ABS(D52) -> 0.0018649528
A53: 18 | B53: 0.76411137 | C53: 0.75354741 | D53: =C53-B53 -> -0.010563961 | E53: =ABS(D53) -> 0.010563961
A54: 19 | B54: 0.61294959 | C54: 0.71847314 | D54: =C54-B54 -> 0.10552355 | E54: =ABS(D54) -> 0.10552355
A55: 20 | B55: 0.76123446 | C55: 0.75453899 | D55: =C55-B55 -> -0.0066954637 | E55: =ABS(D55) -> 0.0066954637
A56: 21 | B56: 0.70854575 | C56: 0.71601755 | D56: =C56-B56 -> 0.0074718001 | E56: =ABS(D56) -> 0.0074718001
A57: 22 | B57: 0.75606945 | C57: 0.75187651 | D57: =C57-B57 -> -0.0041929363 | E57: =ABS(D57) -> 0.0041929363
A58: 23 | B58: 0.67153187 | C58: 0.71733009 | D58: =C58-B58 -> 0.045798221 | E58: =ABS(D58) -> 0.045798221
A59: 24 | B59: 0.79332729 | C59: 0.81016516 | D59: =C59-B59 -> 0.016837868 | E59: =ABS(D59) -> 0.016837868
A60: 25 | B60: 0.76225457 | C60: 0.727724 | D60: =C60-B60 -> -0.034530571 | E60: =ABS(D60) -> 0.034530571
A63: Turn | B63: ac15p | C63: ac15 | D63: Delta=ac15-ac15p | E63: ABS delta | F63: Mean difference | G63: std delta | I63: Paired t-test
A64: 1 | B64: 0.72660445 | C64: 0.72607266 | D64: =C64-B64 -> -0.00053179189 | E64: =ABS(D64) -> 0.00053179189 | F64: =AVERAGE(D64:D88) -> 0.0016772654 | G64: =_xlfn.STDEV.S(D64:D88) -> 0.034658588 | I64: Alpha | J64: 0.05
A65: 2 | B65: 0.70895983 | C65: 0.6826637 | D65: =C65-B65 -> -0.026296131 | E65: =ABS(D65) -> 0.026296131 | I65: Hypothesized Mean Difference | J65: 0
A66: 3 | B66: 0.65625079 | C66: 0.61522445 | D66: =C66-B66 -> -0.041026337 | E66: =ABS(D66) -> 0.041026337 | J66: Variable 1 | K66: Variable 2
A67: 4 | B67: 0.68248006 | C67: 0.72861828 | D67: =C67-B67 -> 0.046138211 | E67: =ABS(D67) -> 0.046138211 | I67: Mean | J67: =AVERAGE(sims_per_turn_scen7!$B$63:$B$88) -> 0.71141589 | K67: =AVERAGE(sims_per_turn_scen7!$C$63:$C$88) -> 0.71309316
A68: 5 | B68: 0.75066609 | C68: 0.68860406 | D68: =C68-B68 -> -0.062062032 | E68: =ABS(D68) -> 0.062062032 | I68: Variance | J68: =VAR(sims_per_turn_scen7!$B$63:$B$88) -> 0.0022639834 | K68: =VAR(sims_per_turn_scen7!$C$63:$C$88) -> 0.0032810847
A69: 6 | B69: 0.69003761 | C69: 0.66907489 | D69: =C69-B69 -> -0.02096272 | E69: =ABS(D69) -> 0.02096272 | I69: Observations | J69: =COUNT(sims_per_turn_scen7!$B$63:$B$88) -> 25 | K69: =COUNT(sims_per_turn_scen7!$C$63:$C$88) -> 25
A70: 7 | B70: 0.70889799 | C70: 0.7593725 | D70: =C70-B70 -> 0.050474514 | E70: =ABS(D70) -> 0.050474514 | I70: Pearson Correlation | J70: =CORREL(sims_per_turn_scen7!$B$63:$B$88,sims_per_turn_scen7!$C$63:$C$88) -> 0.7968921
A71: 8 | B71: 0.68554662 | C71: 0.6958285 | D71: =C71-B71 -> 0.010281884 | E71: =ABS(D71) -> 0.010281884 | I71: Observed Mean Difference | J71: {=AVERAGE(IF(ISODD(IF(ISNUMBER(sims_per_turn_scen7!$B$63:$B$88), 1, 0) * IF(ISNUMBER(sims_per_turn_scen7!$C$63:$C$88), 1, 0)), sims_per_turn_scen7!$B$63:$B$88 - sims_per_turn_scen7!$C$63:$C$88, "NA"))} -> -0.0016772654
A72: 9 | B72: 0.72762952 | C72: 0.77989957 | D72: =C72-B72 -> 0.052270058 | E72: =ABS(D72) -> 0.052270058 | I72: Variance of the Differences | J72: {=VAR(IF(ISODD(IF(ISNUMBER(sims_per_turn_scen7!$B$63:$B$88), 1, 0) * IF(ISNUMBER(sims_per_turn_scen7!$C$63:$C$88), 1, 0)), sims_per_turn_scen7!$B$63:$B$88 - sims_per_turn_scen7!$C$63:$C$88, "NA"))} -> 0.0012012177
A73: 10 | B73: 0.63748551 | C73: 0.6325723 | D73: =C73-B73 -> -0.0049132161 | E73: =ABS(D73) -> 0.0049132161 | I73: df | J73: {=SUM(IF(ISNUMBER(sims_per_turn_scen7!$B$63:$B$88), 1, 0) * IF(ISNUMBER(sims_per_turn_scen7!$C$63:$C$88), 1, 0)) - 1} -> 24
A74: 11 | B74: 0.71798946 | C74: 0.73306421 | D74: =C74-B74 -> 0.015074756 | E74: =ABS(D74) -> 0.015074756 | I74: t Stat | J74: =(sims_per_turn_scen7!$J$71 - sims_per_turn_scen7!$J$65) / (sims_per_turn_scen7!$J$72 / ( sims_per_turn_scen7!$J$73 + 1)) ^ 0.5 -> -0.24196967
A75: 12 | B75: 0.77090629 | C75: 0.69302754 | D75: =C75-B75 -> -0.077878751 | E75: =ABS(D75) -> 0.077878751 | I75: P (T<=t) one-tail | J75: =TDIST(ABS(sims_per_turn_scen7!$J$74), sims_per_turn_scen7!$J$73, 1) -> 0.40542965
A76: 13 | B76: 0.7098279 | C76: 0.70443832 | D76: =C76-B76 -> -0.005389583 | E76: =ABS(D76) -> 0.005389583 | I76: t Critical one-tail | J76: =TINV(2*sims_per_turn_scen7!$J$64, sims_per_turn_scen7!$J$73) -> 1.7108821
A77: 14 | B77: 0.824776 | C77: 0.8229238 | D77: =C77-B77 -> -0.0018522001 | E77: =ABS(D77) -> 0.0018522001 | I77: P (T<=t) two-tail | J77: =TDIST(ABS(sims_per_turn_scen7!$J$74), sims_per_turn_scen7!$J$73, 2) -> 0.8108593
A78: 15 | B78: 0.6113315 | C78: 0.59885683 | D78: =C78-B78 -> -0.012474677 | E78: =ABS(D78) -> 0.012474677 | I78: t Critical two-tail | J78: =TINV(sims_per_turn_scen7!$J$64, sims_per_turn_scen7!$J$73) -> 2.0638986
A79: 16 | B79: 0.74347337 | C79: 0.74588549 | D79: =C79-B79 -> 0.0024121224 | E79: =ABS(D79) -> 0.0024121224
A80: 17 | B80: 0.6577691 | C80: 0.62741304 | D80: =C80-B80 -> -0.030356063 | E80: =ABS(D80) -> 0.030356063
A81: 18 | B81: 0.73366789 | C81: 0.76472415 | D81: =C81-B81 -> 0.031056259 | E81: =ABS(D81) -> 0.031056259
A82: 19 | B82: 0.66476983 | C82: 0.66544272 | D82: =C82-B82 -> 0.00067288558 | E82: =ABS(D82) -> 0.00067288558
A83: 20 | B83: 0.73551176 | C83: 0.73912001 | D83: =C83-B83 -> 0.0036082486 | E83: =ABS(D83) -> 0.0036082486
A84: 21 | B84: 0.71546661 | C84: 0.74085559 | D84: =C84-B84 -> 0.025388979 | E84: =ABS(D84) -> 0.025388979
A85: 22 | B85: 0.7090201 | C85: 0.72498603 | D85: =C85-B85 -> 0.015965935 | E85: =ABS(D85) -> 0.015965935
A86: 23 | B86: 0.67585645 | C86: 0.73254807 | D86: =C86-B86 -> 0.05669162 | E86: =ABS(D86) -> 0.05669162
A87: 24 | B87: 0.77088612 | C87: 0.81090533 | D87: =C87-B87 -> 0.040019215 | E87: =ABS(D87) -> 0.040019215
A88: 25 | B88: 0.76958641 | C88: 0.74520686 | D88: =C88-B88 -> -0.024379552 | E88: =ABS(D88) -> 0.024379552
A91: Turn | B91: ac15p | C91: Hybrid | D91: Delta=hybrid-ac15p | E91: ABS delta | F91: Mean difference | G91: std delta | I91: Paired t-test
A92: 1 | B92: 0.72660445 | C92: 0.74561822 | D92: =C92-B92 -> 0.019013775 | E92: =ABS(D92) -> 0.019013775 | F92: =AVERAGE(D92:D116) -> 0.01087536 | G92: =_xlfn.STDEV.S(D92:D116) -> 0.041683997 | I92: Alpha | J92: 0.05
A93: 2 | B93: 0.70895983 | C93: 0.73196562 | D93: =C93-B93 -> 0.023005793 | E93: =ABS(D93) -> 0.023005793 | I93: Hypothesized Mean Difference | J93: 0
A94: 3 | B94: 0.65625079 | C94: 0.55634941 | D94: =C94-B94 -> -0.099901379 | E94: =ABS(D94) -> 0.099901379 | J94: Variable 1 | K94: Variable 2
A95: 4 | B95: 0.68248006 | C95: 0.74696128 | D95: =C95-B95 -> 0.064481214 | E95: =ABS(D95) -> 0.064481214 | I95: Mean | J95: =AVERAGE(sims_per_turn_scen7!$B$91:$B$116) -> 0.71141589 | K95: =AVERAGE(sims_per_turn_scen7!$C$91:$C$116) -> 0.72229125
A96: 5 | B96: 0.75066609 | C96: 0.73630313 | D96: =C96-B96 -> -0.014362959 | E96: =ABS(D96) -> 0.014362959 | I96: Variance | J96: =VAR(sims_per_turn_scen7!$B$91:$B$116) -> 0.0022639834 | K96: =VAR(sims_per_turn_scen7!$C$91:$C$116) -> 0.0025385628
A97: 6 | B97: 0.69003761 | C97: 0.69306052 | D97: =C97-B97 -> 0.003022907 | E97: =ABS(D97) -> 0.003022907 | I97: Observations | J97: =COUNT(sims_per_turn_scen7!$B$91:$B$116) -> 25 | K97: =COUNT(sims_per_turn_scen7!$C$91:$C$116) -> 25
A98: 7 | B98: 0.70889799 | C98: 0.74859756 | D98: =C98-B98 -> 0.039699573 | E98: =ABS(D98) -> 0.039699573 | I98: Pearson Correlation | J98: =CORREL(sims_per_turn_scen7!$B$91:$B$116,sims_per_turn_scen7!$C$91:$C$116) -> 0.63924681
A99: 8 | B99: 0.68554662 | C99: 0.70516594 | D99: =C99-B99 -> 0.019619318 | E99: =ABS(D99) -> 0.019619318 | I99: Observed Mean Difference | J99: {=AVERAGE(IF(ISODD(IF(ISNUMBER(sims_per_turn_scen7!$B$91:$B$116), 1, 0) * IF(ISNUMBER(sims_per_turn_scen7!$C$91:$C$116), 1, 0)), sims_per_turn_scen7!$B$91:$B$116 - sims_per_turn_scen7!$C$91:$C$116, "NA"))} -> -0.01087536
A100: 9 | B100: 0.72762952 | C100: 0.75036872 | D100: =C100-B100 -> 0.022739202 | E100: =ABS(D100) -> 0.022739202 | I100: Variance of the Differences | J100: {=VAR(IF(ISODD(IF(ISNUMBER(sims_per_turn_scen7!$B$91:$B$116), 1, 0) * IF(ISNUMBER(sims_per_turn_scen7!$C$91:$C$116), 1, 0)), sims_per_turn_scen7!$B$91:$B$116 - sims_per_turn_scen7!$C$91:$C$116, "NA"))} -> 0.0017375556
A101: 10 | B101: 0.63748551 | C101: 0.682433 | D101: =C101-B101 -> 0.044947482 | E101: =ABS(D101) -> 0.044947482 | I101: df | J101: {=SUM(IF(ISNUMBER(sims_per_turn_scen7!$B$91:$B$116), 1, 0) * IF(ISNUMBER(sims_per_turn_scen7!$C$91:$C$116), 1, 0)) - 1} -> 24
A102: 11 | B102: 0.71798946 | C102: 0.72387381 | D102: =C102-B102 -> 0.0058843579 | E102: =ABS(D102) -> 0.0058843579 | I102: t Stat | J102: =(sims_per_turn_scen7!$J$99 - sims_per_turn_scen7!$J$93) / (sims_per_turn_scen7!$J$100 / ( sims_per_turn_scen7!$J$101 + 1)) ^ 0.5 -> -1.3045006
A103: 12 | B103: 0.77090629 | C103: 0.66770176 | D103: =C103-B103 -> -0.10320453 | E103: =ABS(D103) -> 0.10320453 | I103: P (T<=t) one-tail | J103: =TDIST(ABS(sims_per_turn_scen7!$J$102), sims_per_turn_scen7!$J$101, 1) -> 0.1022173
A104: 13 | B104: 0.7098279 | C104: 0.72995268 | D104: =C104-B104 -> 0.020124781 | E104: =ABS(D104) -> 0.020124781 | I104: t Critical one-tail | J104: =TINV(2*sims_per_turn_scen7!$J$92, sims_per_turn_scen7!$J$101) -> 1.7108821
A105: 14 | B105: 0.824776 | C105: 0.79516956 | D105: =C105-B105 -> -0.029606444 | E105: =ABS(D105) -> 0.029606444 | I105: P (T<=t) two-tail | J105: =TDIST(ABS(sims_per_turn_scen7!$J$102), sims_per_turn_scen7!$J$101, 2) -> 0.20443461
A106: 15 | B106: 0.6113315 | C106: 0.64136105 | D106: =C106-B106 -> 0.030029549 | E106: =ABS(D106) -> 0.030029549 | I106: t Critical two-tail | J106: =TINV(sims_per_turn_scen7!$J$92, sims_per_turn_scen7!$J$101) -> 2.0638986
A107: 16 | B107: 0.74347337 | C107: 0.75855012 | D107: =C107-B107 -> 0.015076748 | E107: =ABS(D107) -> 0.015076748
A108: 17 | B108: 0.6577691 | C108: 0.69417603 | D108: =C108-B108 -> 0.036406925 | E108: =ABS(D108) -> 0.036406925
A109: 18 | B109: 0.73366789 | C109: 0.75354741 | D109: =C109-B109 -> 0.019879519 | E109: =ABS(D109) -> 0.019879519
A110: 19 | B110: 0.66476983 | C110: 0.71847314 | D110: =C110-B110 -> 0.053703308 | E110: =ABS(D110) -> 0.053703308
A111: 20 | B111: 0.73551176 | C111: 0.75453899 | D111: =C111-B111 -> 0.01902723 | E111: =ABS(D111) -> 0.01902723
A112: 21 | B112: 0.71546661 | C112: 0.71601755 | D112: =C112-B112 -> 0.00055093464 | E112: =ABS(D112) -> 0.00055093464
A113: 22 | B113: 0.7090201 | C113: 0.75187651 | D113: =C113-B113 -> 0.042856418 | E113: =ABS(D113) -> 0.042856418
A114: 23 | B114: 0.67585645 | C114: 0.71733009 | D114: =C114-B114 -> 0.041473639 | E114: =ABS(D114) -> 0.041473639
A115: 24 | B115: 0.77088612 | C115: 0.81016516 | D115: =C115-B115 -> 0.039279045 | E115: =ABS(D115) -> 0.039279045
A116: 25 | B116: 0.76958641 | C116: 0.727724 | D116: =C116-B116 -> -0.041862414 | E116: =ABS(D116) -> 0.041862414
A119: Turn | B119: ac15p | C119: Hybsem | D119: Delta=hybsem-ac15p | E119: ABS delta | F119: Mean difference | G119: std delta | I119: Paired t-test
A120: 1 | B120: 0.72660445 | C120: 0.72409953 | D120: =C120-B120 -> -0.0025049137 | E120: =ABS(D120) -> 0.0025049137 | F120: =AVERAGE(D120:D144) -> 0.009202424 | G120: =_xlfn.STDEV.S(D120:D144) -> 0.033621641 | I120: Alpha | J120: 0.05
A121: 2 | B121: 0.70895983 | C121: 0.69040579 | D121: =C121-B121 -> -0.018554043 | E121: =ABS(D121) -> 0.018554043 | I121: Hypothesized Mean Difference | J121: 0
A122: 3 | B122: 0.65625079 | C122: 0.66442409 | D122: =C122-B122 -> 0.0081733001 | E122: =ABS(D122) -> 0.0081733001 | J122: Variable 1 | K122: Variable 2
A123: 4 | B123: 0.68248006 | C123: 0.73787209 | D123: =C123-B123 -> 0.055392024 | E123: =ABS(D123) -> 0.055392024 | I123: Mean | J123: =AVERAGE(sims_per_turn_scen7!$B$119:$B$144) -> 0.71141589 | K123: =AVERAGE(sims_per_turn_scen7!$C$119:$C$144) -> 0.72061831
A124: 5 | B124: 0.75066609 | C124: 0.73166495 | D124: =C124-B124 -> -0.019001137 | E124: =ABS(D124) -> 0.019001137 | I124: Variance | J124: =VAR(sims_per_turn_scen7!$B$119:$B$144) -> 0.0022639834 | K124: =VAR(sims_per_turn_scen7!$C$119:$C$144) -> 0.0024899574
A125: 6 | B125: 0.69003761 | C125: 0.72767432 | D125: =C125-B125 -> 0.037636703 | E125: =ABS(D125) -> 0.037636703 | I125: Observations | J125: =COUNT(sims_per_turn_scen7!$B$119:$B$144) -> 25 | K125: =COUNT(sims_per_turn_scen7!$C$119:$C$144) -> 25
...

Sheet pivot_sim_per_turn
A3: Turns | B3: ABS Delta | C3: Comparison | E3: Count - ABS Delta | F3: Comparison
A4: 3 | B4: 0.10807468 | C4: Hybrid-hybsem | E4: Turns | F4: ac15-ac15p | G4: Hybrid-ac15 | H4: Hybrid-ac15p | I4: Hybrid-hybsem | J4: Hybsem-ac15 | K4: Hybsem-ac15p | L4: Total Result
A5: 19 | B5: 0.10552355 | C5: Hybrid-hybsem | E5: 3 | G5: 1 | H5: 1 | I5: 1 | L5: 3
A6: 12 | B6: 0.10320453 | C6: Hybrid-ac15p | E6: 4 | H6: 1 | K6: 1 | L6: 2
A7: 3 | B7: 0.099901379 | C7: Hybrid-ac15p | E7: 5 | F7: 1 | L7: 1
A8: 12 | B8: 0.077878751 | C8: ac15-ac15p | E8: 6 | J8: 1 | L8: 1
A9: 7 | B9: 0.076261182 | C9: Hybsem-ac15p | E9: 7 | F9: 1 | K9: 1 | L9: 2
A10: 12 | B10: 0.068942473 | C10: Hybrid-hybsem | E10: 9 | F10: 1 | L10: 1
A11: 17 | B11: 0.068627941 | C11: Hybsem-ac15 | E11: 10 | J11: 1 | L11: 1
A12: 17 | B12: 0.066762988 | C12: Hybrid-ac15 | E12: 12 | F12: 1 | H12: 1 | I12: 1 | L12: 3
A13: 4 | B13: 0.064481214 | C13: Hybrid-ac15p | E13: 13 | I13: 1 | L13: 1
A14: 5 | B14: 0.062062032 | C14: ac15-ac15p | E14: 16 | I14: 1 | L14: 1
A15: 23 | B15: 0.061016202 | C15: Hybsem-ac15 | E15: 17 | G15: 1 | J15: 1 | L15: 2
A16: 3 | B16: 0.058875043 | C16: Hybrid-ac15 | E16: 19 | G16: 1 | H16: 1 | I16: 1 | J16: 1 | K16: 1 | L16: 5
A17: 6 | B17: 0.058599423 | C17: Hybsem-ac15 | E17: 23 | F17: 1 | J17: 1 | L17: 2
A18: 23 | B18: 0.05669162 | C18: ac15-ac15p | E18: Total Result | F18: 5 | G18: 3 | H18: 4 | I18: 5 | J18: 5 | K18: 3 | L18: 25
A19: 16 | B19: 0.056635589 | C19: Hybrid-hybsem
A20: 4 | B20: 0.055392024 | C20: Hybsem-ac15p
A21: 19 | B21: 0.053703308 | C21: Hybrid-ac15p
A22: 10 | B22: 0.053144372 | C22: Hybsem-ac15
A23: 19 | B23: 0.053030422 | C23: Hybrid-ac15
A24: 19 | B24: 0.05249313 | C24: Hybsem-ac15
A25: 9 | B25: 0.052270058 | C25: ac15-ac15p
A26: 19 | B26: 0.051820244 | C26: Hybsem-ac15p
A27: 13 | B27: 0.051286169 | C27: Hybrid-hybsem
A28: 7 | B28: 0.050474514 | C28: ac15-ac15p

Sheet anchor_raw_information
A1: seq | B1: anchorName | C1: weight | D1: projectName
A2: 0 | B2: temporal_dynamics | C2: 0.3195 | D2: ac15-plain | F2: Count - weight | G2: projectName
A3: 0 | B3: imagination_and_possibility | C3: 0.2925 | D3: ac15-plain | F3: seq | G3: ac15-plain | H3: hybrid_v3_5 | I3: hybrid_v3_5_semantic | J3: test_ac15 | K3: Total Result
A4: 0 | B4: practicality_and_feasibility | C4: 0.288 | D4: ac15-plain | F4: 0 | G4: 4 | H4: 4 | I4: 4 | J4: 4 | K4: 16
A5: 0 | B5: truth_and_fact | C5: 0.1 | D5: ac15-plain | F5: 2 | G5: 2 | H5: 2 | I5: 6 | J5: 6 | K5: 16
A6: 2 | B6: practicality_and_feasibility | C6: 0.9 | D6: ac15-plain | F6: 4 | G6: 5 | H6: 4 | I6: 6 | J6: 2 | K6: 17
A7: 2 | B7: truth_and_fact | C7: 0.1 | D7: ac15-plain | F7: 6 | G7: 6 | H7: 6 | I7: 6 | J7: 6 | K7: 24
A8: 4 | B8: affective_interface | C8: 0.241 | D8: ac15-plain | F8: 8 | G8: 6 | H8: 6 | I8: 6 | J8: 6 | K8: 24
A9: 4 | B9: practicality_and_feasibility | C9: 0.2312 | D9: ac15-plain | F9: 10 | G9: 6 | H9: 6 | I9: 6 | J9: 6 | K9: 24
A10: 4 | B10: electricity | C10: 0.2187 | D10: ac15-plain | F10: 12 | G10: 4 | H10: 2 | I10: 4 | J10: 3 | K10: 13
A11: 4 | B11: context_dependent_expression | C11: 0.2091 | D11: ac15-plain | F11: 14 | G11: 3 | H11: 4 | I11: 5 | J11: 3 | K11: 15
A12: 4 | B12: truth_and_fact | C12: 0.1 | D12: ac15-plain | F12: 16 | G12: 2 | H12: 2 | I12: 2 | J12: 3 | K12: 9
A13: 6 | B13: affective_interface | C13: 0.1788 | D13: ac15-plain | F13: 18 | G13: 6 | H13: 6 | I13: 6 | J13: 6 | K13: 24
A14: 6 | B14: context_dependent_expression | C14: 0.1718 | D14: ac15-plain | F14: 20 | G14: 6 | H14: 6 | I14: 6 | J14: 6 | K14: 24
A15: 6 | B15: sovereignty | C15: 0.1648 | D15: ac15-plain | F15: 22 | G15: 6 | H15: 4 | I15: 6 | J15: 6 | K15: 22
... A28: 10 | B28: affective_interface | C28: 0.1641 | D28: ac15-plain | F28: 48 | G28: 6 | H28: 6 | I28: 6 | J28: 6 | K28: 24
A29: 10 | B29: science | C29: 0.1622 | D29: ac15-plain | F29: Total Result | G29: 133 | H29: 127 | I29: 141 | J29: 135 | K29: 536
A30: 10 | B30: truth_and_fact | C30: 0.1 | D30: ac15-plain
A31: 12 | B31: temporal_dynamics | C31: 0.3348 | D31: ac15-plain
A32: 12 | B32: practicality_and_feasibility | C32: 0.3045 | D32: ac15-plain | F32: Sum - weight | H32: projectName
A33: 12 | B33: imagination_and_possibility | C33: 0.2607 | D33: ac15-plain | F33: seq | G33: anchorName | H33: ac15-plain | I33: hybrid_v3_5 | J33: hybrid_v3_5_semantic | K33: test_ac15 | L33: Total Result
A34: 12 | B34: truth_and_fact | C34: 0.1 | D34: ac15-plain | F34: 0 | G34: affective_interface | I34: 0.2828 | J34: 0.2876 | L34: 0.5704
A35: 14 | B35: sovereignty | C35: 0.4851 | D35: ac15-plain | G35: imagination_and_possibility | H35: 0.2925 | I35: 0.2954 | J35: 0.3145 | K35: 0.2993 | L35: 1.2017
A36: 14 | B36: practicality_and_feasibility | C36: 0.4149 | D36: ac15-plain | G36: practicality_and_feasibility | H36: 0.288 | K36: 0.2763 | L36: 0.5643
A37: 14 | B37: truth_and_fact | C37: 0.1 | D37: ac15-plain | G37: temporal_dynamics | H37: 0.3195 | I37: 0.3218 | J37: 0.298 | K37: 0.3244 | L37: 1.2637
A38: 16 | B38: practicality_and_feasibility | C38: 0.9 | D38: ac15-plain | G38: truth_and_fact | H38: 0.1 | I38: 0.1 | J38: 0.1 | K38: 0.1 | L38: 0.4
A39: 16 | B39: truth_and_fact | C39: 0.1 | D39: ac15-plain | F39: 2 | G39: affective_interface | J39: 0.1796 | L39: 0.1796
A40: 18 | B40: practicality_and_feasibility | C40: 0.2268 | D40: ac15-plain | G40: context_dependent_expression | J40: 0.1712 | L40: 0.1712
A41: 18 | B41: imagination_and_possibility | C41: 0.1921 | D41: ac15-plain | G41: electricity | K41: 0.1699 | L41: 0.1699
A42: 18 | B42: temporal_dynamics | C42: 0.1712 | D42: ac15-plain | G42: freedom_and_limitations | K42: 0.163 | L42: 0.163
A43: 18 | B43: freedom_and_limitations | C43: 0.1666 | D43: ac15-plain | G43: imagination_and_possibility | I43: 0.9 | J43: 0.1879 | K43: 0.2074 | L43: 1.2953
A44: 18 | B44: context_dependent_expression | C44: 0.1433 | D44: ac15-plain | G44: practicality_and_feasibility | H44: 0.9 | J44: 0.1866 | K44: 0.1653 | L44: 1.2519
A45: 18 | B45: truth_and_fact | C45: 0.1 | D45: ac15-plain | G45: temporal_dynamics | J45: 0.1746 | K45: 0.1944 | L45: 0.369
A46: 20 | B46: practicality_and_feasibility | C46: 0.1765 | D46: ac15-plain | G46: truth_and_fact | H46: 0.1 | I46: 0.1 | J46: 0.1 | K46: 0.1 | L46: 0.4
A47: 20 | B47: imagination_and_possibility | C47: 0.1737 | D47: ac15-plain | F47: 4 | G47: affective_interface | H47: 0.241 | I47: 0.303 | J47: 0.1933 | L47: 0.7373
A48: 20 | B48: sovereignty | C48: 0.166 | D48: ac15-plain | G48: context_dependent_expression | H48: 0.2091 | J48: 0.1674 | L48: 0.3765
A49: 20 | B49: truth_and_fact | C49: 0.1652 | D49: ac15-plain | G49: electricity | H49: 0.2187 | I49: 0.2967 | J49: 0.1809 | L49: 0.6963
A50: 20 | B50: science | C50: 0.1647 | D50: ac15-plain | G50: identity | I50: 0.3003 | J50: 0.1957 | L50: 0.496
A51: 20 | B51: temporal_dynamics | C51: 0.154 | D51: ac15-plain | G51: imagination_and_possibility | J51: 0.1626 | K51: 0.9 | L51: 1.0626
A52: 22 | B52: affective_interface | C52: 0.1804 | D52: ac15-plain | G52: practicality_and_feasibility | H52: 0.2312 | L52: 0.2312
A53: 22 | B53: sovereignty | C53: 0.1765 | D53: ac15-plain | G53: truth_and_fact | H53: 0.1 | I53: 0.1 | J53: 0.1 | K53: 0.1 | L53: 0.4
A54: 22 | B54: temporal_dynamics | C54: 0.1654 | D54: ac15-plain | F54: 6 | G54: affective_interface | H54: 0.1788 | I54: 0.1881 | J54: 0.1998 | K54: 0.1683 | L54: 0.735
A55: 22 | B55: truth_and_fact | C55: 0.1654 | D55: ac15-plain | G55: context_dependent_expression | H55: 0.1718 | I55: 0.1602 | J55: 0.1763 | L55: 0.5083
A56: 22 | B56: identity | C56: 0.1574 | D56: ac15-plain | G56: freedom_and_limitations | K56: 0.1521 | L56: 0.1521
A57: 22 | B57: context_dependent_expression | C57: 0.1549 | D57: ac15-plain | G57: imagination_and_possibility | H57: 0.1617 | I57: 0.1665 | J57: 0.1635 | K57: 0.1918 | L57: 0.6835
A58: 24 | B58: imagination_and_possibility | C58: 0.194 | D58: ac15-plain | G58: practicality_and_feasibility | H58: 0.1644 | I58: 0.1568 | J58: 0.152 | K58: 0.1702 | L58: 0.6434
A59: 24 | B59: temporal_dynamics | C59: 0.1845 | D59: ac15-plain | G59: sovereignty | H59: 0.1648 | L59: 0.1648
A60: 24 | B60: practicality_and_feasibility | C60: 0.1814 | D60: ac15-plain | G60: temporal_dynamics | I60: 0.1635 | J60: 0.1477 | K60: 0.1658 | L60: 0.477
A61: 24 | B61: affective_interface | C61: 0.1767 | D61: ac15-plain | G61: truth_and_fact | H61: 0.1585 | I61: 0.1649 | J61: 0.1607 | K61: 0.1518 | L61: 0.6359
A62: 24 | B62: sovereignty | C62: 0.1634 | D62: ac15-plain | F62: 8 | G62: affective_interface | H62: 0.1687 | I62: 0.1829 | J62: 0.201 | K62: 0.1695 | L62: 0.7221
A63: 24 | B63: truth_and_fact | C63: 0.1 | D63: ac15-plain | G63: context_dependent_expression | I63: 0.1598 | J63: 0.1478 | L63: 0.3076
A64: 26 | B64: temporal_dynamics | C64: 0.1946 | D64: ac15-plain | G64: freedom_and_limitations | J64: 0.1532 | L64: 0.1532
A65: 26 | B65: practicality_and_feasibility | C65: 0.1759 | D65: ac15-plain | G65: identity | I65: 0.1572 | L65: 0.1572
A66: 26 | B66: imagination_and_possibility | C66: 0.1749 | D66: ac15-plain | G66: imagination_and_possibility | H66: 0.1781 | I66: 0.1653 | J66: 0.1781 | K66: 0.1758 | L66: 0.6973
A67: 26 | B67: freedom_and_limitations | C67: 0.1596 | D67: ac15-plain | G67: practicality_and_feasibility | H67: 0.1677 | K67: 0.1652 | L67: 0.3329
A68: 26 | B68: truth_and_fact | C68: 0.1558 | D68: ac15-plain | G68: science | H68: 0.1563 | K68: 0.153 | L68: 0.3093
A69: 26 | B69: sovereignty | C69: 0.1392 | D69: ac15-plain | G69: temporal_dynamics | H69: 0.1679 | I69: 0.1718 | J69: 0.151 | K69: 0.1821 | L69: 0.6728
A70: 28 | B70: practicality_and_feasibility | C70: 0.1923 | D70: ac15-plain | G70: truth_and_fact | H70: 0.1615 | I70: 0.163 | J70: 0.1688 | K70: 0.1543 | L70: 0.6476
A71: 28 | B71: imagination_and_possibility | C71: 0.1826 | D71: ac15-plain | F71: 10 | G71: affective_interface | H71: 0.1641 | I71: 0.1635 | J71: 0.1819 | K71: 0.1669 | L71: 0.6764
A72: 28 | B72: freedom_and_limitations | C72: 0.1717 | D72: ac15-plain | G72: context_dependent_expression | I72: 0.1705 | J72: 0.1625 | L72: 0.333
A73: 28 | B73: temporal_dynamics | C73: 0.1667 | D73: ac15-plain | G73: freedom_and_limitations | J73: 0.1704 | L73: 0.1704
A74: 28 | B74: truth_and_fact | C74: 0.1457 | D74: ac15-plain | G74: imagination_and_possibility | H74: 0.1732 | I74: 0.1801 | J74: 0.1802 | K74: 0.1876 | L74: 0.7211
A75: 28 | B75: mathematics_computer_science_engineering | C75: 0.141 | D75: ac15-plain | G75: practicality_and_feasibility | H75: 0.1778 | I75: 0.1641 | K75: 0.1728 | L75: 0.5147
A76: 30 | B76: affective_interface | C76: 0.2202 | D76: ac15-plain | G76: science | H76: 0.1622 | K76: 0.1545 | L76: 0.3167
A77: 30 | B77: temporal_dynamics | C77: 0.2078 | D77: ac15-plain | G77: temporal_dynamics | H77: 0.2228 | I77: 0.2217 | J77: 0.2051 | K77: 0.2183 | L77: 0.8679
A78: 30 | B78: practicality_and_feasibility | C78: 0.1985 | D78: ac15-plain | G78: truth_and_fact | H78: 0.1 | I78: 0.1 | J78: 0.1 | K78: 0.1 | L78: 0.4
A79: 30 | B79: sovereignty | C79: 0.1885 | D79: ac15-plain | F79: 12 | G79: affective_interface | J79: 0.2971 | L79: 0.2971
A80: 30 | B80: truth_and_fact | C80: 0.1849 | D80: ac15-plain | G80: imagination_and_possibility | H80: 0.2607 | L80: 0.2607
A81: 32 | B81: affective_interface | C81: 0.2032 | D81: ac15-plain | G81: practicality_and_feasibility | H81: 0.3045 | J81: 0.3038 | K81: 0.409 | L81: 1.0173
A82: 32 | B82: truth_and_fact | C82: 0.1827 | D82: ac15-plain | G82: temporal_dynamics | H82: 0.3348 | I82: 0.9 | J82: 0.2991 | K82: 0.491 | L82: 2.0249
A83: 32 | B83: practicality_and_feasibility | C83: 0.1657 | D83: ac15-plain | G83: truth_and_fact | H83: 0.1 | I83: 0.1 | J83: 0.1 | K83: 0.1 | L83: 0.4
A84: 32 | B84: science | C84: 0.1569 | D84: ac15-plain | F84: 14 | G84: affective_interface | I84: 0.2977 | J84: 0.2333 | L84: 0.531
A85: 32 | B85: imagination_and_possibility | C85: 0.146 | D85: ac15-plain | G85: context_dependent_expression | I85: 0.2784 | L85: 0.2784
A86: 32 | B86: sovereignty | C86: 0.1455 | D86: ac15-plain | G86: freedom_and_limitations | J86: 0.2018 | K86: 0.4205 | L86: 0.6223
A87: 34 | B87: sovereignty | C87: 0.1788 | D87: ac15-plain | G87: practicality_and_feasibility | H87: 0.4149 | J87: 0.2183 | L87: 0.6332
A88: 34 | B88: affective_interface | C88: 0.1746 | D88: ac15-plain | G88: sovereignty | H88: 0.4851 | I88: 0.3239 | J88: 0.2466 | K88: 0.4795 | L88: 1.5351
A89: 34 | B89: truth_and_fact | C89: 0.1704 | D89: ac15-plain | G89: truth_and_fact | H89: 0.1 | I89: 0.1 | J89: 0.1 | K89: 0.1 | L89: 0.4
A90: 34 | B90: practicality_and_feasibility | C90: 0.1696 | D90: ac15-plain | F90: 16 | G90: imagination_and_possibility | K90: 0.4269 | L90: 0.4269
A91: 34 | B91: imagination_and_possibility | C91: 0.1536 | D91: ac15-plain | G91: practicality_and_feasibility | H91: 0.9 | I91: 0.9 | J91: 0.9 | K91: 0.4731 | L91: 3.1731
A92: 34 | B92: temporal_dynamics | C92: 0.153 | D92: ac15-plain | G92: truth_and_fact | H92: 0.1 | I92: 0.1 | J92: 0.1 | K92: 0.1 | L92: 0.4
A93: 36 | B93: sovereignty | C93: 0.1797 | D93: ac15-plain | F93: 18 | G93: affective_interface | J93: 0.1535 | L93: 0.1535
A94: 36 | B94: affective_interface | C94: 0.1736 | D94: ac15-plain | G94: context_dependent_expression | H94: 0.1433 | L94: 0.1433
A95: 36 | B95: practicality_and_feasibility | C95: 0.1712 | D95: ac15-plain | G95: freedom_and_limitations | H95: 0.1666 | I95: 0.1737 | J95: 0.1788 | K95: 0.1707 | L95: 0.6898
A96: 36 | B96: imagination_and_possibility | C96: 0.1647 | D96: ac15-plain | G96: imagination_and_possibility | H96: 0.1921 | I96: 0.1873 | J96: 0.1874 | K96: 0.1937 | L96: 0.7605
A97: 36 | B97: temporal_dynamics | C97: 0.1586 | D97: ac15-plain | G97: mathematics_computer_science_engineering | I97: 0.1567 | K97: 0.1441 | L97: 0.3008
A98: 36 | B98: truth_and_fact | C98: 0.1522 | D98: ac15-plain | G98: practicality_and_feasibility | H98: 0.2268 | I98: 0.212 | J98: 0.2162 | K98: 0.2118 | L98: 0.8668
A99: 38 | B99: practicality_and_feasibility | C99: 0.1987 | D99: ac15-plain | G99: temporal_dynamics | H99: 0.1712 | I99: 0.1703 | J99: 0.1641 | K99: 0.1798 | L99: 0.6854
A100: 38 | B100: sovereignty | C100: 0.1869 | D100: ac15-plain | G100: truth_and_fact | H100: 0.1 | I100: 0.1 | J100: 0.1 | K100: 0.1 | L100: 0.4
A101: 38 | B101: imagination_and_possibility | C101: 0.1747 | D101: ac15-plain | F101: 20 | G101: affective_interface | I101: 0.1575 | J101: 0.1757 | K101: 0.1516 | L101: 0.4848
A102: 38 | B102: temporal_dynamics | C102: 0.1742 | D102: ac15-plain | G102: identity | J102: 0.154 | L102: 0.154
A103: 38 | B103: freedom_and_limitations | C103: 0.1655 | D103: ac15-plain | G103: imagination_and_possibility | H103: 0.1737 | I103: 0.1684 | J103: 0.1669 | K103: 0.1827 | L103: 0.6917
A104: 38 | B104: truth_and_fact | C104: 0.1 | D104: ac15-plain | G104: mathematics_computer_science_engineering | I104: 0.1582 | L104: 0.1582
A105: 40 | B105: practicality_and_feasibility | C105: 0.2005 | D105: ac15-plain | G105: practicality_and_feasibility | H105: 0.1765 | I105: 0.1606 | J105: 0.161 | K105: 0.175 | L105: 0.6731
A106: 40 | B106: temporal_dynamics | C106: 0.1813 | D106: ac15-plain | G106: science | H106: 0.1647 | I106: 0.1766 | L106: 0.3413
A107: 40 | B107: imagination_and_possibility | C107: 0.1657 | D107: ac15-plain | G107: sovereignty | H107: 0.166 | K107: 0.1565 | L107: 0.3225
A108: 40 | B108: freedom_and_limitations | C108: 0.1598 | D108: ac15-plain | G108: temporal_dynamics | H108: 0.154 | J108: 0.1612 | K108: 0.1747 | L108: 0.4899
A109: 40 | B109: sovereignty | C109: 0.1468 | D109: ac15-plain | G109: truth_and_fact | H109: 0.1652 | I109: 0.1787 | J109: 0.1811 | K109: 0.1595 | L109: 0.6845
A110: 40 | B110: truth_and_fact | C110: 0.1459 | D110: ac15-plain | F110: 22 | G110: affective_interface | H110: 0.1804 | I110: 0.2635 | J110: 0.1835 | K110: 0.1797 | L110: 0.8071
A111: 42 | B111: practicality_and_feasibility | C111: 0.2032 | D111: ac15-plain | G111: context_dependent_expression | H111: 0.1549 | L111: 0.1549
A112: 42 | B112: imagination_and_possibility | C112: 0.1863 | D112: ac15-plain | G112: identity | H112: 0.1574 | I112: 0.242 | J112: 0.1642 | K112: 0.1768 | L112: 0.7404
...
