Workbook

Sheet sims_per_turn
B1: General
A2: turns | B2: ac15 | C2: hybrid | D2: ac15p | E2: hybsem
A3: 1 | B3: 0.82022841 | C3: 0.82558738 | D3: 0.84283713 | E3: 0.82646574
A4: 2 | B4: 0.76459215 | C4: 0.7843254 | D4: 0.75574435 | E4: 0.76029579
A5: 3 | B5: 0.72301136 | C5: 0.74701543 | D5: 0.75246139 | E5: 0.7455131
A6: 4 | B6: 0.75642044 | C6: 0.74257299 | D6: 0.75523994 | E6: 0.74023798
A7: 5 | B7: 0.62046218 | C7: 0.6382916 | D7: 0.68196907 | E7: 0.70141781
A8: 6 | B8: 0.798549 | C8: 0.77002186 | D8: 0.80509458 | E8: 0.76441227
A9: 7 | B9: 0.75460376 | C9: 0.77670818 | D9: 0.7314491 | E9: 0.70462919
A10: 8 | B10: 0.78612837 | C10: 0.76689514 | D10: 0.7986994 | E10: 0.77201186
A11: 9 | B11: 0.75325744 | C11: 0.72686528 | D11: 0.75118107 | E11: 0.72188408
A12: 10 | B12: 0.80784383 | C12: 0.76670386 | D12: 0.78031701 | E12: 0.80179909
A13: 11 | B13: 0.77810084 | C13: 0.82651214 | D13: 0.78896492 | E13: 0.82639187
A14: 12 | B14: 0.76245246 | C14: 0.76273614 | D14: 0.74442966 | E14: 0.74557662
... A27: 25 | B27: 0.73057748 | C27: 0.72723041 | D27: 0.71511197 | E27: 0.72503242
B30: per turn, prompt-response deltas
A32: turns | B32: hybsem | C32: hybrid | D32: Delta=hybrid-hybsem | E32: ABS delta | F32: Mean difference | G32: std delta | I32: Paired t-test | M32: turns | N32: ABS delta
A33: 1 | B33: 0.82646574 | C33: 0.82558738 | D33: =C33-B33 -> -0.0008783599 | E33: =ABS(D33) -> 0.0008783599 | F33: =AVERAGE(D33:D57) -> 0.0033778274 | G33: =_xlfn.STDEV.S(D33:D57) -> 0.042557033 | I33: Alpha | J33: 0.05 | M33: 22 | N33: 0.10403392
A34: 2 | B34: 0.76029579 | C34: 0.7843254 | D34: =C34-B34 -> 0.02402961 | E34: =ABS(D34) -> 0.02402961 | I34: Hypothesized Mean Difference | J34: 0 | M34: 21 | N34: 0.08360635
A35: 3 | B35: 0.7455131 | C35: 0.74701543 | D35: =C35-B35 -> 0.0015023292 | E35: =ABS(D35) -> 0.0015023292 | J35: Variable 1 | K35: Variable 2 | M35: 23 | N35: 0.077076384
A36: 4 | B36: 0.74023798 | C36: 0.74257299 | D36: =C36-B36 -> 0.0023350099 | E36: =ABS(D36) -> 0.0023350099 | I36: Mean | J36: =AVERAGE(sims_per_turn!$B$32:$B$57) -> 0.74906635 | K36: =AVERAGE(sims_per_turn!$C$32:$C$57) -> 0.75244418 | M36: 7 | N36: 0.072078989
A37: 5 | B37: 0.70141781 | C37: 0.6382916 | D37: =C37-B37 -> -0.063126203 | E37: =ABS(D37) -> 0.063126203 | I37: Variance | J37: =VAR(sims_per_turn!$B$32:$B$57) -> 0.0020364168 | K37: =VAR(sims_per_turn!$C$32:$C$57) -> 0.0023181036 | M37: 5 | N37: 0.063126203
A38: 6 | B38: 0.76441227 | C38: 0.77002186 | D38: =C38-B38 -> 0.0056095917 | E38: =ABS(D38) -> 0.0056095917 | I38: Observations | J38: =COUNT(sims_per_turn!$B$32:$B$57) -> 25 | K38: =COUNT(sims_per_turn!$C$32:$C$57) -> 25 | M38: 20 | N38: 0.044752891
A39: 7 | B39: 0.70462919 | C39: 0.77670818 | D39: =C39-B39 -> 0.072078989 | E39: =ABS(D39) -> 0.072078989 | I39: Pearson Correlation | J39: =CORREL(sims_per_turn!$B$32:$B$57,sims_per_turn!$C$32:$C$57) -> 0.58531308 | M39: 18 | N39: 0.042564127
A40: 8 | B40: 0.77201186 | C40: 0.76689514 | D40: =C40-B40 -> -0.0051167269 | E40: =ABS(D40) -> 0.0051167269 | I40: Observed Mean Difference | J40: {=AVERAGE(IF(ISODD(IF(ISNUMBER(sims_per_turn!$B$32:$B$57), 1, 0) * IF(ISNUMBER(sims_per_turn!$C$32:$C$57), 1, 0)), sims_per_turn!$B$32:$B$57 - sims_per_turn!$C$32:$C$57, "NA"))} -> -0.0033778274 | M40: 10 | N40: 0.035095234
A41: 9 | B41: 0.72188408 | C41: 0.72686528 | D41: =C41-B41 -> 0.0049812049 | E41: =ABS(D41) -> 0.0049812049 | I41: Variance of the Differences | J41: {=VAR(IF(ISODD(IF(ISNUMBER(sims_per_turn!$B$32:$B$57), 1, 0) * IF(ISNUMBER(sims_per_turn!$C$32:$C$57), 1, 0)), sims_per_turn!$B$32:$B$57 - sims_per_turn!$C$32:$C$57, "NA"))} -> 0.001811101 | M41: 15 | N41: 0.033187541
A42: 10 | B42: 0.80179909 | C42: 0.76670386 | D42: =C42-B42 -> -0.035095234 | E42: =ABS(D42) -> 0.035095234 | I42: df | J42: {=SUM(IF(ISNUMBER(sims_per_turn!$B$32:$B$57), 1, 0) * IF(ISNUMBER(sims_per_turn!$C$32:$C$57), 1, 0)) - 1} -> 24 | M42: 16 | N42: 0.032250515
A43: 11 | B43: 0.82639187 | C43: 0.82651214 | D43: =C43-B43 -> 0.00012027252 | E43: =ABS(D43) -> 0.00012027252 | I43: t Stat | J43: =(sims_per_turn!$J$40 - sims_per_turn!$J$34) / (sims_per_turn!$J$41 / ( sims_per_turn!$J$42 + 1)) ^ 0.5 -> -0.3968589 | M43: 17 | N43: 0.029877386
A44: 12 | B44: 0.74557662 | C44: 0.76273614 | D44: =C44-B44 -> 0.017159517 | E44: =ABS(D44) -> 0.017159517 | I44: P (T<=t) one-tail | J44: =TDIST(ABS(sims_per_turn!$J$43), sims_per_turn!$J$42, 1) -> 0.34748928 | M44: 13 | N44: 0.029144688
A45: 13 | B45: 0.73930479 | C45: 0.7101601 | D45: =C45-B45 -> -0.029144688 | E45: =ABS(D45) -> 0.029144688 | I45: t Critical one-tail | J45: =TINV(2*sims_per_turn!$J$33, sims_per_turn!$J$42) -> 1.7108821 | M45: 2 | N45: 0.02402961
A46: 14 | B46: 0.71677589 | C46: 0.73437638 | D46: =C46-B46 -> 0.017600494 | E46: =ABS(D46) -> 0.017600494 | I46: P (T<=t) two-tail | J46: =TDIST(ABS(sims_per_turn!$J$43), sims_per_turn!$J$42, 2) -> 0.69497856 | M46: 19 | N46: 0.021438931
A47: 15 | B47: 0.7233547 | C47: 0.75654224 | D47: =C47-B47 -> 0.033187541 | E47: =ABS(D47) -> 0.033187541 | I47: t Critical two-tail | J47: =TINV(sims_per_turn!$J$33, sims_per_turn!$J$42) -> 2.0638986 | M47: 14 | N47: 0.017600494
A48: 16 | B48: 0.7414815 | C48: 0.77373202 | D48: =C48-B48 -> 0.032250515 | E48: =ABS(D48) -> 0.032250515 | M48: 12 | N48: 0.017159517
A49: 17 | B49: 0.78281323 | C49: 0.81269061 | D49: =C49-B49 -> 0.029877386 | E49: =ABS(D49) -> 0.029877386 | M49: 24 | N49: 0.012275094
A50: 18 | B50: 0.68392473 | C50: 0.72648885 | D50: =C50-B50 -> 0.042564127 | E50: =ABS(D50) -> 0.042564127 | M50: 6 | N50: 0.0056095917
A51: 19 | B51: 0.74186163 | C51: 0.76330056 | D51: =C51-B51 -> 0.021438931 | E51: =ABS(D51) -> 0.021438931 | M51: 8 | N51: 0.0051167269
A52: 20 | B52: 0.86129103 | C52: 0.81653813 | D52: =C52-B52 -> -0.044752891 | E52: =ABS(D52) -> 0.044752891 | M52: 9 | N52: 0.0049812049
A53: 21 | B53: 0.72699778 | C53: 0.64339143 | D53: =C53-B53 -> -0.08360635 | E53: =ABS(D53) -> 0.08360635 | M53: 4 | N53: 0.0023350099
A54: 22 | B54: 0.66522196 | C54: 0.76925587 | D54: =C54-B54 -> 0.10403392 | E54: =ABS(D54) -> 0.10403392 | M54: 25 | N54: 0.0021979944
A55: 23 | B55: 0.76174693 | C55: 0.68467054 | D55: =C55-B55 -> -0.077076384 | E55: =ABS(D55) -> 0.077076384 | M55: 3 | N55: 0.0015023292
A56: 24 | B56: 0.74621679 | C56: 0.75849189 | D56: =C56-B56 -> 0.012275094 | E56: =ABS(D56) -> 0.012275094 | M56: 1 | N56: 0.0008783599
A57: 25 | B57: 0.72503242 | C57: 0.72723041 | D57: =C57-B57 -> 0.0021979944 | E57: =ABS(D57) -> 0.0021979944 | M57: 11 | N57: 0.00012027252
A61: turns | B61: ac15p | C61: ac15 | D61: Delta=ac15-ac15p | E61: ABS delta | F61: Mean difference | G61: std delta | I61: Paired t-test | M61: turns | N61: ABS delta
A62: 1 | B62: 0.84283713 | C62: 0.82022841 | D62: =C62-B62 -> -0.022608719 | E62: =ABS(D62) -> 0.022608719 | F62: =AVERAGE(D62:D86) -> -0.00091332982 | G62: =_xlfn.STDEV.S(D62:D86) -> 0.023674011 | I62: Alpha | J62: 0.05 | M62: 5 | N62: 0.061506891
A63: 2 | B63: 0.75574435 | C63: 0.76459215 | D63: =C63-B63 -> 0.0088477995 | E63: =ABS(D63) -> 0.0088477995 | I63: Hypothesized Mean Difference | J63: 0 | M63: 13 | N63: 0.044325667
A64: 3 | B64: 0.75246139 | C64: 0.72301136 | D64: =C64-B64 -> -0.029450022 | E64: =ABS(D64) -> 0.029450022 | J64: Variable 1 | K64: Variable 2 | M64: 21 | N64: 0.030633649
A65: 4 | B65: 0.75523994 | C65: 0.75642044 | D65: =C65-B65 -> 0.0011805037 | E65: =ABS(D65) -> 0.0011805037 | I65: Mean | J65: =AVERAGE(sims_per_turn!$B$62:$B$86) -> 0.75220636 | K65: =AVERAGE(sims_per_turn!$C$62:$C$86) -> 0.75129303 | M65: 3 | N65: 0.029450022
A66: 5 | B66: 0.68196907 | C66: 0.62046218 | D66: =C66-B66 -> -0.061506891 | E66: =ABS(D66) -> 0.061506891 | I66: Variance | J66: =VAR(sims_per_turn!$B$62:$B$86) -> 0.0020240087 | K66: =VAR(sims_per_turn!$C$62:$C$86) -> 0.0021322361 | M66: 10 | N66: 0.027526822
A67: 6 | B67: 0.80509458 | C67: 0.798549 | D67: =C67-B67 -> -0.0065455793 | E67: =ABS(D67) -> 0.0065455793 | I67: Observations | J67: =COUNT(sims_per_turn!$B$62:$B$86) -> 25 | K67: =COUNT(sims_per_turn!$C$62:$C$86) -> 25 | M67: 23 | N67: 0.02620944
A68: 7 | B68: 0.7314491 | C68: 0.75460376 | D68: =C68-B68 -> 0.023154665 | E68: =ABS(D68) -> 0.023154665 | I68: Pearson Correlation | J68: =CORREL(sims_per_turn!$B$62:$B$86,sims_per_turn!$C$62:$C$86) -> 0.86544607 | M68: 7 | N68: 0.023154665
A69: 8 | B69: 0.7986994 | C69: 0.78612837 | D69: =C69-B69 -> -0.012571031 | E69: =ABS(D69) -> 0.012571031 | I69: Observed Mean Difference | J69: {=AVERAGE(IF(ISODD(IF(ISNUMBER(sims_per_turn!$B$62:$B$86), 1, 0) * IF(ISNUMBER(sims_per_turn!$C$62:$C$86), 1, 0)), sims_per_turn!$B$62:$B$86 - sims_per_turn!$C$62:$C$86, "NA"))} -> 0.00091332982 | M69: 1 | N69: 0.022608719
A70: 9 | B70: 0.75118107 | C70: 0.75325744 | D70: =C70-B70 -> 0.0020763697 | E70: =ABS(D70) -> 0.0020763697 | I70: Variance of the Differences | J70: {=VAR(IF(ISODD(IF(ISNUMBER(sims_per_turn!$B$62:$B$86), 1, 0) * IF(ISNUMBER(sims_per_turn!$C$62:$C$86), 1, 0)), sims_per_turn!$B$62:$B$86 - sims_per_turn!$C$62:$C$86, "NA"))} -> 0.0005604588 | M70: 14 | N70: 0.022046438
A71: 10 | B71: 0.78031701 | C71: 0.80784383 | D71: =C71-B71 -> 0.027526822 | E71: =ABS(D71) -> 0.027526822 | I71: df | J71: {=SUM(IF(ISNUMBER(sims_per_turn!$B$62:$B$86), 1, 0) * IF(ISNUMBER(sims_per_turn!$C$62:$C$86), 1, 0)) - 1} -> 24 | M71: 16 | N71: 0.020730958
A72: 11 | B72: 0.78896492 | C72: 0.77810084 | D72: =C72-B72 -> -0.010864077 | E72: =ABS(D72) -> 0.010864077 | I72: t Stat | J72: =(sims_per_turn!$J$69 - sims_per_turn!$J$63) / (sims_per_turn!$J$70 / ( sims_per_turn!$J$71 + 1)) ^ 0.5 -> 0.19289714 | M72: 17 | N72: 0.019541878
A73: 12 | B73: 0.74442966 | C73: 0.76245246 | D73: =C73-B73 -> 0.018022803 | E73: =ABS(D73) -> 0.018022803 | I73: P (T<=t) one-tail | J73: =TDIST(ABS(sims_per_turn!$J$72), sims_per_turn!$J$71, 1) -> 0.4243313 | M73: 24 | N73: 0.018858552
A74: 13 | B74: 0.76434794 | C74: 0.72002227 | D74: =C74-B74 -> -0.044325667 | E74: =ABS(D74) -> 0.044325667 | I74: t Critical one-tail | J74: =TINV(2*sims_per_turn!$J$62, sims_per_turn!$J$71) -> 1.7108821 | M74: 15 | N74: 0.018507417
A75: 14 | B75: 0.71664792 | C75: 0.73869436 | D75: =C75-B75 -> 0.022046438 | E75: =ABS(D75) -> 0.022046438 | I75: P (T<=t) two-tail | J75: =TDIST(ABS(sims_per_turn!$J$72), sims_per_turn!$J$71, 2) -> 0.8486626 | M75: 12 | N75: 0.018022803
A76: 15 | B76: 0.76192925 | C76: 0.74342183 | D76: =C76-B76 -> -0.018507417 | E76: =ABS(D76) -> 0.018507417 | I76: t Critical two-tail | J76: =TINV(sims_per_turn!$J$62, sims_per_turn!$J$71) -> 2.0638986 | M76: 22 | N76: 0.017207003
A77: 16 | B77: 0.74274873 | C77: 0.76347969 | D77: =C77-B77 -> 0.020730958 | E77: =ABS(D77) -> 0.020730958 | M77: 25 | N77: 0.015465513
A78: 17 | B78: 0.76420987 | C78: 0.74466799 | D78: =C78-B78 -> -0.019541878 | E78: =ABS(D78) -> 0.019541878 | M78: 8 | N78: 0.012571031
A79: 18 | B79: 0.70079627 | C79: 0.69508995 | D79: =C79-B79 -> -0.005706324 | E79: =ABS(D79) -> 0.005706324 | M79: 20 | N79: 0.011086591
A80: 19 | B80: 0.71628406 | C80: 0.71974841 | D80: =C80-B80 -> 0.0034643556 | E80: =ABS(D80) -> 0.0034643556 | M80: 11 | N80: 0.010864077
A81: 20 | B81: 0.83902354 | C81: 0.85011013 | D81: =C81-B81 -> 0.011086591 | E81: =ABS(D81) -> 0.011086591 | M81: 2 | N81: 0.0088477995
A82: 21 | B82: 0.70402483 | C82: 0.73465848 | D82: =C82-B82 -> 0.030633649 | E82: =ABS(D82) -> 0.030633649 | M82: 6 | N82: 0.0065455793
A83: 22 | B83: 0.68499859 | C83: 0.7022056 | D83: =C83-B83 -> 0.017207003 | E83: =ABS(D83) -> 0.017207003 | M83: 18 | N83: 0.005706324
A84: 23 | B84: 0.69681188 | C84: 0.72302132 | D84: =C84-B84 -> 0.02620944 | E84: =ABS(D84) -> 0.02620944 | M84: 19 | N84: 0.0034643556
A85: 24 | B85: 0.80983661 | C85: 0.79097806 | D85: =C85-B85 -> -0.018858552 | E85: =ABS(D85) -> 0.018858552 | M85: 9 | N85: 0.0020763697
A86: 25 | B86: 0.71511197 | C86: 0.73057748 | D86: =C86-B86 -> 0.015465513 | E86: =ABS(D86) -> 0.015465513 | M86: 4 | N86: 0.0011805037
A90: turns | B90: ac15p | C90: hybrid | D90: Delta=ac15-ac15p | E90: ABS delta | F90: Mean difference | G90: std delta | I90: Paired t-test | M90: turns | N90: ABS delta
A91: 1 | B91: 0.84283713 | C91: 0.82558738 | D91: =C91-B91 -> -0.017249748 | E91: =ABS(D91) -> 0.017249748 | F91: =AVERAGE(D91:D115) -> 0.00023781566 | G91: =_xlfn.STDEV.S(D91:D115) -> 0.037469333 | I91: Alpha | J91: 0.05 | M91: 22 | N91: 0.084257278
A92: 2 | B92: 0.75574435 | C92: 0.7843254 | D92: =C92-B92 -> 0.028581054 | E92: =ABS(D92) -> 0.028581054 | I92: Hypothesized Mean Difference | J92: 0 | M92: 21 | N92: 0.060633403
A93: 3 | B93: 0.75246139 | C93: 0.74701543 | D93: =C93-B93 -> -0.0054459519 | E93: =ABS(D93) -> 0.0054459519 | J93: Variable 1 | K93: Variable 2 | M93: 13 | N93: 0.054187836
A94: 4 | B94: 0.75523994 | C94: 0.74257299 | D94: =C94-B94 -> -0.01266695 | E94: =ABS(D94) -> 0.01266695 | I94: Mean | J94: =AVERAGE(sims_per_turn!$B$90:$B$115) -> 0.75220636 | K94: =AVERAGE(sims_per_turn!$C$90:$C$115) -> 0.75244418 | M94: 24 | N94: 0.051344723
A95: 5 | B95: 0.68196907 | C95: 0.6382916 | D95: =C95-B95 -> -0.043677463 | E95: =ABS(D95) -> 0.043677463 | I95: Variance | J95: =VAR(sims_per_turn!$B$90:$B$115) -> 0.0020240087 | K95: =VAR(sims_per_turn!$C$90:$C$115) -> 0.0023181036 | M95: 17 | N95: 0.04848074
A96: 6 | B96: 0.80509458 | C96: 0.77002186 | D96: =C96-B96 -> -0.035072722 | E96: =ABS(D96) -> 0.035072722 | I96: Observations | J96: =COUNT(sims_per_turn!$B$90:$B$115) -> 25 | K96: =COUNT(sims_per_turn!$C$90:$C$115) -> 25 | M96: 19 | N96: 0.047016501
A97: 7 | B97: 0.7314491 | C97: 0.77670818 | D97: =C97-B97 -> 0.04525908 | E97: =ABS(D97) -> 0.04525908 | I97: Pearson Correlation | J97: =CORREL(sims_per_turn!$B$90:$B$115,sims_per_turn!$C$90:$C$115) -> 0.67822382 | M97: 7 | N97: 0.04525908
A98: 8 | B98: 0.7986994 | C98: 0.76689514 | D98: =C98-B98 -> -0.031804261 | E98: =ABS(D98) -> 0.031804261 | I98: Observed Mean Difference | J98: {=AVERAGE(IF(ISODD(IF(ISNUMBER(sims_per_turn!$B$90:$B$115), 1, 0) * IF(ISNUMBER(sims_per_turn!$C$90:$C$115), 1, 0)), sims_per_turn!$B$90:$B$115 - sims_per_turn!$C$90:$C$115, "NA"))} -> -0.00023781566 | M98: 5 | N98: 0.043677463
A99: 9 | B99: 0.75118107 | C99: 0.72686528 | D99: =C99-B99 -> -0.024315783 | E99: =ABS(D99) -> 0.024315783 | I99: Variance of the Differences | J99: {=VAR(IF(ISODD(IF(ISNUMBER(sims_per_turn!$B$90:$B$115), 1, 0) * IF(ISNUMBER(sims_per_turn!$C$90:$C$115), 1, 0)), sims_per_turn!$B$90:$B$115 - sims_per_turn!$C$90:$C$115, "NA"))} -> 0.0014039509 | M99: 11 | N99: 0.037547224
A100: 10 | B100: 0.78031701 | C100: 0.76670386 | D100: =C100-B100 -> -0.013613151 | E100: =ABS(D100) -> 0.013613151 | I100: df | J100: {=SUM(IF(ISNUMBER(sims_per_turn!$B$90:$B$115), 1, 0) * IF(ISNUMBER(sims_per_turn!$C$90:$C$115), 1, 0)) - 1} -> 24 | M100: 6 | N100: 0.035072722
A101: 11 | B101: 0.78896492 | C101: 0.82651214 | D101: =C101-B101 -> 0.037547224 | E101: =ABS(D101) -> 0.037547224 | I101: t Stat | J101: =(sims_per_turn!$J$98 - sims_per_turn!$J$92) / (sims_per_turn!$J$99 / ( sims_per_turn!$J$100 + 1)) ^ 0.5 -> -0.031734706 | M101: 8 | N101: 0.031804261
A102: 12 | B102: 0.74442966 | C102: 0.76273614 | D102: =C102-B102 -> 0.018306484 | E102: =ABS(D102) -> 0.018306484 | I102: P (T<=t) one-tail | J102: =TDIST(ABS(sims_per_turn!$J$101), sims_per_turn!$J$100, 1) -> 0.48747303 | M102: 16 | N102: 0.030983286
A103: 13 | B103: 0.76434794 | C103: 0.7101601 | D103: =C103-B103 -> -0.054187836 | E103: =ABS(D103) -> 0.054187836 | I103: t Critical one-tail | J103: =TINV(2*sims_per_turn!$J$91, sims_per_turn!$J$100) -> 1.7108821 | M103: 2 | N103: 0.028581054
A104: 14 | B104: 0.71664792 | C104: 0.73437638 | D104: =C104-B104 -> 0.017728463 | E104: =ABS(D104) -> 0.017728463 | I104: P (T<=t) two-tail | J104: =TDIST(ABS(sims_per_turn!$J$101), sims_per_turn!$J$100, 2) -> 0.97494606 | M104: 18 | N104: 0.025692579
A105: 15 | B105: 0.76192925 | C105: 0.75654224 | D105: =C105-B105 -> -0.0053870076 | E105: =ABS(D105) -> 0.0053870076 | I105: t Critical two-tail | J105: =TINV(sims_per_turn!$J$91, sims_per_turn!$J$100) -> 2.0638986 | M105: 9 | N105: 0.024315783
A106: 16 | B106: 0.74274873 | C106: 0.77373202 | D106: =C106-B106 -> 0.030983286 | E106: =ABS(D106) -> 0.030983286 | M106: 20 | N106: 0.022485407
A107: 17 | B107: 0.76420987 | C107: 0.81269061 | D107: =C107-B107 -> 0.04848074 | E107: =ABS(D107) -> 0.04848074 | M107: 12 | N107: 0.018306484
A108: 18 | B108: 0.70079627 | C108: 0.72648885 | D108: =C108-B108 -> 0.025692579 | E108: =ABS(D108) -> 0.025692579 | M108: 14 | N108: 0.017728463
A109: 19 | B109: 0.71628406 | C109: 0.76330056 | D109: =C109-B109 -> 0.047016501 | E109: =ABS(D109) -> 0.047016501 | M109: 1 | N109: 0.017249748
A110: 20 | B110: 0.83902354 | C110: 0.81653813 | D110: =C110-B110 -> -0.022485407 | E110: =ABS(D110) -> 0.022485407 | M110: 10 | N110: 0.013613151
A111: 21 | B111: 0.70402483 | C111: 0.64339143 | D111: =C111-B111 -> -0.060633403 | E111: =ABS(D111) -> 0.060633403 | M111: 4 | N111: 0.01266695
A112: 22 | B112: 0.68499859 | C112: 0.76925587 | D112: =C112-B112 -> 0.084257278 | E112: =ABS(D112) -> 0.084257278 | M112: 23 | N112: 0.012141334
A113: 23 | B113: 0.69681188 | C113: 0.68467054 | D113: =C113-B113 -> -0.012141334 | E113: =ABS(D113) -> 0.012141334 | M113: 25 | N113: 0.012118444
A114: 24 | B114: 0.80983661 | C114: 0.75849189 | D114: =C114-B114 -> -0.051344723 | E114: =ABS(D114) -> 0.051344723 | M114: 3 | N114: 0.0054459519
A115: 25 | B115: 0.71511197 | C115: 0.72723041 | D115: =C115-B115 -> 0.012118444 | E115: =ABS(D115) -> 0.012118444 | M115: 15 | N115: 0.0053870076
A119: turns | B119: ac15p | C119: hybsem | D119: Delta=ac15-ac15p | E119: ABS delta | F119: Mean difference | G119: std delta | I119: Paired t-test | M119: turns | N119: ABS delta
A120: 1 | B120: 0.84283713 | C120: 0.82646574 | D120: =C120-B120 -> -0.016371388 | E120: =ABS(D120) -> 0.016371388 | F120: =AVERAGE(D120:D144) -> -0.0031400118 | G120: =_xlfn.STDEV.S(D120:D144) -> 0.028636514 | I120: Alpha | J120: 0.05 | M120: 23 | N120: 0.064935049
A121: 2 | B121: 0.75574435 | C121: 0.76029579 | D121: =C121-B121 -> 0.004551444 | E121: =ABS(D121) -> 0.004551444 | I121: Hypothesized Mean Difference | J121: 0 | M121: 24 | N121: 0.063619817
A122: 3 | B122: 0.75246139 | C122: 0.7455131 | D122: =C122-B122 -> -0.006948281 | E122: =ABS(D122) -> 0.006948281 | J122: Variable 1 | K122: Variable 2 | M122: 6 | N122: 0.040682314
A123: 4 | B123: 0.75523994 | C123: 0.74023798 | D123: =C123-B123 -> -0.01500196 | E123: =ABS(D123) -> 0.01500196 | I123: Mean | J123: =AVERAGE(sims_per_turn!$B$120:$B$144) -> 0.75220636 | K123: =AVERAGE(sims_per_turn!$C$120:$C$144) -> 0.74906635 | M123: 15 | N123: 0.038574549
A124: 5 | B124: 0.68196907 | C124: 0.70141781 | D124: =C124-B124 -> 0.01944874 | E124: =ABS(D124) -> 0.01944874 | I124: Variance | J124: =VAR(sims_per_turn!$B$120:$B$144) -> 0.0020240087 | K124: =VAR(sims_per_turn!$C$120:$C$144) -> 0.0020364168 | M124: 11 | N124: 0.037426951
...

Sheet pivot-table sims per turn
A3: turns | B3: comparison | C3: abs delta | E3: Count - abs delta | F3: comparison
A4: 22 | B4: Hybesm-hybrid | C4: 0.10403392 | E4: turns | F4: ac15-ac15p | G4: Hybesm-hybrid | H4: Hybrid-ac15 | I4: Hybrid-ac15p | J4: Hybsem-ac15 | K4: Hybsem-ac15p | L4: Total Result
A5: 21 | B5: Hybrid-ac15 | C5: 0.091267052 | E5: 5 | F5: 1 | G5: 1 | J5: 1 | L5: 3
A6: 22 | B6: Hybrid-ac15p | C6: 0.084257278 | E6: 7 | G6: 1 | L6: 1
A7: 21 | B7: Hybesm-hybrid | C7: 0.08360635 | E7: 13 | I7: 1 | L7: 1
A8: 5 | B8: Hybsem-ac15 | C8: 0.080955631 | E8: 17 | H8: 1 | L8: 1
A9: 23 | B9: Hybesm-hybrid | C9: 0.077076384 | E9: 21 | G9: 1 | H9: 1 | I9: 1 | L9: 3
A10: 7 | B10: Hybesm-hybrid | C10: 0.072078989 | E10: 22 | G10: 1 | H10: 1 | I10: 1 | L10: 3
A11: 17 | B11: Hybrid-ac15 | C11: 0.068022618 | E11: 23 | G11: 1 | K11: 1 | L11: 2
A12: 22 | B12: Hybrid-ac15 | C12: 0.067050276 | E12: 24 | I12: 1 | K12: 1 | L12: 2
A13: 23 | B13: Hybsem-ac15p | C13: 0.064935049 | E13: Total Result | F13: 1 | G13: 5 | H13: 3 | I13: 4 | J13: 1 | K13: 2 | L13: 16
A14: 24 | B14: Hybsem-ac15p | C14: 0.063619817
A15: 5 | B15: Hybesm-hybrid | C15: 0.063126203
A16: 5 | B16: ac15-ac15p | C16: 0.061506891
A17: 21 | B17: Hybrid-ac15p | C17: 0.060633403
A18: 13 | B18: Hybrid-ac15p | C18: 0.054187836
A19: 24 | B19: Hybrid-ac15p | C19: 0.051344723

Sheet anchors_raw_information
B1: seq | C1: anchorName | D1: weight | E1: projectName
B2: 1 | C2: practicality_and_feasibility | D2: 0.2058 | E2: test_ac15 | G2: Count - anchorName | H2: projectName
B3: 1 | C3: temporal_dynamics | D3: 0.1919 | E3: test_ac15 | G3: seq | H3: ac15-plain | I3: hybrid_v3_5 | J3: test_ac15 | K3: hysem | L3: Total Result | M3: Total Result
B4: 1 | C4: mathematics_computer_science_engineering | D4: 0.182 | E4: test_ac15 | G4: 1 | H4: 6 | I4: 6 | J4: 6 | K4: 6 | L4: 24 | M4: 24
B5: 1 | C5: affective_interface | D5: 0.1602 | E5: test_ac15 | G5: 3 | H5: 6 | I5: 6 | J5: 6 | K5: 6 | L5: 24 | M5: 24
B6: 1 | C6: imagination_and_possibility | D6: 0.1601 | E6: test_ac15 | G6: 5 | H6: 6 | I6: 6 | J6: 6 | K6: 6 | L6: 24 | M6: 24
B7: 1 | C7: truth_and_fact | D7: 0.1 | E7: test_ac15 | G7: 7 | H7: 6 | I7: 6 | J7: 6 | K7: 6 | L7: 24 | M7: 24
B8: 3 | C8: practicality_and_feasibility | D8: 0.1939 | E8: test_ac15 | G8: 9 | H8: 6 | I8: 6 | J8: 6 | K8: 6 | L8: 24 | M8: 24
B9: 3 | C9: temporal_dynamics | D9: 0.1889 | E9: test_ac15 | G9: 11 | H9: 6 | I9: 6 | J9: 4 | K9: 6 | L9: 22 | M9: 22
B10: 3 | C10: mathematics_computer_science_engineering | D10: 0.1848 | E10: test_ac15 | G10: 13 | H10: 6 | I10: 5 | J10: 6 | K10: 6 | L10: 23 | M10: 23
B11: 3 | C11: sovereignty | D11: 0.1733 | E11: test_ac15 | G11: 15 | H11: 6 | I11: 6 | J11: 6 | K11: 6 | L11: 24 | M11: 24
B12: 3 | C12: affective_interface | D12: 0.1591 | E12: test_ac15 | G12: 17 | H12: 6 | I12: 6 | J12: 6 | K12: 6 | L12: 24 | M12: 24
B13: 3 | C13: truth_and_fact | D13: 0.1 | E13: test_ac15 | G13: 19 | H13: 6 | I13: 6 | J13: 6 | K13: 6 | L13: 24 | M13: 24
B14: 5 | C14: practicality_and_feasibility | D14: 0.1939 | E14: test_ac15 | G14: 21 | H14: 6 | I14: 5 | J14: 6 | K14: 4 | L14: 21 | M14: 21
B15: 5 | C15: temporal_dynamics | D15: 0.1901 | E15: test_ac15 | G15: 23 | H15: 5 | I15: 4 | J15: 5 | K15: 4 | L15: 18 | M15: 18
... B28: 9 | C28: sovereignty | D28: 0.1757 | E28: test_ac15 | G28: 49 | H28: 6 | I28: 6 | J28: 6 | K28: 6 | L28: 24 | M28: 24
B29: 9 | C29: affective_interface | D29: 0.1723 | E29: test_ac15 | G29: Total Result | H29: 142 | I29: 131 | J29: 139 | K29: 139 | L29: 551 | M29: 551
B30: 9 | C30: mathematics_computer_science_engineering | D30: 0.1634 | E30: test_ac15
B31: 9 | C31: truth_and_fact | D31: 0.1 | E31: test_ac15
B32: 11 | C32: practicality_and_feasibility | D32: 0.3091 | E32: test_ac15
B33: 11 | C33: temporal_dynamics | D33: 0.3023 | E33: test_ac15 | I33: projectName
B34: 11 | C34: mathematics_computer_science_engineering | D34: 0.2886 | E34: test_ac15 | G34: anchorName | H34: Data | I34: ac15-plain | J34: hybrid_v3_5 | K34: hysem | L34: test_ac15 | M34: Total Result
B35: 11 | C35: truth_and_fact | D35: 0.1 | E35: test_ac15 | G35: affective_interface | H35: Count - weight | I35: 20 | J35: 18 | K35: 24 | L35: 17 | M35: 79
B36: 13 | C36: practicality_and_feasibility | D36: 0.2042 | E36: test_ac15 | H36: Average - weight* | I36: 0.175175 | J36: 0.18772222 | K36: 0.2031875 | L36: 0.17807059 | M36: 0.18716709
B37: 13 | C37: mathematics_computer_science_engineering | D37: 0.1944 | E37: test_ac15 | G37: context_dependent_expression | H37: Count - weight | I37: 1 | J37: 1 | L37: 2 | M37: 4
B38: 13 | C38: temporal_dynamics | D38: 0.1911 | E38: test_ac15 | H38: Average - weight* | I38: 0.1711 | J38: 0.2002 | L38: 0.16385 | M38: 0.17475
B39: 13 | C39: affective_interface | D39: 0.1553 | E39: test_ac15 | G39: freedom_and_limitations | H39: Count - weight | J39: 1 | K39: 2 | M39: 3
B40: 13 | C40: sovereignty | D40: 0.1549 | E40: test_ac15 | H40: Average - weight* | J40: 0.1772 | K40: 0.15575 | M40: 0.1629
B41: 13 | C41: truth_and_fact | D41: 0.1 | E41: test_ac15 | G41: imagination_and_possibility | H41: Count - weight | I41: 6 | J41: 18 | K41: 19 | L41: 10 | M41: 53
B42: 15 | C42: affective_interface | D42: 0.186 | E42: test_ac15 | H42: Average - weight* | I42: 0.15935 | J42: 0.17331667 | K42: 0.16609474 | L42: 0.16556 | M42: 0.16768302
B43: 15 | C43: practicality_and_feasibility | D43: 0.184 | E43: test_ac15 | G43: mathematics_computer_science_engineering | H43: Count - weight | I43: 21 | J43: 16 | K43: 16 | L43: 24 | M43: 77
B44: 15 | C44: temporal_dynamics | D44: 0.1797 | E44: test_ac15 | H44: Average - weight* | I44: 0.17064762 | J44: 0.16456875 | K44: 0.1561375 | L44: 0.197875 | M44: 0.17485584
B45: 15 | C45: mathematics_computer_science_engineering | D45: 0.1787 | E45: test_ac15 | G45: metaphorical_scaffolding | H45: Count - weight | I45: 1 | J45: 1 | K45: 1 | L45: 2 | M45: 5
B46: 15 | C46: sovereignty | D46: 0.1716 | E46: test_ac15 | H46: Average - weight* | I46: 0.1616 | J46: 0.1628 | K46: 0.1625 | L46: 0.1531 | M46: 0.15862
B47: 15 | C47: truth_and_fact | D47: 0.1 | E47: test_ac15 | G47: practicality_and_feasibility | H47: Count - weight | I47: 25 | J47: 25 | K47: 25 | L47: 25 | M47: 100
B48: 17 | C48: temporal_dynamics | D48: 0.2097 | E48: test_ac15 | H48: Average - weight* | I48: 0.23228 | J48: 0.264 | K48: 0.24388 | L48: 0.219052 | M48: 0.239803
B49: 17 | C49: practicality_and_feasibility | D49: 0.1892 | E49: test_ac15 | G49: science | H49: Count - weight | I49: 1 | K49: 1 | L49: 3 | M49: 5
B50: 17 | C50: mathematics_computer_science_engineering | D50: 0.1689 | E50: test_ac15 | H50: Average - weight* | I50: 0.1614 | K50: 0.1484 | L50: 0.16423333 | M50: 0.1605
B51: 17 | C51: affective_interface | D51: 0.1672 | E51: test_ac15 | G51: sovereignty | H51: Count - weight | I51: 18 | J51: 1 | K51: 2 | L51: 6 | M51: 27
B52: 17 | C52: imagination_and_possibility | D52: 0.1649 | E52: test_ac15 | H52: Average - weight* | I52: 0.1731 | J52: 0.1529 | K52: 0.1544 | L52: 0.16506667 | M52: 0.16918148
B53: 17 | C53: truth_and_fact | D53: 0.1 | E53: test_ac15 | G53: temporal_dynamics | H53: Count - weight | I53: 24 | J53: 25 | K53: 24 | L53: 25 | M53: 98
B54: 19 | C54: temporal_dynamics | D54: 0.2016 | E54: test_ac15 | H54: Average - weight* | I54: 0.21001667 | J54: 0.243012 | K54: 0.2058875 | L54: 0.218992 | M54: 0.21971224
B55: 19 | C55: practicality_and_feasibility | D55: 0.1941 | E55: test_ac15 | G55: truth_and_fact | H55: Count - weight | I55: 25 | J55: 25 | K55: 25 | L55: 25 | M55: 100
B56: 19 | C56: mathematics_computer_science_engineering | D56: 0.1864 | E56: test_ac15 | H56: Average - weight* | I56: 0.1 | J56: 0.1 | K56: 0.1 | L56: 0.1 | M56: 0.1
B57: 19 | C57: imagination_and_possibility | D57: 0.1594 | E57: test_ac15 | G57: Total Count - weight | I57: 142 | J57: 131 | K57: 139 | L57: 139 | M57: 551
B58: 19 | C58: affective_interface | D58: 0.1585 | E58: test_ac15 | G58: Total Average - weight* | I58: 0.17605986 | J58: 0.19084122 | K58: 0.17985612 | L58: 0.1798554 | M58: 0.18148929
B59: 19 | C59: truth_and_fact | D59: 0.1 | E59: test_ac15
B60: 21 | C60: temporal_dynamics | D60: 0.1996 | E60: test_ac15
B61: 21 | C61: mathematics_computer_science_engineering | D61: 0.1852 | E61: test_ac15 | G61: Count - weight | H61: projectName
B62: 21 | C62: practicality_and_feasibility | D62: 0.176 | E62: test_ac15 | G62: anchorName | H62: ac15-plain | I62: hybrid_v3_5 | J62: hysem | K62: test_ac15 | L62: Total Result
B63: 21 | C63: affective_interface | D63: 0.171 | E63: test_ac15 | G63: affective_interface | H63: 20 | I63: 18 | J63: 24 | K63: 17 | L63: 79
B64: 21 | C64: context_dependent_expression | D64: 0.1682 | E64: test_ac15 | G64: context_dependent_expression | H64: 1 | I64: 1 | K64: 2 | L64: 4
B65: 21 | C65: truth_and_fact | D65: 0.1 | E65: test_ac15 | G65: freedom_and_limitations | I65: 1 | J65: 2 | L65: 3
B66: 23 | C66: temporal_dynamics | D66: 0.2474 | E66: test_ac15 | G66: imagination_and_possibility | H66: 6 | I66: 18 | J66: 19 | K66: 10 | L66: 53
B67: 23 | C67: practicality_and_feasibility | D67: 0.2317 | E67: test_ac15 | G67: mathematics_computer_science_engineering | H67: 21 | I67: 16 | J67: 16 | K67: 24 | L67: 77
B68: 23 | C68: affective_interface | D68: 0.2172 | E68: test_ac15 | G68: metaphorical_scaffolding | H68: 1 | I68: 1 | J68: 1 | K68: 2 | L68: 5
B69: 23 | C69: mathematics_computer_science_engineering | D69: 0.2037 | E69: test_ac15 | G69: practicality_and_feasibility | H69: 25 | I69: 25 | J69: 25 | K69: 25 | L69: 100
B70: 23 | C70: truth_and_fact | D70: 0.1 | E70: test_ac15 | G70: science | H70: 1 | J70: 1 | K70: 3 | L70: 5
B71: 25 | C71: practicality_and_feasibility | D71: 0.3191 | E71: test_ac15 | G71: sovereignty | H71: 18 | I71: 1 | J71: 2 | K71: 6 | L71: 27
B72: 25 | C72: temporal_dynamics | D72: 0.2965 | E72: test_ac15 | G72: temporal_dynamics | H72: 24 | I72: 25 | J72: 24 | K72: 25 | L72: 98
B73: 25 | C73: affective_interface | D73: 0.2844 | E73: test_ac15 | G73: truth_and_fact | H73: 25 | I73: 25 | J73: 25 | K73: 25 | L73: 100
B74: 25 | C74: truth_and_fact | D74: 0.1 | E74: test_ac15 | G74: Total Result | H74: 142 | I74: 131 | J74: 139 | K74: 139 | L74: 551
B75: 27 | C75: practicality_and_feasibility | D75: 0.2111 | E75: test_ac15
B76: 27 | C76: temporal_dynamics | D76: 0.196 | E76: test_ac15
B77: 27 | C77: mathematics_computer_science_engineering | D77: 0.1686 | E77: test_ac15 | G77: Chi Square
B78: 27 | C78: imagination_and_possibility | D78: 0.1634 | E78: test_ac15
B79: 27 | C79: affective_interface | D79: 0.161 | E79: test_ac15 | G79: Count - weight | H79: projectName
B80: 27 | C80: truth_and_fact | D80: 0.1 | E80: test_ac15 | G80: anchorName | H80: ac15-plain | I80: hybrid_v3_5 | J80: hysem | K80: test_ac15 | L80: Total Result
B81: 29 | C81: practicality_and_feasibility | D81: 0.2028 | E81: test_ac15 | G81: affective_interface | H81: 20 | I81: 18 | J81: 24 | K81: 17 | L81: 79
B82: 29 | C82: mathematics_computer_science_engineering | D82: 0.1828 | E82: test_ac15 | G82: context_dependent_expression | H82: 1 | I82: 1 | J82: 0 | K82: 2 | L82: 4
B83: 29 | C83: temporal_dynamics | D83: 0.1819 | E83: test_ac15 | G83: freedom_and_limitations | H83: 0 | I83: 1 | J83: 2 | K83: 0 | L83: 3
B84: 29 | C84: imagination_and_possibility | D84: 0.17 | E84: test_ac15 | G84: imagination_and_possibility | H84: 6 | I84: 18 | J84: 19 | K84: 10 | L84: 53
B85: 29 | C85: sovereignty | D85: 0.1624 | E85: test_ac15 | G85: mathematics_computer_science_engineering | H85: 21 | I85: 16 | J85: 16 | K85: 24 | L85: 77
B86: 29 | C86: truth_and_fact | D86: 0.1 | E86: test_ac15 | G86: metaphorical_scaffolding | H86: 1 | I86: 1 | J86: 1 | K86: 2 | L86: 5
B87: 31 | C87: temporal_dynamics | D87: 0.3088 | E87: test_ac15 | G87: practicality_and_feasibility | H87: 25 | I87: 25 | J87: 25 | K87: 25 | L87: 100
B88: 31 | C88: mathematics_computer_science_engineering | D88: 0.2969 | E88: test_ac15 | G88: science | H88: 1 | I88: 0 | J88: 1 | K88: 3 | L88: 5
B89: 31 | C89: practicality_and_feasibility | D89: 0.2944 | E89: test_ac15 | G89: sovereignty | H89: 18 | I89: 1 | J89: 2 | K89: 6 | L89: 27
B90: 31 | C90: truth_and_fact | D90: 0.1 | E90: test_ac15 | G90: temporal_dynamics | H90: 24 | I90: 25 | J90: 24 | K90: 25 | L90: 98
B91: 33 | C91: temporal_dynamics | D91: 0.2515 | E91: test_ac15 | G91: truth_and_fact | H91: 25 | I91: 25 | J91: 25 | K91: 25 | L91: 100
B92: 33 | C92: practicality_and_feasibility | D92: 0.2233 | E92: test_ac15 | G92: Total Result | H92: 142 | I92: 131 | J92: 139 | K92: 139 | L92: 551
B93: 33 | C93: mathematics_computer_science_engineering | D93: 0.2167 | E93: test_ac15
B94: 33 | C94: affective_interface | D94: 0.2085 | E94: test_ac15 | G94: Test of Independence (Chi-Square)
B95: 33 | C95: truth_and_fact | D95: 0.1 | E95: test_ac15 | G95: Alpha | H95: 0.05
B96: 35 | C96: temporal_dynamics | D96: 0.1973 | E96: test_ac15 | G96: df | H96: =(COLUMNS(anchors_raw_information!$H$81:$K$91) - 1) * (ROWS(anchors_raw_information!$H$81:$K$91) - 1) -> 30
B97: 35 | C97: practicality_and_feasibility | D97: 0.197 | E97: test_ac15 | G97: P-value | H97: =CHITEST(anchors_raw_information!$H$81:$K$91, MMULT(MMULT(anchors_raw_information!$H$81:$K$91,TRANSPOSE(IF(COLUMN(anchors_raw_information!$H$81:$K$91),TRUE()))),MMULT(TRANSPOSE(IF(ROW(anchors_raw_information!$H$81:$K$91),TRUE())),anchors_raw_information!$H$81:$K$91)) / SUM(anchors_raw_information!$H$81:$K$91)) -> 0.015316595
B98: 35 | C98: mathematics_computer_science_engineering | D98: 0.1796 | E98: test_ac15 | G98: Test Statistic | H98: =CHIINV(anchors_raw_information!$H$97, anchors_raw_information!$H$96) -> 49.110096
B99: 35 | C99: affective_interface | D99: 0.1638 | E99: test_ac15 | G99: Critical Value | H99: =CHIINV(anchors_raw_information!$H$95, anchors_raw_information!$H$96) -> 43.772972
B100: 35 | C100: imagination_and_possibility | D100: 0.1623 | E100: test_ac15
B101: 35 | C101: truth_and_fact | D101: 0.1 | E101: test_ac15 | G101: Chi Square - context – freedom – truth
B102: 37 | C102: practicality_and_feasibility | D102: 0.1986 | E102: test_ac15
B103: 37 | C103: temporal_dynamics | D103: 0.1871 | E103: test_ac15 | G103: Count - weight | H103: projectName
B104: 37 | C104: mathematics_computer_science_engineering | D104: 0.1795 | E104: test_ac15 | G104: anchorName | H104: ac15-plain | I104: hybrid_v3_5 | J104: hysem | K104: test_ac15 | L104: Total Result
B105: 37 | C105: science | D105: 0.1723 | E105: test_ac15 | G105: affective_interface | H105: 20 | I105: 18 | J105: 24 | K105: 17 | L105: 79
B106: 37 | C106: affective_interface | D106: 0.1625 | E106: test_ac15 | G106: imagination_and_possibility | H106: 6 | I106: 18 | J106: 19 | K106: 10 | L106: 53
B107: 37 | C107: truth_and_fact | D107: 0.1 | E107: test_ac15 | G107: mathematics_computer_science_engineering | H107: 21 | I107: 16 | J107: 16 | K107: 24 | L107: 77
B108: 39 | C108: practicality_and_feasibility | D108: 0.1964 | E108: test_ac15 | G108: metaphorical_scaffolding | H108: 1 | I108: 1 | J108: 1 | K108: 2 | L108: 5
B109: 39 | C109: temporal_dynamics | D109: 0.1917 | E109: test_ac15 | G109: practicality_and_feasibility | H109: 25 | I109: 25 | J109: 25 | K109: 25 | L109: 100
B110: 39 | C110: mathematics_computer_science_engineering | D110: 0.1886 | E110: test_ac15 | G110: science | H110: 1 | I110: 0 | J110: 1 | K110: 3 | L110: 5
B111: 39 | C111: affective_interface | D111: 0.1697 | E111: test_ac15 | G111: sovereignty | H111: 18 | I111: 1 | J111: 2 | K111: 6 | L111: 27
B112: 39 | C112: imagination_and_possibility | D112: 0.1536 | E112: test_ac15 | G112: temporal_dynamics | H112: 24 | I112: 25 | J112: 24 | K112: 25 | L112: 98
...
