Workbook

Sheet sims_per_turn
B1: General
B3: Hybsem | C3: Hybrid | D3: ac15p | E3: ac15
B4: 0.82908352 | C4: 0.83430834 | D4: 0.82032979 | E4: 0.82952135
B5: 0.7664449 | C5: 0.78737809 | D5: 0.76020895 | E5: 0.73519371
B6: 0.82081493 | C6: 0.82347011 | D6: 0.77935892 | E6: 0.73805452
B7: 0.58934068 | C7: 0.64138219 | D7: 0.65547417 | E7: 0.63946145
B8: 0.54993991 | C8: 0.64856074 | D8: 0.60148827 | E8: 0.6011484
B9: 0.8063013 | C9: 0.73754073 | D9: 0.80260511 | E9: 0.77349923
B10: 0.65442075 | C10: 0.63496808 | D10: 0.64887842 | E10: 0.65742523
B11: 0.74745701 | C11: 0.74640085 | D11: 0.75255045 | E11: 0.71261314
B12: 0.76315444 | C12: 0.68880534 | D12: 0.72599844 | E12: 0.69508286
B13: 0.74529883 | C13: 0.74363979 | D13: 0.70681936 | E13: 0.70158644
B14: 0.70359943 | C14: 0.71319147 | D14: 0.66388414 | E14: 0.69702804
B15: 0.79229112 | C15: 0.76713896 | D15: 0.80868052 | E15: 0.78055884
... B28: 0.71866241 | C28: 0.70629147 | D28: 0.69002391 | E28: 0.68313654
B31: per turn, prompt-response deltas
A33: turns | B33: Hybsem | C33: Hybrid | D33: Delta=hybrid-hybsem | E33: ABS delta | F33: Mean difference | G33: std delta | I33: Paired t-test | M33: Turn | N33: Delta=hybrid-hybsem
A34: 1 | B34: 0.82908352 | C34: 0.83430834 | D34: =C34-B34 -> 0.0052248206 | E34: =ABS(D34) -> 0.0052248206 | F34: =AVERAGE(D34:D58) -> -0.0024904092 | G34: =_xlfn.STDEV.S(D34:D58) -> 0.040066552 | I34: Alpha | J34: 0.05 | M34: 5 | N34: 0.098620831
A35: 2 | B35: 0.7664449 | C35: 0.78737809 | D35: =C35-B35 -> 0.020933186 | E35: =ABS(D35) -> 0.020933186 | I35: Hypothesized Mean Difference | J35: 0 | M35: 9 | N35: 0.074349093
A36: 3 | B36: 0.82081493 | C36: 0.82347011 | D36: =C36-B36 -> 0.0026551817 | E36: =ABS(D36) -> 0.0026551817 | J36: Variable 1 | K36: Variable 2 | M36: 6 | N36: 0.068760577
A37: 4 | B37: 0.58934068 | C37: 0.64138219 | D37: =C37-B37 -> 0.052041506 | E37: =ABS(D37) -> 0.052041506 | I37: Mean | J37: =AVERAGE(sims_per_turn!$B$33:$B$58) -> 0.73304139 | K37: =AVERAGE(sims_per_turn!$C$33:$C$58) -> 0.73055098 | M37: 17 | N37: 0.052987223
A38: 5 | B38: 0.54993991 | C38: 0.64856074 | D38: =C38-B38 -> 0.098620831 | E38: =ABS(D38) -> 0.098620831 | I38: Variance | J38: =VAR(sims_per_turn!$B$33:$B$58) -> 0.0042880587 | K38: =VAR(sims_per_turn!$C$33:$C$58) -> 0.0032014709 | M38: 19 | N38: 0.052745357
A39: 6 | B39: 0.8063013 | C39: 0.73754073 | D39: =C39-B39 -> -0.068760577 | E39: =ABS(D39) -> 0.068760577 | I39: Observations | J39: =COUNT(sims_per_turn!$B$33:$B$58) -> 25 | K39: =COUNT(sims_per_turn!$C$33:$C$58) -> 25 | M39: 4 | N39: 0.052041506
A40: 7 | B40: 0.65442075 | C40: 0.63496808 | D40: =C40-B40 -> -0.019452665 | E40: =ABS(D40) -> 0.019452665 | I40: Pearson Correlation | J40: =CORREL(sims_per_turn!$B$33:$B$58,sims_per_turn!$C$33:$C$58) -> 0.79405825 | M40: 15 | N40: 0.051309121
A41: 8 | B41: 0.74745701 | C41: 0.74640085 | D41: =C41-B41 -> -0.0010561521 | E41: =ABS(D41) -> 0.0010561521 | I41: Observed Mean Difference | J41: {=AVERAGE(IF(ISODD(IF(ISNUMBER(sims_per_turn!$B$33:$B$58), 1, 0) * IF(ISNUMBER(sims_per_turn!$C$33:$C$58), 1, 0)), sims_per_turn!$B$33:$B$58 - sims_per_turn!$C$33:$C$58, "NA"))} -> 0.0024904092 | M41: 24 | N41: 0.047894516
A42: 9 | B42: 0.76315444 | C42: 0.68880534 | D42: =C42-B42 -> -0.074349093 | E42: =ABS(D42) -> 0.074349093 | I42: Variance of the Differences | J42: {=VAR(IF(ISODD(IF(ISNUMBER(sims_per_turn!$B$33:$B$58), 1, 0) * IF(ISNUMBER(sims_per_turn!$C$33:$C$58), 1, 0)), sims_per_turn!$B$33:$B$58 - sims_per_turn!$C$33:$C$58, "NA"))} -> 0.0016053286 | M42: 14 | N42: 0.046987649
A43: 10 | B43: 0.74529883 | C43: 0.74363979 | D43: =C43-B43 -> -0.0016590318 | E43: =ABS(D43) -> 0.0016590318 | I43: df | J43: {=SUM(IF(ISNUMBER(sims_per_turn!$B$33:$B$58), 1, 0) * IF(ISNUMBER(sims_per_turn!$C$33:$C$58), 1, 0)) - 1} -> 24 | M43: 16 | N43: 0.028592564
A44: 11 | B44: 0.70359943 | C44: 0.71319147 | D44: =C44-B44 -> 0.0095920385 | E44: =ABS(D44) -> 0.0095920385 | I44: t Stat | J44: =(sims_per_turn!$J$41 - sims_per_turn!$J$35) / (sims_per_turn!$J$42 / ( sims_per_turn!$J$43 + 1)) ^ 0.5 -> 0.31078407 | M44: 12 | N44: 0.025152163
A45: 12 | B45: 0.79229112 | C45: 0.76713896 | D45: =C45-B45 -> -0.025152163 | E45: =ABS(D45) -> 0.025152163 | I45: P (T<=t) one-tail | J45: =TDIST(ABS(sims_per_turn!$J$44), sims_per_turn!$J$43, 1) -> 0.37932396 | M45: 2 | N45: 0.020933186
A46: 13 | B46: 0.74274884 | C46: 0.72568927 | D46: =C46-B46 -> -0.017059576 | E46: =ABS(D46) -> 0.017059576 | I46: t Critical one-tail | J46: =TINV(2*sims_per_turn!$J$34, sims_per_turn!$J$43) -> 1.7108821 | M46: 7 | N46: 0.019452665
A47: 14 | B47: 0.73073903 | C47: 0.68375138 | D47: =C47-B47 -> -0.046987649 | E47: =ABS(D47) -> 0.046987649 | I47: P (T<=t) two-tail | J47: =TDIST(ABS(sims_per_turn!$J$44), sims_per_turn!$J$43, 2) -> 0.75864793 | M47: 22 | N47: 0.017706595
A48: 15 | B48: 0.72750153 | C48: 0.77881066 | D48: =C48-B48 -> 0.051309121 | E48: =ABS(D48) -> 0.051309121 | I48: t Critical two-tail | J48: =TINV(sims_per_turn!$J$34, sims_per_turn!$J$43) -> 2.0638986 | M48: 13 | N48: 0.017059576
A49: 16 | B49: 0.69212024 | C49: 0.72071281 | D49: =C49-B49 -> 0.028592564 | E49: =ABS(D49) -> 0.028592564 | M49: 25 | N49: 0.01237094
A50: 17 | B50: 0.71954954 | C50: 0.77253676 | D50: =C50-B50 -> 0.052987223 | E50: =ABS(D50) -> 0.052987223 | M50: 11 | N50: 0.0095920385
A51: 18 | B51: 0.70854009 | C51: 0.70540047 | D51: =C51-B51 -> -0.0031396161 | E51: =ABS(D51) -> 0.0031396161 | M51: 20 | N51: 0.009382288
A52: 19 | B52: 0.70677586 | C52: 0.6540305 | D52: =C52-B52 -> -0.052745357 | E52: =ABS(D52) -> 0.052745357 | M52: 1 | N52: 0.0052248206
A53: 20 | B53: 0.81055278 | C53: 0.81993506 | D53: =C53-B53 -> 0.009382288 | E53: =ABS(D53) -> 0.009382288 | M53: 21 | N53: 0.0037162216
A54: 21 | B54: 0.77965151 | C54: 0.77593529 | D54: =C54-B54 -> -0.0037162216 | E54: =ABS(D54) -> 0.0037162216 | M54: 18 | N54: 0.0031396161
A55: 22 | B55: 0.70701265 | C55: 0.68930606 | D55: =C55-B55 -> -0.017706595 | E55: =ABS(D55) -> 0.017706595 | M55: 3 | N55: 0.0026551817
A56: 23 | B56: 0.7594112 | C56: 0.75786237 | D56: =C56-B56 -> -0.0015488383 | E56: =ABS(D56) -> 0.0015488383 | M56: 10 | N56: 0.0016590318
A57: 24 | B57: 0.75462219 | C57: 0.70672767 | D57: =C57-B57 -> -0.047894516 | E57: =ABS(D57) -> 0.047894516 | M57: 23 | N57: 0.0015488383
A58: 25 | B58: 0.71866241 | C58: 0.70629147 | D58: =C58-B58 -> -0.01237094 | E58: =ABS(D58) -> 0.01237094 | M58: 8 | N58: 0.0010561521
A62: turns | B62: ac15p | C62: ac15 | D62: Delta=ac15-ac15p | E62: ABS delta | F62: Mean difference | G62: std delta | I62: Paired t-test | M62: turns | N62: Delta=ac15-ac15p
A63: 1 | B63: 0.82032979 | C63: 0.82952135 | D63: =C63-B63 -> 0.0091915596 | E63: =ABS(D63) -> 0.0091915596 | F63: =AVERAGE(D63:D87) -> -0.013646024 | G63: =_xlfn.STDEV.S(D63:D87) -> 0.029007613 | I63: Alpha | J63: 0.05 | M63: 22 | N63: 0.079287974
A64: 2 | B64: 0.76020895 | C64: 0.73519371 | D64: =C64-B64 -> -0.025015242 | E64: =ABS(D64) -> 0.025015242 | I64: Hypothesized Mean Difference | J64: 0 | M64: 24 | N64: 0.055768384
A65: 3 | B65: 0.77935892 | C65: 0.73805452 | D65: =C65-B65 -> -0.041304399 | E65: =ABS(D65) -> 0.041304399 | J65: Variable 1 | K65: Variable 2 | M65: 18 | N65: 0.049840345
A66: 4 | B66: 0.65547417 | C66: 0.63946145 | D66: =C66-B66 -> -0.016012717 | E66: =ABS(D66) -> 0.016012717 | I66: Mean | J66: =AVERAGE(sims_per_turn!$B$62:$B$87) -> 0.73072651 | K66: =AVERAGE(sims_per_turn!$C$62:$C$87) -> 0.71708049 | M66: 16 | N66: 0.04497887
A67: 5 | B67: 0.60148827 | C67: 0.6011484 | D67: =C67-B67 -> -0.00033986848 | E67: =ABS(D67) -> 0.00033986848 | I67: Variance | J67: =VAR(sims_per_turn!$B$62:$B$87) -> 0.004609989 | K67: =VAR(sims_per_turn!$C$62:$C$87) -> 0.0036943957 | M67: 3 | N67: 0.041304399
A68: 6 | B68: 0.80260511 | C68: 0.77349923 | D68: =C68-B68 -> -0.029105885 | E68: =ABS(D68) -> 0.029105885 | I68: Observations | J68: =COUNT(sims_per_turn!$B$62:$B$87) -> 25 | K68: =COUNT(sims_per_turn!$C$62:$C$87) -> 25 | M68: 8 | N68: 0.039937314
A69: 7 | B69: 0.64887842 | C69: 0.65742523 | D69: =C69-B69 -> 0.0085468161 | E69: =ABS(D69) -> 0.0085468161 | I69: Pearson Correlation | J69: =CORREL(sims_per_turn!$B$62:$B$87,sims_per_turn!$C$62:$C$87) -> 0.90418747 | M69: 11 | N69: 0.033143908
A70: 8 | B70: 0.75255045 | C70: 0.71261314 | D70: =C70-B70 -> -0.039937314 | E70: =ABS(D70) -> 0.039937314 | I70: Observed Mean Difference | J70: {=AVERAGE(IF(ISODD(IF(ISNUMBER(sims_per_turn!$B$62:$B$87), 1, 0) * IF(ISNUMBER(sims_per_turn!$C$62:$C$87), 1, 0)), sims_per_turn!$B$62:$B$87 - sims_per_turn!$C$62:$C$87, "NA"))} -> 0.013646024 | M70: 9 | N70: 0.030915584
A71: 9 | B71: 0.72599844 | C71: 0.69508286 | D71: =C71-B71 -> -0.030915584 | E71: =ABS(D71) -> 0.030915584 | I71: Variance of the Differences | J71: {=VAR(IF(ISODD(IF(ISNUMBER(sims_per_turn!$B$62:$B$87), 1, 0) * IF(ISNUMBER(sims_per_turn!$C$62:$C$87), 1, 0)), sims_per_turn!$B$62:$B$87 - sims_per_turn!$C$62:$C$87, "NA"))} -> 0.00084144163 | M71: 15 | N71: 0.029525745
A72: 10 | B72: 0.70681936 | C72: 0.70158644 | D72: =C72-B72 -> -0.0052329153 | E72: =ABS(D72) -> 0.0052329153 | I72: df | J72: {=SUM(IF(ISNUMBER(sims_per_turn!$B$62:$B$87), 1, 0) * IF(ISNUMBER(sims_per_turn!$C$62:$C$87), 1, 0)) - 1} -> 24 | M72: 23 | N72: 0.029246023
A73: 11 | B73: 0.66388414 | C73: 0.69702804 | D73: =C73-B73 -> 0.033143908 | E73: =ABS(D73) -> 0.033143908 | I73: t Stat | J73: =(sims_per_turn!$J$70 - sims_per_turn!$J$64) / (sims_per_turn!$J$71 / ( sims_per_turn!$J$72 + 1)) ^ 0.5 -> 2.3521453 | M73: 6 | N73: 0.029105885
A74: 12 | B74: 0.80868052 | C74: 0.78055884 | D74: =C74-B74 -> -0.028121675 | E74: =ABS(D74) -> 0.028121675 | I74: P (T<=t) one-tail | J74: =TDIST(ABS(sims_per_turn!$J$73), sims_per_turn!$J$72, 1) -> 0.013602579 | M74: 12 | N74: 0.028121675
A75: 13 | B75: 0.69778979 | C75: 0.72081439 | D75: =C75-B75 -> 0.023024609 | E75: =ABS(D75) -> 0.023024609 | I75: t Critical one-tail | J75: =TINV(2*sims_per_turn!$J$63, sims_per_turn!$J$72) -> 1.7108821 | M75: 2 | N75: 0.025015242
A76: 14 | B76: 0.74964989 | C76: 0.74029899 | D76: =C76-B76 -> -0.0093509027 | E76: =ABS(D76) -> 0.0093509027 | I76: P (T<=t) two-tail | J76: =TDIST(ABS(sims_per_turn!$J$73), sims_per_turn!$J$72, 2) -> 0.027205158 | M76: 13 | N76: 0.023024609
A77: 15 | B77: 0.73696733 | C77: 0.70744158 | D77: =C77-B77 -> -0.029525745 | E77: =ABS(D77) -> 0.029525745 | I77: t Critical two-tail | J77: =TINV(sims_per_turn!$J$63, sims_per_turn!$J$72) -> 2.0638986 | M77: 4 | N77: 0.016012717
A78: 16 | B78: 0.76410474 | C78: 0.71912587 | D78: =C78-B78 -> -0.04497887 | E78: =ABS(D78) -> 0.04497887 | M78: 21 | N78: 0.015663486
A79: 17 | B79: 0.72250109 | C79: 0.71888938 | D79: =C79-B79 -> -0.0036117008 | E79: =ABS(D79) -> 0.0036117008 | M79: 20 | N79: 0.013389269
A80: 18 | B80: 0.68518215 | C80: 0.73502249 | D80: =C80-B80 -> 0.049840345 | E80: =ABS(D80) -> 0.049840345 | M80: 14 | N80: 0.0093509027
A81: 19 | B81: 0.57422987 | C81: 0.58170038 | D81: =C81-B81 -> 0.0074705103 | E81: =ABS(D81) -> 0.0074705103 | M81: 1 | N81: 0.0091915596
A82: 20 | B82: 0.86281466 | C82: 0.84942539 | D82: =C82-B82 -> -0.013389269 | E82: =ABS(D82) -> 0.013389269 | M82: 7 | N82: 0.0085468161
A83: 21 | B83: 0.7664436 | C83: 0.78210709 | D83: =C83-B83 -> 0.015663486 | E83: =ABS(D83) -> 0.015663486 | M83: 19 | N83: 0.0074705103
A84: 22 | B84: 0.75721945 | C84: 0.67793147 | D84: =C84-B84 -> -0.079287974 | E84: =ABS(D84) -> 0.079287974 | M84: 25 | N84: 0.0068873737
A85: 23 | B85: 0.75138095 | C85: 0.72213492 | D85: =C85-B85 -> -0.029246023 | E85: =ABS(D85) -> 0.029246023 | M85: 10 | N85: 0.0052329153
A86: 24 | B86: 0.7835788 | C86: 0.72781041 | D86: =C86-B86 -> -0.055768384 | E86: =ABS(D86) -> 0.055768384 | M86: 17 | N86: 0.0036117008
A87: 25 | B87: 0.69002391 | C87: 0.68313654 | D87: =C87-B87 -> -0.0068873737 | E87: =ABS(D87) -> 0.0068873737 | M87: 5 | N87: 0.00033986848
A91: turns | B91: ac15p | C91: hybrid | D91: Delta=ac15p-hybrid | E91: ABS delta | F91: Mean difference | G91: std delta | I91: Paired t-test | M91: turns | N91: Delta=hybrid-ac15p
A92: 1 | B92: 0.82032979 | C92: 0.83430834 | D92: =C92-B92 -> 0.013978546 | E92: =ABS(D92) -> 0.013978546 | F92: =AVERAGE(D92:D116) -> -0.00017553112 | G92: =_xlfn.STDEV.S(D92:D116) -> 0.044460935 | I92: Alpha | J92: 0.05 | M92: 19 | N92: 0.079800639
A93: 2 | B93: 0.76020895 | C93: 0.78737809 | D93: =C93-B93 -> 0.027169135 | E93: =ABS(D93) -> 0.027169135 | I93: Hypothesized Mean Difference | J93: 0 | M93: 24 | N93: 0.076851129
A94: 3 | B94: 0.77935892 | C94: 0.82347011 | D94: =C94-B94 -> 0.044111189 | E94: =ABS(D94) -> 0.044111189 | J94: Variable 1 | K94: Variable 2 | M94: 22 | N94: 0.067913393
A95: 4 | B95: 0.65547417 | C95: 0.64138219 | D95: =C95-B95 -> -0.014091981 | E95: =ABS(D95) -> 0.014091981 | I95: Mean | J95: =AVERAGE(sims_per_turn!$B$91:$B$116) -> 0.73072651 | K95: =AVERAGE(sims_per_turn!$C$91:$C$116) -> 0.73055098 | M95: 14 | N95: 0.06589851
A96: 5 | B96: 0.60148827 | C96: 0.64856074 | D96: =C96-B96 -> 0.047072471 | E96: =ABS(D96) -> 0.047072471 | I96: Variance | J96: =VAR(sims_per_turn!$B$91:$B$116) -> 0.004609989 | K96: =VAR(sims_per_turn!$C$91:$C$116) -> 0.0032014709 | M96: 6 | N96: 0.065064386
A97: 6 | B97: 0.80260511 | C97: 0.73754073 | D97: =C97-B97 -> -0.065064386 | E97: =ABS(D97) -> 0.065064386 | I97: Observations | J97: =COUNT(sims_per_turn!$B$91:$B$116) -> 25 | K97: =COUNT(sims_per_turn!$C$91:$C$116) -> 25 | M97: 17 | N97: 0.050035675
A98: 7 | B98: 0.64887842 | C98: 0.63496808 | D98: =C98-B98 -> -0.013910333 | E98: =ABS(D98) -> 0.013910333 | I98: Pearson Correlation | J98: =CORREL(sims_per_turn!$B$91:$B$116,sims_per_turn!$C$91:$C$116) -> 0.75938621 | M98: 11 | N98: 0.049307331
A99: 8 | B99: 0.75255045 | C99: 0.74640085 | D99: =C99-B99 -> -0.0061495964 | E99: =ABS(D99) -> 0.0061495964 | I99: Observed Mean Difference | J99: {=AVERAGE(IF(ISODD(IF(ISNUMBER(sims_per_turn!$B$91:$B$116), 1, 0) * IF(ISNUMBER(sims_per_turn!$C$91:$C$116), 1, 0)), sims_per_turn!$B$91:$B$116 - sims_per_turn!$C$91:$C$116, "NA"))} -> 0.00017553112 | M99: 5 | N99: 0.047072471
A100: 9 | B100: 0.72599844 | C100: 0.68880534 | D100: =C100-B100 -> -0.037193097 | E100: =ABS(D100) -> 0.037193097 | I100: Variance of the Differences | J100: {=VAR(IF(ISODD(IF(ISNUMBER(sims_per_turn!$B$91:$B$116), 1, 0) * IF(ISNUMBER(sims_per_turn!$C$91:$C$116), 1, 0)), sims_per_turn!$B$91:$B$116 - sims_per_turn!$C$91:$C$116, "NA"))} -> 0.0019767747 | M100: 3 | N100: 0.044111189
A101: 10 | B101: 0.70681936 | C101: 0.74363979 | D101: =C101-B101 -> 0.036820439 | E101: =ABS(D101) -> 0.036820439 | I101: df | J101: {=SUM(IF(ISNUMBER(sims_per_turn!$B$91:$B$116), 1, 0) * IF(ISNUMBER(sims_per_turn!$C$91:$C$116), 1, 0)) - 1} -> 24 | M101: 16 | N101: 0.043391928
A102: 11 | B102: 0.66388414 | C102: 0.71319147 | D102: =C102-B102 -> 0.049307331 | E102: =ABS(D102) -> 0.049307331 | I102: t Stat | J102: =(sims_per_turn!$J$99 - sims_per_turn!$J$93) / (sims_per_turn!$J$100 / ( sims_per_turn!$J$101 + 1)) ^ 0.5 -> 0.019739927 | M102: 20 | N102: 0.042879595
A103: 12 | B103: 0.80868052 | C103: 0.76713896 | D103: =C103-B103 -> -0.041541559 | E103: =ABS(D103) -> 0.041541559 | I103: P (T<=t) one-tail | J103: =TDIST(ABS(sims_per_turn!$J$102), sims_per_turn!$J$101, 1) -> 0.49220702 | M103: 15 | N103: 0.041843327
A104: 13 | B104: 0.69778979 | C104: 0.72568927 | D104: =C104-B104 -> 0.027899483 | E104: =ABS(D104) -> 0.027899483 | I104: t Critical one-tail | J104: =TINV(2*sims_per_turn!$J$92, sims_per_turn!$J$101) -> 1.7108821 | M104: 12 | N104: 0.041541559
A105: 14 | B105: 0.74964989 | C105: 0.68375138 | D105: =C105-B105 -> -0.06589851 | E105: =ABS(D105) -> 0.06589851 | I105: P (T<=t) two-tail | J105: =TDIST(ABS(sims_per_turn!$J$102), sims_per_turn!$J$101, 2) -> 0.98441404 | M105: 9 | N105: 0.037193097
A106: 15 | B106: 0.73696733 | C106: 0.77881066 | D106: =C106-B106 -> 0.041843327 | E106: =ABS(D106) -> 0.041843327 | I106: t Critical two-tail | J106: =TINV(sims_per_turn!$J$92, sims_per_turn!$J$101) -> 2.0638986 | M106: 10 | N106: 0.036820439
A107: 16 | B107: 0.76410474 | C107: 0.72071281 | D107: =C107-B107 -> -0.043391928 | E107: =ABS(D107) -> 0.043391928 | M107: 13 | N107: 0.027899483
A108: 17 | B108: 0.72250109 | C108: 0.77253676 | D108: =C108-B108 -> 0.050035675 | E108: =ABS(D108) -> 0.050035675 | M108: 2 | N108: 0.027169135
A109: 18 | B109: 0.68518215 | C109: 0.70540047 | D109: =C109-B109 -> 0.020218324 | E109: =ABS(D109) -> 0.020218324 | M109: 18 | N109: 0.020218324
A110: 19 | B110: 0.57422987 | C110: 0.6540305 | D110: =C110-B110 -> 0.079800639 | E110: =ABS(D110) -> 0.079800639 | M110: 25 | N110: 0.016267559
A111: 20 | B111: 0.86281466 | C111: 0.81993506 | D111: =C111-B111 -> -0.042879595 | E111: =ABS(D111) -> 0.042879595 | M111: 4 | N111: 0.014091981
A112: 21 | B112: 0.7664436 | C112: 0.77593529 | D112: =C112-B112 -> 0.0094916907 | E112: =ABS(D112) -> 0.0094916907 | M112: 1 | N112: 0.013978546
A113: 22 | B113: 0.75721945 | C113: 0.68930606 | D113: =C113-B113 -> -0.067913393 | E113: =ABS(D113) -> 0.067913393 | M113: 7 | N113: 0.013910333
A114: 23 | B114: 0.75138095 | C114: 0.75786237 | D114: =C114-B114 -> 0.0064814216 | E114: =ABS(D114) -> 0.0064814216 | M114: 21 | N114: 0.0094916907
A115: 24 | B115: 0.7835788 | C115: 0.70672767 | D115: =C115-B115 -> -0.076851129 | E115: =ABS(D115) -> 0.076851129 | M115: 23 | N115: 0.0064814216
A116: 25 | B116: 0.69002391 | C116: 0.70629147 | D116: =C116-B116 -> 0.016267559 | E116: =ABS(D116) -> 0.016267559 | M116: 8 | N116: 0.0061495964
A120: turns | B120: ac15p | C120: Hybsem | D120: Delta=ac15p-hybsem | E120: ABS delta | F120: Mean difference | G120: std delta | I120: Paired t-test | M120: turns | N120: ABS delta hybsem ac15p
A121: 1 | B121: 0.82032979 | C121: 0.82908352 | D121: =C121-B121 -> 0.0087537256 | E121: =ABS(D121) -> 0.0087537256 | F121: =AVERAGE(D121:D145) -> 0.0023148781 | G121: =_xlfn.STDEV.S(D121:D145) -> 0.043984448 | I121: Alpha | J121: 0.05 | M121: 19 | N121: 0.132546
A122: 2 | B122: 0.76020895 | C122: 0.7664449 | D122: =C122-B122 -> 0.0062359494 | E122: =ABS(D122) -> 0.0062359494 | I122: Hypothesized Mean Difference | J122: 0 | M122: 16 | N122: 0.071984492
A123: 3 | B123: 0.77935892 | C123: 0.82081493 | D123: =C123-B123 -> 0.041456007 | E123: =ABS(D123) -> 0.041456007 | J123: Variable 1 | K123: Variable 2 | M123: 4 | N123: 0.066133487
A124: 4 | B124: 0.65547417 | C124: 0.58934068 | D124: =C124-B124 -> -0.066133487 | E124: =ABS(D124) -> 0.066133487 | I124: Mean | J124: =AVERAGE(sims_per_turn!$B$120:$B$145) -> 0.73072651 | K124: =AVERAGE(sims_per_turn!$C$120:$C$145) -> 0.73304139 | M124: 20 | N124: 0.052261883
A125: 5 | B125: 0.60148827 | C125: 0.54993991 | D125: =C125-B125 -> -0.051548359 | E125: =ABS(D125) -> 0.051548359 | I125: Variance | J125: =VAR(sims_per_turn!$B$120:$B$145) -> 0.004609989 | K125: =VAR(sims_per_turn!$C$120:$C$145) -> 0.0042880587 | M125: 5 | N125: 0.051548359
...

Sheet Pivot Table_sims_per_turn_1
A3: Turn | B3: comparison | C3: delta | F3: Count - delta | G3: comparison
A4: 5 | B4: hybrid-hybsem | C4: 0.098620831 | F4: Turn | G4: ac15 hybrid | H4: ac15 hybsem | I4: ac15-ac15p | J4: hybrid-ac15p | K4: hybrid-hybsem | L4: hybsem ac15p | M4: Total Result
A5: 9 | B5: hybrid-hybsem | C5: 0.074349093 | F5: 2 | G5: 1 | M5: 1
A6: 6 | B6: hybrid-hybsem | C6: 0.068760577 | F6: 3 | G6: 1 | H6: 1 | M6: 2
A7: 17 | B7: hybrid-hybsem | C7: 0.052987223 | F7: 4 | H7: 1 | K7: 1 | L7: 1 | M7: 3
A8: 19 | B8: hybrid-hybsem | C8: 0.052745357 | F8: 5 | H8: 1 | K8: 1 | L8: 1 | M8: 3
A9: 4 | B9: hybrid-hybsem | C9: 0.052041506 | F9: 6 | J9: 1 | K9: 1 | M9: 2
A10: 15 | B10: hybrid-hybsem | C10: 0.051309121 | F10: 9 | H10: 1 | K10: 1 | M10: 2
A11: 22 | B11: ac15-ac15p | C11: 0.079287974 | F11: 14 | G11: 1 | J11: 1 | M11: 2
A12: 24 | B12: ac15-ac15p | C12: 0.055768384 | F12: 15 | G12: 1 | K12: 1 | M12: 2
A13: 19 | B13: hybrid-ac15p | C13: 0.079800639 | F13: 16 | L13: 1 | M13: 1
A14: 24 | B14: hybrid-ac15p | C14: 0.076851129 | F14: 17 | G14: 1 | J14: 1 | K14: 1 | M14: 3
A15: 22 | B15: hybrid-ac15p | C15: 0.067913393 | F15: 19 | G15: 1 | H15: 1 | J15: 1 | K15: 1 | L15: 1 | M15: 5
A16: 14 | B16: hybrid-ac15p | C16: 0.06589851 | F16: 20 | L16: 1 | M16: 1
A17: 6 | B17: hybrid-ac15p | C17: 0.065064386 | F17: 22 | I17: 1 | J17: 1 | L17: 1 | M17: 3
A18: 17 | B18: hybrid-ac15p | C18: 0.050035675 | F18: 24 | I18: 1 | J18: 1 | M18: 2
A19: 19 | B19: hybsem ac15p | C19: 0.132546 | F19: Total Result | G19: 6 | H19: 5 | I19: 2 | J19: 6 | K19: 7 | L19: 6 | M19: 32
A20: 16 | B20: hybsem ac15p | C20: 0.071984492
A21: 4 | B21: hybsem ac15p | C21: 0.066133487
A22: 20 | B22: hybsem ac15p | C22: 0.052261883
A23: 5 | B23: hybsem ac15p | C23: 0.051548359
A24: 22 | B24: hybsem ac15p | C24: 0.050206798
A25: 3 | B25: ac15 hybrid | C25: 0.085415588
A26: 19 | B26: ac15 hybrid | C26: 0.072330129
A27: 15 | B27: ac15 hybrid | C27: 0.071369072
A28: 14 | B28: ac15 hybrid | C28: 0.056547607
A29: 17 | B29: ac15 hybrid | C29: 0.053647376
A30: 2 | B30: ac15 hybrid | C30: 0.052184378
A31: 19 | B31: ac15 hybsem | C31: 0.12507549
... A35: 4 | B35: ac15 hybsem | C35: 0.05012077

Sheet anchors_raw_information
A3: seq | B3: Anchors | C3: weights | D3: Project | F3: Count - Anchors | G3: Project
A4: 1 | B4: temporal_dynamics | C4: 0.2038 | D4: ac15-plain | F4: seq | G4: ac15-plain | H4: hybrid_v3_5 | I4: hybrid_v3_5_semantic | J4: test_ac15 | K4: Total Result
A5: 1 | B5: mathematics_computer_science_engineering | C5: 0.1894 | D5: ac15-plain | E5: 1 | F5: 1 | G5: 6 | H5: 6 | I5: 6 | J5: 6 | K5: 24
A6: 1 | B6: practicality_and_feasibility | C6: 0.1882 | D6: ac15-plain | E6: 2 | F6: 3 | G6: 6 | H6: 6 | I6: 6 | J6: 6 | K6: 24
A7: 1 | B7: sovereignty | C7: 0.1638 | D7: ac15-plain | E7: 3 | F7: 5 | G7: 6 | H7: 6 | I7: 6 | J7: 6 | K7: 24
A8: 1 | B8: affective_interface | C8: 0.1549 | D8: ac15-plain | E8: 4 | F8: 7 | G8: 6 | H8: 6 | I8: 6 | J8: 6 | K8: 24
A9: 1 | B9: truth_and_fact | C9: 0.1 | D9: ac15-plain | E9: 5 | F9: 9 | G9: 6 | H9: 6 | I9: 6 | J9: 6 | K9: 24
A10: 3 | B10: practicality_and_feasibility | C10: 0.1937 | D10: ac15-plain | E10: 6 | F10: 11 | G10: 6 | H10: 6 | I10: 6 | J10: 6 | K10: 24
A11: 3 | B11: sovereignty | C11: 0.1898 | D11: ac15-plain | E11: 7 | F11: 13 | G11: 6 | H11: 6 | I11: 5 | J11: 6 | K11: 23
A12: 3 | B12: mathematics_computer_science_engineering | C12: 0.1825 | D12: ac15-plain | E12: 8 | F12: 15 | G12: 6 | H12: 6 | I12: 6 | J12: 6 | K12: 24
A13: 3 | B13: temporal_dynamics | C13: 0.1793 | D13: ac15-plain | E13: 9 | F13: 17 | G13: 6 | H13: 6 | I13: 6 | J13: 6 | K13: 24
A14: 3 | B14: affective_interface | C14: 0.1547 | D14: ac15-plain | E14: 10 | F14: 19 | G14: 6 | H14: 6 | I14: 6 | J14: 6 | K14: 24
A15: 3 | B15: truth_and_fact | C15: 0.1 | D15: ac15-plain | E15: 11 | F15: 21 | G15: 6 | H15: 6 | I15: 6 | J15: 6 | K15: 24
A16: 5 | B16: practicality_and_feasibility | C16: 0.2003 | D16: ac15-plain | E16: 12 | F16: 23 | G16: 6 | H16: 6 | I16: 6 | J16: 6 | K16: 24
... A29: 9 | B29: mathematics_computer_science_engineering | C29: 0.1809 | D29: ac15-plain | E29: 25 | F29: 49 | G29: 6 | H29: 6 | I29: 6 | J29: 6 | K29: 24
A30: 9 | B30: temporal_dynamics | C30: 0.1788 | D30: ac15-plain | F30: Total Result | G30: 150 | H30: 146 | I30: 146 | J30: 150 | K30: 592
A31: 9 | B31: electricity | C31: 0.1749 | D31: ac15-plain
A32: 9 | B32: sovereignty | C32: 0.1633 | D32: ac15-plain | F32: Sum - weights | H32: Project
A33: 9 | B33: truth_and_fact | C33: 0.1 | D33: ac15-plain | F33: seq | G33: Anchors | H33: ac15-plain | I33: hybrid_v3_5 | J33: hybrid_v3_5_semantic | K33: test_ac15 | L33: Total Result
A34: 11 | B34: practicality_and_feasibility | C34: 0.218 | D34: ac15-plain | E34: 1 | F34: 1 | G34: affective_interface | H34: 0.1549 | J34: 0.1636 | K34: 0.1578 | L34: 0.4763
A35: 11 | B35: temporal_dynamics | C35: 0.1912 | D35: ac15-plain | G35: imagination_and_possibility | I35: 0.1568 | L35: 0.1568
A36: 11 | B36: mathematics_computer_science_engineering | C36: 0.1749 | D36: ac15-plain | G36: mathematics_computer_science_engineering | H36: 0.1894 | I36: 0.1792 | J36: 0.1723 | K36: 0.1901 | L36: 0.731
A37: 11 | B37: sovereignty | C37: 0.1665 | D37: ac15-plain | G37: practicality_and_feasibility | H37: 0.1882 | I37: 0.1948 | J37: 0.2068 | K37: 0.1952 | L37: 0.785
A38: 11 | B38: electricity | C38: 0.1493 | D38: ac15-plain | G38: sovereignty | H38: 0.1638 | I38: 0.1612 | J38: 0.1606 | K38: 0.1611 | L38: 0.6467
A39: 11 | B39: truth_and_fact | C39: 0.1 | D39: ac15-plain | G39: temporal_dynamics | H39: 0.2038 | I39: 0.208 | J39: 0.1966 | K39: 0.1958 | L39: 0.8042
A40: 13 | B40: practicality_and_feasibility | C40: 0.1973 | D40: ac15-plain | G40: truth_and_fact | H40: 0.1 | I40: 0.1 | J40: 0.1 | K40: 0.1 | L40: 0.4
A41: 13 | B41: temporal_dynamics | C41: 0.1945 | D41: ac15-plain | E41: =ROUNDDOWN(F41/2,0)+1 -> 2 | F41: 3 | G41: affective_interface | H41: 0.1547 | L41: 0.1547
A42: 13 | B42: mathematics_computer_science_engineering | C42: 0.1892 | D42: ac15-plain | G42: electricity | I42: 0.1633 | J42: 0.1509 | K42: 0.1493 | L42: 0.4635
A43: 13 | B43: electricity | C43: 0.168 | D43: ac15-plain | G43: imagination_and_possibility | J43: 0.1584 | L43: 0.1584
A44: 13 | B44: sovereignty | C44: 0.151 | D44: ac15-plain | G44: mathematics_computer_science_engineering | H44: 0.1825 | I44: 0.17 | K44: 0.1832 | L44: 0.5357
A45: 13 | B45: truth_and_fact | C45: 0.1 | D45: ac15-plain | G45: practicality_and_feasibility | H45: 0.1937 | I45: 0.1878 | J45: 0.2204 | K45: 0.2047 | L45: 0.8066
A46: 15 | B46: practicality_and_feasibility | C46: 0.1877 | D46: ac15-plain | G46: sovereignty | H46: 0.1898 | I46: 0.1832 | J46: 0.1964 | K46: 0.1775 | L46: 0.7469
A47: 15 | B47: sovereignty | C47: 0.1748 | D47: ac15-plain | G47: temporal_dynamics | H47: 0.1793 | I47: 0.1956 | J47: 0.1738 | K47: 0.1852 | L47: 0.7339
A48: 15 | B48: mathematics_computer_science_engineering | C48: 0.1702 | D48: ac15-plain | G48: truth_and_fact | H48: 0.1 | I48: 0.1 | J48: 0.1 | K48: 0.1 | L48: 0.4
A49: 15 | B49: affective_interface | C49: 0.1666 | D49: ac15-plain | E49: =ROUNDDOWN(F49/2,0)+1 -> 3 | F49: 5 | G49: imagination_and_possibility | I49: 0.1594 | J49: 0.1684 | L49: 0.3278
A50: 15 | B50: temporal_dynamics | C50: 0.1633 | D50: ac15-plain | G50: mathematics_computer_science_engineering | H50: 0.1848 | I50: 0.1751 | J50: 0.1681 | K50: 0.1805 | L50: 0.7085
A51: 15 | B51: truth_and_fact | C51: 0.1373 | D51: ac15-plain | G51: metaphorical_scaffolding | H51: 0.1556 | K51: 0.1558 | L51: 0.3114
A52: 17 | B52: practicality_and_feasibility | C52: 0.1981 | D52: ac15-plain | G52: practicality_and_feasibility | H52: 0.2003 | I52: 0.2014 | J52: 0.2176 | K52: 0.2014 | L52: 0.8207
A53: 17 | B53: temporal_dynamics | C53: 0.175 | D53: ac15-plain | G53: sovereignty | H53: 0.1759 | I53: 0.1738 | J53: 0.1699 | K53: 0.1599 | L53: 0.6795
A54: 17 | B54: mathematics_computer_science_engineering | C54: 0.1638 | D54: ac15-plain | G54: temporal_dynamics | H54: 0.1833 | I54: 0.1902 | J54: 0.1759 | K54: 0.2024 | L54: 0.7518
A55: 17 | B55: sovereignty | C55: 0.1618 | D55: ac15-plain | G55: truth_and_fact | H55: 0.1 | I55: 0.1 | J55: 0.1 | K55: 0.1 | L55: 0.4
A56: 17 | B56: affective_interface | C56: 0.1545 | D56: ac15-plain | E56: =ROUNDDOWN(F56/2,0)+1 -> 4 | F56: 7 | G56: electricity | H56: 0.148 | I56: 0.1462 | J56: 0.1516 | L56: 0.4458
A57: 17 | B57: truth_and_fact | C57: 0.1468 | D57: ac15-plain | G57: imagination_and_possibility | K57: 0.142 | L57: 0.142
A58: 19 | B58: practicality_and_feasibility | C58: 0.2042 | D58: ac15-plain | G58: mathematics_computer_science_engineering | H58: 0.1749 | I58: 0.1678 | J58: 0.1849 | K58: 0.1784 | L58: 0.706
A59: 19 | B59: mathematics_computer_science_engineering | C59: 0.188 | D59: ac15-plain | G59: practicality_and_feasibility | H59: 0.2264 | I59: 0.2004 | J59: 0.2192 | K59: 0.214 | L59: 0.86
A60: 19 | B60: temporal_dynamics | C60: 0.1826 | D60: ac15-plain | G60: sovereignty | H60: 0.1553 | I60: 0.1761 | J60: 0.1522 | K60: 0.1675 | L60: 0.6511
A61: 19 | B61: sovereignty | C61: 0.1684 | D61: ac15-plain | G61: temporal_dynamics | H61: 0.1954 | I61: 0.2095 | J61: 0.1921 | K61: 0.198 | L61: 0.795
A62: 19 | B62: affective_interface | C62: 0.1569 | D62: ac15-plain | G62: truth_and_fact | H62: 0.1 | I62: 0.1 | J62: 0.1 | K62: 0.1 | L62: 0.4
A63: 19 | B63: truth_and_fact | C63: 0.1 | D63: ac15-plain | E63: =ROUNDDOWN(F63/2,0)+1 -> 5 | F63: 9 | G63: affective_interface | J63: 0.1748 | K63: 0.1646 | L63: 0.3394
A64: 21 | B64: temporal_dynamics | C64: 0.1951 | D64: ac15-plain | G64: electricity | H64: 0.1749 | I64: 0.1639 | J64: 0.1588 | L64: 0.4976
A65: 21 | B65: practicality_and_feasibility | C65: 0.1832 | D65: ac15-plain | G65: imagination_and_possibility | I65: 0.1683 | L65: 0.1683
A66: 21 | B66: mathematics_computer_science_engineering | C66: 0.1772 | D66: ac15-plain | G66: mathematics_computer_science_engineering | H66: 0.1809 | I66: 0.165 | J66: 0.1648 | K66: 0.1836 | L66: 0.6943
A67: 21 | B67: electricity | C67: 0.174 | D67: ac15-plain | G67: practicality_and_feasibility | H67: 0.2022 | I67: 0.2042 | J67: 0.209 | K67: 0.2171 | L67: 0.8325
A68: 21 | B68: sovereignty | C68: 0.1705 | D68: ac15-plain | G68: sovereignty | H68: 0.1633 | K68: 0.1587 | L68: 0.322
A69: 21 | B69: truth_and_fact | C69: 0.1 | D69: ac15-plain | G69: temporal_dynamics | H69: 0.1788 | I69: 0.1986 | J69: 0.1927 | K69: 0.1759 | L69: 0.746
A70: 23 | B70: sovereignty | C70: 0.1982 | D70: ac15-plain | G70: truth_and_fact | H70: 0.1 | I70: 0.1 | J70: 0.1 | K70: 0.1 | L70: 0.4
A71: 23 | B71: practicality_and_feasibility | C71: 0.1967 | D71: ac15-plain | E71: =ROUNDDOWN(F71/2,0)+1 -> 6 | F71: 11 | G71: electricity | H71: 0.1493 | L71: 0.1493
A72: 23 | B72: temporal_dynamics | C72: 0.1892 | D72: ac15-plain | G72: freedom_and_limitations | J72: 0.1453 | L72: 0.1453
A73: 23 | B73: affective_interface | C73: 0.1589 | D73: ac15-plain | G73: imagination_and_possibility | I73: 0.1656 | J73: 0.1721 | K73: 0.1463 | L73: 0.484
A74: 23 | B74: electricity | C74: 0.157 | D74: ac15-plain | G74: mathematics_computer_science_engineering | H74: 0.1749 | I74: 0.1704 | J74: 0.1719 | K74: 0.1915 | L74: 0.7087
A75: 23 | B75: truth_and_fact | C75: 0.1 | D75: ac15-plain | G75: practicality_and_feasibility | H75: 0.218 | I75: 0.2161 | J75: 0.2241 | K75: 0.218 | L75: 0.8762
A76: 25 | B76: sovereignty | C76: 0.2063 | D76: ac15-plain | G76: sovereignty | H76: 0.1665 | I76: 0.1628 | K76: 0.1605 | L76: 0.4898
A77: 25 | B77: practicality_and_feasibility | C77: 0.1944 | D77: ac15-plain | G77: temporal_dynamics | H77: 0.1912 | I77: 0.185 | J77: 0.1866 | K77: 0.1837 | L77: 0.7465
A78: 25 | B78: temporal_dynamics | C78: 0.1856 | D78: ac15-plain | G78: truth_and_fact | H78: 0.1 | I78: 0.1 | J78: 0.1 | K78: 0.1 | L78: 0.4
A79: 25 | B79: affective_interface | C79: 0.1594 | D79: ac15-plain | E79: =ROUNDDOWN(F79/2,0)+1 -> 7 | F79: 13 | G79: electricity | H79: 0.168 | I79: 0.1426 | J79: 0.194 | K79: 0.1529 | L79: 0.6575
A80: 25 | B80: freedom_and_limitations | C80: 0.1543 | D80: ac15-plain | G80: imagination_and_possibility | I80: 0.1534 | L80: 0.1534
A81: 25 | B81: truth_and_fact | C81: 0.1 | D81: ac15-plain | G81: mathematics_computer_science_engineering | H81: 0.1892 | I81: 0.1932 | J81: 0.2095 | K81: 0.1937 | L81: 0.7856
A82: 27 | B82: practicality_and_feasibility | C82: 0.1855 | D82: ac15-plain | G82: practicality_and_feasibility | H82: 0.1973 | I82: 0.2161 | J82: 0.2492 | K82: 0.2194 | L82: 0.882
A83: 27 | B83: temporal_dynamics | C83: 0.1762 | D83: ac15-plain | G83: sovereignty | H83: 0.151 | K83: 0.1398 | L83: 0.2908
A84: 27 | B84: sovereignty | C84: 0.1701 | D84: ac15-plain | G84: temporal_dynamics | H84: 0.1945 | I84: 0.1946 | J84: 0.2474 | K84: 0.1943 | L84: 0.8308
A85: 27 | B85: truth_and_fact | C85: 0.1638 | D85: ac15-plain | G85: truth_and_fact | H85: 0.1 | I85: 0.1 | J85: 0.1 | K85: 0.1 | L85: 0.4
A86: 27 | B86: mathematics_computer_science_engineering | C86: 0.1541 | D86: ac15-plain | E86: =ROUNDDOWN(F86/2,0)+1 -> 8 | F86: 15 | G86: affective_interface | H86: 0.1666 | I86: 0.1625 | J86: 0.1694 | K86: 0.1718 | L86: 0.6703
A87: 27 | B87: affective_interface | C87: 0.1502 | D87: ac15-plain | G87: imagination_and_possibility | I87: 0.1678 | J87: 0.1539 | L87: 0.3217
A88: 29 | B88: practicality_and_feasibility | C88: 0.2115 | D88: ac15-plain | G88: mathematics_computer_science_engineering | H88: 0.1702 | I88: 0.1829 | J88: 0.1971 | K88: 0.1944 | L88: 0.7446
A89: 29 | B89: sovereignty | C89: 0.1782 | D89: ac15-plain | G89: practicality_and_feasibility | H89: 0.1877 | I89: 0.2051 | J89: 0.2123 | K89: 0.1943 | L89: 0.7994
A90: 29 | B90: temporal_dynamics | C90: 0.1757 | D90: ac15-plain | G90: science | K90: 0.1634 | L90: 0.1634
A91: 29 | B91: mathematics_computer_science_engineering | C91: 0.175 | D91: ac15-plain | G91: sovereignty | H91: 0.1748 | L91: 0.1748
A92: 29 | B92: freedom_and_limitations | C92: 0.1595 | D92: ac15-plain | G92: temporal_dynamics | H92: 0.1633 | I92: 0.1817 | J92: 0.1673 | K92: 0.1761 | L92: 0.6884
A93: 29 | B93: truth_and_fact | C93: 0.1 | D93: ac15-plain | G93: truth_and_fact | H93: 0.1373 | I93: 0.1 | J93: 0.1 | K93: 0.1 | L93: 0.4373
A94: 31 | B94: practicality_and_feasibility | C94: 0.2078 | D94: ac15-plain | E94: =ROUNDDOWN(F94/2,0)+1 -> 9 | F94: 17 | G94: affective_interface | H94: 0.1545 | J94: 0.1559 | K94: 0.1613 | L94: 0.4717
A95: 31 | B95: temporal_dynamics | C95: 0.186 | D95: ac15-plain | G95: freedom_and_limitations | I95: 0.148 | L95: 0.148
A96: 31 | B96: sovereignty | C96: 0.1728 | D96: ac15-plain | G96: imagination_and_possibility | I96: 0.1605 | J96: 0.1679 | K96: 0.1662 | L96: 0.4946
A97: 31 | B97: mathematics_computer_science_engineering | C97: 0.1697 | D97: ac15-plain | G97: mathematics_computer_science_engineering | H97: 0.1638 | I97: 0.1626 | J97: 0.1815 | K97: 0.1716 | L97: 0.6795
A98: 31 | B98: electricity | C98: 0.1637 | D98: ac15-plain | G98: practicality_and_feasibility | H98: 0.1981 | I98: 0.1863 | J98: 0.2164 | K98: 0.2053 | L98: 0.8061
A99: 31 | B99: truth_and_fact | C99: 0.1 | D99: ac15-plain | G99: sovereignty | H99: 0.1618 | L99: 0.1618
A100: 33 | B100: temporal_dynamics | C100: 0.205 | D100: ac15-plain | G100: temporal_dynamics | H100: 0.175 | I100: 0.1992 | J100: 0.1783 | K100: 0.1956 | L100: 0.7481
A101: 33 | B101: practicality_and_feasibility | C101: 0.1888 | D101: ac15-plain | G101: truth_and_fact | H101: 0.1468 | I101: 0.1435 | J101: 0.1 | K101: 0.1 | L101: 0.4903
A102: 33 | B102: electricity | C102: 0.1852 | D102: ac15-plain | E102: =ROUNDDOWN(F102/2,0)+1 -> 10 | F102: 19 | G102: affective_interface | H102: 0.1569 | J102: 0.1619 | L102: 0.3188
A103: 33 | B103: mathematics_computer_science_engineering | C103: 0.1614 | D103: ac15-plain | G103: imagination_and_possibility | I103: 0.1752 | J103: 0.1874 | K103: 0.1634 | L103: 0.526
A104: 33 | B104: sovereignty | C104: 0.1595 | D104: ac15-plain | G104: mathematics_computer_science_engineering | H104: 0.188 | I104: 0.168 | J104: 0.1665 | K104: 0.1774 | L104: 0.6999
A105: 33 | B105: truth_and_fact | C105: 0.1 | D105: ac15-plain | G105: practicality_and_feasibility | H105: 0.2042 | I105: 0.2012 | J105: 0.2064 | K105: 0.2066 | L105: 0.8184
A106: 35 | B106: practicality_and_feasibility | C106: 0.1904 | D106: ac15-plain | G106: sovereignty | H106: 0.1684 | I106: 0.1695 | K106: 0.1572 | L106: 0.4951
A107: 35 | B107: temporal_dynamics | C107: 0.1886 | D107: ac15-plain | G107: temporal_dynamics | H107: 0.1826 | I107: 0.1861 | J107: 0.1778 | K107: 0.1953 | L107: 0.7418
A108: 35 | B108: mathematics_computer_science_engineering | C108: 0.1846 | D108: ac15-plain | G108: truth_and_fact | H108: 0.1 | I108: 0.1 | J108: 0.1 | K108: 0.1 | L108: 0.4
A109: 35 | B109: affective_interface | C109: 0.1685 | D109: ac15-plain | E109: =ROUNDDOWN(F109/2,0)+1 -> 11 | F109: 21 | G109: electricity | H109: 0.174 | J109: 0.1594 | L109: 0.3334
A110: 35 | B110: sovereignty | C110: 0.1679 | D110: ac15-plain | G110: imagination_and_possibility | I110: 0.1607 | L110: 0.1607
A111: 35 | B111: truth_and_fact | C111: 0.1 | D111: ac15-plain | G111: mathematics_computer_science_engineering | H111: 0.1772 | I111: 0.1748 | J111: 0.1856 | K111: 0.1833 | L111: 0.7209
A112: 37 | B112: practicality_and_feasibility | C112: 0.1845 | D112: ac15-plain | G112: practicality_and_feasibility | H112: 0.1832 | I112: 0.1888 | J112: 0.1945 | K112: 0.1988 | L112: 0.7653
A113: 37 | B113: temporal_dynamics | C113: 0.1785 | D113: ac15-plain | G113: science | K113: 0.157 | L113: 0.157
A114: 37 | B114: sovereignty | C114: 0.1661 | D114: ac15-plain | G114: sovereignty | H114: 0.1705 | I114: 0.164 | J114: 0.1625 | K114: 0.1692 | L114: 0.6662
...

Sheet Delta(t)=sim(t)-sim(t-1)
A2: std(delta(t)=sim(t)-sim(t-1))
A4: Scenario 1
A5: Hybsem | B5: Hybrid | C5: ac15p | D5: ac15
A6: 0.092058482 | B6: 0.079958501 | C6: 0.10509626 | D6: 0.091544494
A9: Scenario 2
