Workbook

Sheet sims_per_turn_scen4
A1: Sum - abs delta | B1: comparison
A2: turns | B2: ac15-ac15p | C2: hybrid-ac15 | D2: hybrid-ac15p | E2: hybrid-hybsem | F2: hybsem-ac15 | G2: hybsem-ac15p | H2: Total Result
A3: 1 | B3: 0.010366376 | C3: 0.023721804 | D3: 0.013355428 | E3: 0.0065593368 | F3: 0.030281141 | G3: 0.019914765 | H3: 0.10419885
A4: 2 | B4: 0.045209191 | C4: 0.058599866 | D4: 0.013390675 | E4: 0.015727828 | F4: 0.042872039 | G4: 0.0023371527 | H4: 0.17813675
A5: 3 | B5: 0.0090818561 | C5: 0.031921802 | D5: 0.022839946 | E5: 0.019447974 | F5: 0.051369776 | G5: 0.04228792 | H5: 0.17694927
A6: 4 | B6: 0.043509697 | C6: 0.0037742689 | D6: 0.039735428 | E6: 0.0015342534 | F6: 0.0022400155 | G6: 0.041269682 | H6: 0.13206335
A7: 5 | B7: 0.0082900588 | C7: 0.012478715 | D7: 0.0041886564 | E7: 0.054355375 | F7: 0.06683409 | G7: 0.058544031 | H7: 0.20469093
A8: 6 | B8: 0.052816941 | C8: 0.049297665 | D8: 0.0035192764 | E8: 0.0078581442 | F8: 0.041439521 | G8: 0.011377421 | H8: 0.16630897
A9: 7 | B9: 0.07663348 | C9: 0.0010006125 | D9: 0.077634092 | E9: 0.039633969 | F9: 0.038633357 | G9: 0.038000123 | H9: 0.27153563
A10: 8 | B10: 0.024003865 | C10: 0.025624037 | D10: 0.049627903 | E10: 0.00042994844 | F10: 0.025194089 | G10: 0.049197954 | H10: 0.1740778
A11: 9 | B11: 0.004055477 | C11: 0.031926052 | D11: 0.035981529 | E11: 0.017516459 | F11: 0.014409593 | G11: 0.01846507 | H11: 0.12235418
A12: 10 | B12: 0.067796257 | C12: 0.029817035 | D12: 0.097613292 | E12: 0.014555058 | F12: 0.015261977 | G12: 0.083058233 | H12: 0.30810185
A13: 11 | B13: 0.03479862 | C13: 0.051199519 | D13: 0.085998138 | E13: 0.060108118 | F13: 0.0089085994 | G13: 0.02589002 | H13: 0.26690301
A14: 12 | B14: 0.017987462 | C14: 0.0033051977 | D14: 0.02129266 | E14: 0.041986704 | F14: 0.038681506 | G14: 0.020694043 | H14: 0.14394757
... A27: 25 | B27: 0.021870797 | C27: 0.020542141 | D27: 0.0013286564 | E27: 0.053068307 | F27: 0.032526166 | G27: 0.054396963 | H27: 0.18373303
A28: Total Result | B28: 0.7080422 | C28: 0.61674533 | D28: 0.8218033 | E28: 0.68480488 | F28: 0.81459571 | G28: 0.67393097 | H28: 4.3199224
B31: per turn, prompt-response deltas
A33: Turn | B33: hybsem | C33: hybrid | D33: Delta=hybrid-hybsem | E33: ABS delta | F33: Mean difference | G33: std delta | I33: Paired t-test | M33: Turn | N33: ABS delta
A34: 1 | B34: 0.80285811 | C34: 0.79629877 | D34: =C34-B34 -> -0.0065593368 | E34: =ABS(D34) -> 0.0065593368 | F34: =AVERAGE(D34:D58) -> -0.01085548 | G34: =_xlfn.STDEV.S(D34:D58) -> 0.038278776 | I34: Alpha | J34: 0.05 | M34: 21 | N34: 0.13469783
A35: 2 | B35: 0.72383072 | C35: 0.73955855 | D35: =C35-B35 -> 0.015727828 | E35: =ABS(D35) -> 0.015727828 | I35: Hypothesized Mean Difference | J35: 0 | M35: 11 | N35: 0.060108118
A36: 3 | B36: 0.72009692 | C36: 0.7395449 | D36: =C36-B36 -> 0.019447974 | E36: =ABS(D36) -> 0.019447974 | J36: Variable 1 | K36: Variable 2 | M36: 5 | N36: 0.054355375
A37: 4 | B37: 0.74456365 | C37: 0.74302939 | D37: =C37-B37 -> -0.0015342534 | E37: =ABS(D37) -> 0.0015342534 | I37: Mean | J37: =AVERAGE(sims_per_turn_scen4!$B$33:$B$58) -> 0.73859107 | K37: =AVERAGE(sims_per_turn_scen4!$C$33:$C$58) -> 0.72773559 | M37: 25 | N37: 0.053068307
A38: 5 | B38: 0.67114667 | C38: 0.72550205 | D38: =C38-B38 -> 0.054355375 | E38: =ABS(D38) -> 0.054355375 | I38: Variance | J38: =VAR(sims_per_turn_scen4!$B$33:$B$58) -> 0.0029744307 | K38: =VAR(sims_per_turn_scen4!$C$33:$C$58) -> 0.0041595685 | M38: 24 | N38: 0.047454776
A39: 6 | B39: 0.74069871 | C39: 0.74855685 | D39: =C39-B39 -> 0.0078581442 | E39: =ABS(D39) -> 0.0078581442 | I39: Observations | J39: =COUNT(sims_per_turn_scen4!$B$33:$B$58) -> 25 | K39: =COUNT(sims_per_turn_scen4!$C$33:$C$58) -> 25 | M39: 12 | N39: 0.041986704
A40: 7 | B40: 0.77377244 | C40: 0.73413847 | D40: =C40-B40 -> -0.039633969 | E40: =ABS(D40) -> 0.039633969 | I40: Pearson Correlation | J40: =CORREL(sims_per_turn_scen4!$B$33:$B$58,sims_per_turn_scen4!$C$33:$C$58) -> 0.80580518 | M40: 7 | N40: 0.039633969
A41: 8 | B41: 0.66913129 | C41: 0.66870134 | D41: =C41-B41 -> -0.00042994844 | E41: =ABS(D41) -> 0.00042994844 | I41: Observed Mean Difference | J41: {=AVERAGE(IF(ISODD(IF(ISNUMBER(sims_per_turn_scen4!$B$33:$B$58), 1, 0) * IF(ISNUMBER(sims_per_turn_scen4!$C$33:$C$58), 1, 0)), sims_per_turn_scen4!$B$33:$B$58 - sims_per_turn_scen4!$C$33:$C$58, "NA"))} -> 0.01085548 | M41: 16 | N41: 0.032223574
A42: 9 | B42: 0.76936358 | C42: 0.78688004 | D42: =C42-B42 -> 0.017516459 | E42: =ABS(D42) -> 0.017516459 | I42: Variance of the Differences | J42: {=VAR(IF(ISODD(IF(ISNUMBER(sims_per_turn_scen4!$B$33:$B$58), 1, 0) * IF(ISNUMBER(sims_per_turn_scen4!$C$33:$C$58), 1, 0)), sims_per_turn_scen4!$B$33:$B$58 - sims_per_turn_scen4!$C$33:$C$58, "NA"))} -> 0.0014652647 | M42: 18 | N42: 0.025864755
A43: 10 | B43: 0.7953936 | C43: 0.80994866 | D43: =C43-B43 -> 0.014555058 | E43: =ABS(D43) -> 0.014555058 | I43: df | J43: {=SUM(IF(ISNUMBER(sims_per_turn_scen4!$B$33:$B$58), 1, 0) * IF(ISNUMBER(sims_per_turn_scen4!$C$33:$C$58), 1, 0)) - 1} -> 24 | M43: 20 | N43: 0.023405154
A44: 11 | B44: 0.75028001 | C44: 0.69017189 | D44: =C44-B44 -> -0.060108118 | E44: =ABS(D44) -> 0.060108118 | I44: t Stat | J44: =(sims_per_turn_scen4!$J$41 - sims_per_turn_scen4!$J$35) / (sims_per_turn_scen4!$J$42 / ( sims_per_turn_scen4!$J$43 + 1)) ^ 0.5 -> 1.4179503 | M44: 23 | N44: 0.022224364
A45: 12 | B45: 0.79111205 | C45: 0.74912535 | D45: =C45-B45 -> -0.041986704 | E45: =ABS(D45) -> 0.041986704 | I45: P (T<=t) one-tail | J45: =TDIST(ABS(sims_per_turn_scen4!$J$44), sims_per_turn_scen4!$J$43, 1) -> 0.084529718 | M45: 19 | N45: 0.020857805
A46: 13 | B46: 0.68490072 | C46: 0.67748078 | D46: =C46-B46 -> -0.0074199365 | E46: =ABS(D46) -> 0.0074199365 | I46: t Critical one-tail | J46: =TINV(2*sims_per_turn_scen4!$J$34, sims_per_turn_scen4!$J$43) -> 1.7108821 | M46: 3 | N46: 0.019447974
A47: 14 | B47: 0.81196411 | C47: 0.79291905 | D47: =C47-B47 -> -0.01904506 | E47: =ABS(D47) -> 0.01904506 | I47: P (T<=t) two-tail | J47: =TDIST(ABS(sims_per_turn_scen4!$J$44), sims_per_turn_scen4!$J$43, 2) -> 0.16905944 | M47: 14 | N47: 0.01904506
A48: 15 | B48: 0.79331545 | C48: 0.80088441 | D48: =C48-B48 -> 0.0075689632 | E48: =ABS(D48) -> 0.0075689632 | I48: t Critical two-tail | J48: =TINV(sims_per_turn_scen4!$J$34, sims_per_turn_scen4!$J$43) -> 2.0638986 | M48: 9 | N48: 0.017516459
A49: 16 | B49: 0.67762274 | C49: 0.64539917 | D49: =C49-B49 -> -0.032223574 | E49: =ABS(D49) -> 0.032223574 | M49: 2 | N49: 0.015727828
A50: 17 | B50: 0.77509055 | C50: 0.77301622 | D50: =C50-B50 -> -0.0020743228 | E50: =ABS(D50) -> 0.0020743228 | M50: 10 | N50: 0.014555058
A51: 18 | B51: 0.6089102 | C51: 0.58304544 | D51: =C51-B51 -> -0.025864755 | E51: =ABS(D51) -> 0.025864755 | M51: 22 | N51: 0.0091868639
A52: 19 | B52: 0.81633901 | C52: 0.7954812 | D52: =C52-B52 -> -0.020857805 | E52: =ABS(D52) -> 0.020857805 | M52: 6 | N52: 0.0078581442
A53: 20 | B53: 0.67591292 | C53: 0.65250777 | D53: =C53-B53 -> -0.023405154 | E53: =ABS(D53) -> 0.023405154 | M53: 15 | N53: 0.0075689632
A54: 21 | B54: 0.74812573 | C54: 0.6134279 | D54: =C54-B54 -> -0.13469783 | E54: =ABS(D54) -> 0.13469783 | M54: 13 | N54: 0.0074199365
A55: 22 | B55: 0.66618629 | C55: 0.65699942 | D55: =C55-B55 -> -0.0091868639 | E55: =ABS(D55) -> 0.0091868639 | M55: 1 | N55: 0.0065593368
A56: 23 | B56: 0.75721103 | C56: 0.77943539 | D56: =C56-B56 -> 0.022224364 | E56: =ABS(D56) -> 0.022224364 | M56: 17 | N56: 0.0020743228
A57: 24 | B57: 0.74821765 | C57: 0.79567243 | D57: =C57-B57 -> 0.047454776 | E57: =ABS(D57) -> 0.047454776 | M57: 4 | N57: 0.0015342534
A58: 25 | B58: 0.74873273 | C58: 0.69566442 | D58: =C58-B58 -> -0.053068307 | E58: =ABS(D58) -> 0.053068307 | M58: 8 | N58: 0.00042994844
A62: Turn | B62: ac15p | C62: ac15 | D62: Delta=ac15-ac15p | E62: ABS delta | F62: Mean difference | G62: std delta | I62: Paired t-test | M62: Turn | N62: ABS delta
A63: 1 | B63: 0.78294334 | C63: 0.77257697 | D63: =C63-B63 -> -0.010366376 | E63: =ABS(D63) -> 0.010366376 | F63: =AVERAGE(D63:D87) -> -0.010694465 | G63: =_xlfn.STDEV.S(D63:D87) -> 0.033958174 | I63: Alpha | J63: 0.05 | M63: 7 | N63: 0.07663348
A64: 2 | B64: 0.72616788 | C64: 0.68095868 | D64: =C64-B64 -> -0.045209191 | E64: =ABS(D64) -> 0.045209191 | I64: Hypothesized Mean Difference | J64: 0 | M64: 10 | N64: 0.067796257
A65: 3 | B65: 0.76238484 | C65: 0.7714667 | D65: =C65-B65 -> 0.0090818561 | E65: =ABS(D65) -> 0.0090818561 | J65: Variable 1 | K65: Variable 2 | M65: 21 | N65: 0.063628242
A66: 4 | B66: 0.70329396 | C66: 0.74680366 | D66: =C66-B66 -> 0.043509697 | E66: =ABS(D66) -> 0.043509697 | I66: Mean | J66: =AVERAGE(sims_per_turn_scen4!$B$62:$B$87) -> 0.73449037 | K66: =AVERAGE(sims_per_turn_scen4!$C$62:$C$87) -> 0.72379591 | M66: 6 | N66: 0.052816941
A67: 5 | B67: 0.7296907 | C67: 0.73798076 | D67: =C67-B67 -> 0.0082900588 | E67: =ABS(D67) -> 0.0082900588 | I67: Variance | J67: =VAR(sims_per_turn_scen4!$B$62:$B$87) -> 0.0034118332 | K67: =VAR(sims_per_turn_scen4!$C$62:$C$87) -> 0.0034157774 | M67: 2 | N67: 0.045209191
A68: 6 | B68: 0.75207613 | C68: 0.69925919 | D68: =C68-B68 -> -0.052816941 | E68: =ABS(D68) -> 0.052816941 | I68: Observations | J68: =COUNT(sims_per_turn_scen4!$B$62:$B$87) -> 25 | K68: =COUNT(sims_per_turn_scen4!$C$62:$C$87) -> 25 | M68: 19 | N68: 0.044324496
A69: 7 | B69: 0.81177256 | C69: 0.73513908 | D69: =C69-B69 -> -0.07663348 | E69: =ABS(D69) -> 0.07663348 | I69: Pearson Correlation | J69: =CORREL(sims_per_turn_scen4!$B$62:$B$87,sims_per_turn_scen4!$C$62:$C$87) -> 0.83110392 | M69: 4 | N69: 0.043509697
A70: 8 | B70: 0.71832924 | C70: 0.69432538 | D70: =C70-B70 -> -0.024003865 | E70: =ABS(D70) -> 0.024003865 | I70: Observed Mean Difference | J70: {=AVERAGE(IF(ISODD(IF(ISNUMBER(sims_per_turn_scen4!$B$62:$B$87), 1, 0) * IF(ISNUMBER(sims_per_turn_scen4!$C$62:$C$87), 1, 0)), sims_per_turn_scen4!$B$62:$B$87 - sims_per_turn_scen4!$C$62:$C$87, "NA"))} -> 0.010694465 | M70: 11 | N70: 0.03479862
A71: 9 | B71: 0.75089851 | C71: 0.75495398 | D71: =C71-B71 -> 0.004055477 | E71: =ABS(D71) -> 0.004055477 | I71: Variance of the Differences | J71: {=VAR(IF(ISODD(IF(ISNUMBER(sims_per_turn_scen4!$B$62:$B$87), 1, 0) * IF(ISNUMBER(sims_per_turn_scen4!$C$62:$C$87), 1, 0)), sims_per_turn_scen4!$B$62:$B$87 - sims_per_turn_scen4!$C$62:$C$87, "NA"))} -> 0.0011531576 | M71: 16 | N71: 0.031330894
A72: 10 | B72: 0.71233537 | C72: 0.78013162 | D72: =C72-B72 -> 0.067796257 | E72: =ABS(D72) -> 0.067796257 | I72: df | J72: {=SUM(IF(ISNUMBER(sims_per_turn_scen4!$B$62:$B$87), 1, 0) * IF(ISNUMBER(sims_per_turn_scen4!$C$62:$C$87), 1, 0)) - 1} -> 24 | M72: 13 | N72: 0.028484422
A73: 11 | B73: 0.77617003 | C73: 0.74137141 | D73: =C73-B73 -> -0.03479862 | E73: =ABS(D73) -> 0.03479862 | I73: t Stat | J73: =(sims_per_turn_scen4!$J$70 - sims_per_turn_scen4!$J$64) / (sims_per_turn_scen4!$J$71 / ( sims_per_turn_scen4!$J$72 + 1)) ^ 0.5 -> 1.5746525 | M73: 24 | N73: 0.026792814
A74: 12 | B74: 0.77041801 | C74: 0.75243055 | D74: =C74-B74 -> -0.017987462 | E74: =ABS(D74) -> 0.017987462 | I74: P (T<=t) one-tail | J74: =TDIST(ABS(sims_per_turn_scen4!$J$73), sims_per_turn_scen4!$J$72, 1) -> 0.064214097 | M74: 17 | N74: 0.024702308
A75: 13 | B75: 0.68718184 | C75: 0.65869741 | D75: =C75-B75 -> -0.028484422 | E75: =ABS(D75) -> 0.028484422 | I75: t Critical one-tail | J75: =TINV(2*sims_per_turn_scen4!$J$63, sims_per_turn_scen4!$J$72) -> 1.7108821 | M75: 8 | N75: 0.024003865
A76: 14 | B76: 0.81381365 | C76: 0.81359318 | D76: =C76-B76 -> -0.00022046947 | E76: =ABS(D76) -> 0.00022046947 | I76: P (T<=t) two-tail | J76: =TDIST(ABS(sims_per_turn_scen4!$J$73), sims_per_turn_scen4!$J$72, 2) -> 0.12842819 | M76: 15 | N76: 0.022701839
A77: 15 | B77: 0.78154173 | C77: 0.75883989 | D77: =C77-B77 -> -0.022701839 | E77: =ABS(D77) -> 0.022701839 | I77: t Critical two-tail | J77: =TINV(sims_per_turn_scen4!$J$63, sims_per_turn_scen4!$J$72) -> 2.0638986 | M77: 25 | N77: 0.021870797
A78: 16 | B78: 0.67997326 | C78: 0.64864237 | D78: =C78-B78 -> -0.031330894 | E78: =ABS(D78) -> 0.031330894 | M78: 22 | N78: 0.021409814
A79: 17 | B79: 0.80453974 | C79: 0.77983743 | D79: =C79-B79 -> -0.024702308 | E79: =ABS(D79) -> 0.024702308 | M79: 12 | N79: 0.017987462
A80: 18 | B80: 0.57578838 | C80: 0.57208918 | D80: =C80-B80 -> -0.0036992042 | E80: =ABS(D80) -> 0.0036992042 | M80: 23 | N80: 0.017533523
A81: 19 | B81: 0.80829344 | C81: 0.76396894 | D81: =C81-B81 -> -0.044324496 | E81: =ABS(D81) -> 0.044324496 | M81: 1 | N81: 0.010366376
A82: 20 | B82: 0.6310987 | C82: 0.6243046 | D82: =C82-B82 -> -0.0067940983 | E82: =ABS(D82) -> 0.0067940983 | M82: 3 | N82: 0.0090818561
A83: 21 | B83: 0.72352146 | C83: 0.65989322 | D83: =C83-B83 -> -0.063628242 | E83: =ABS(D83) -> 0.063628242 | M83: 5 | N83: 0.0082900588
A84: 22 | B84: 0.66763609 | C84: 0.6890459 | D84: =C84-B84 -> 0.021409814 | E84: =ABS(D84) -> 0.021409814 | M84: 20 | N84: 0.0067940983
A85: 23 | B85: 0.72914514 | C85: 0.74667866 | D85: =C85-B85 -> 0.017533523 | E85: =ABS(D85) -> 0.017533523 | M85: 9 | N85: 0.004055477
A86: 24 | B86: 0.76890959 | C86: 0.79570241 | D86: =C86-B86 -> 0.026792814 | E86: =ABS(D86) -> 0.026792814 | M86: 18 | N86: 0.0036992042
A87: 25 | B87: 0.69433576 | C87: 0.71620656 | D87: =C87-B87 -> 0.021870797 | E87: =ABS(D87) -> 0.021870797 | M87: 14 | N87: 0.00022046947
A91: Turn | B91: ac15p | C91: hybrid | D91: Delta=hybrid-ac15p | E91: ABS delta | F91: Mean difference | G91: std delta | I91: Paired t-test | M91: Turn | N91: ABS delta
A92: 1 | B92: 0.78294334 | C92: 0.79629877 | D92: =C92-B92 -> 0.013355428 | E92: =ABS(D92) -> 0.013355428 | F92: =AVERAGE(D92:D116) -> -0.0067547795 | G92: =_xlfn.STDEV.S(D92:D116) -> 0.04460919 | I92: Alpha | J92: 0.05 | M92: 21 | N92: 0.11009356
A93: 2 | B93: 0.72616788 | C93: 0.73955855 | D93: =C93-B93 -> 0.013390675 | E93: =ABS(D93) -> 0.013390675 | I93: Hypothesized Mean Difference | J93: 0 | M93: 10 | N93: 0.097613292
A94: 3 | B94: 0.76238484 | C94: 0.7395449 | D94: =C94-B94 -> -0.022839946 | E94: =ABS(D94) -> 0.022839946 | J94: Variable 1 | K94: Variable 2 | M94: 11 | N94: 0.085998138
A95: 4 | B95: 0.70329396 | C95: 0.74302939 | D95: =C95-B95 -> 0.039735428 | E95: =ABS(D95) -> 0.039735428 | I95: Mean | J95: =AVERAGE(sims_per_turn_scen4!$B$91:$B$116) -> 0.73449037 | K95: =AVERAGE(sims_per_turn_scen4!$C$91:$C$116) -> 0.72773559 | M95: 7 | N95: 0.077634092
A96: 5 | B96: 0.7296907 | C96: 0.72550205 | D96: =C96-B96 -> -0.0041886564 | E96: =ABS(D96) -> 0.0041886564 | I96: Variance | J96: =VAR(sims_per_turn_scen4!$B$91:$B$116) -> 0.0034118332 | K96: =VAR(sims_per_turn_scen4!$C$91:$C$116) -> 0.0041595685 | M96: 23 | N96: 0.050290253
A97: 6 | B97: 0.75207613 | C97: 0.74855685 | D97: =C97-B97 -> -0.0035192764 | E97: =ABS(D97) -> 0.0035192764 | I97: Observations | J97: =COUNT(sims_per_turn_scen4!$B$91:$B$116) -> 25 | K97: =COUNT(sims_per_turn_scen4!$C$91:$C$116) -> 25 | M97: 8 | N97: 0.049627903
A98: 7 | B98: 0.81177256 | C98: 0.73413847 | D98: =C98-B98 -> -0.077634092 | E98: =ABS(D98) -> 0.077634092 | I98: Pearson Correlation | J98: =CORREL(sims_per_turn_scen4!$B$91:$B$116,sims_per_turn_scen4!$C$91:$C$116) -> 0.74079291 | M98: 4 | N98: 0.039735428
A99: 8 | B99: 0.71832924 | C99: 0.66870134 | D99: =C99-B99 -> -0.049627903 | E99: =ABS(D99) -> 0.049627903 | I99: Observed Mean Difference | J99: {=AVERAGE(IF(ISODD(IF(ISNUMBER(sims_per_turn_scen4!$B$91:$B$116), 1, 0) * IF(ISNUMBER(sims_per_turn_scen4!$C$91:$C$116), 1, 0)), sims_per_turn_scen4!$B$91:$B$116 - sims_per_turn_scen4!$C$91:$C$116, "NA"))} -> 0.0067547795 | M99: 9 | N99: 0.035981529
A100: 9 | B100: 0.75089851 | C100: 0.78688004 | D100: =C100-B100 -> 0.035981529 | E100: =ABS(D100) -> 0.035981529 | I100: Variance of the Differences | J100: {=VAR(IF(ISODD(IF(ISNUMBER(sims_per_turn_scen4!$B$91:$B$116), 1, 0) * IF(ISNUMBER(sims_per_turn_scen4!$C$91:$C$116), 1, 0)), sims_per_turn_scen4!$B$91:$B$116 - sims_per_turn_scen4!$C$91:$C$116, "NA"))} -> 0.0019899799 | M100: 16 | N100: 0.034574096
A101: 10 | B101: 0.71233537 | C101: 0.80994866 | D101: =C101-B101 -> 0.097613292 | E101: =ABS(D101) -> 0.097613292 | I101: df | J101: {=SUM(IF(ISNUMBER(sims_per_turn_scen4!$B$91:$B$116), 1, 0) * IF(ISNUMBER(sims_per_turn_scen4!$C$91:$C$116), 1, 0)) - 1} -> 24 | M101: 17 | N101: 0.031523516
A102: 11 | B102: 0.77617003 | C102: 0.69017189 | D102: =C102-B102 -> -0.085998138 | E102: =ABS(D102) -> 0.085998138 | I102: t Stat | J102: =(sims_per_turn_scen4!$J$99 - sims_per_turn_scen4!$J$93) / (sims_per_turn_scen4!$J$100 / ( sims_per_turn_scen4!$J$101 + 1)) ^ 0.5 -> 0.75710626 | M102: 24 | N102: 0.026762838
A103: 12 | B103: 0.77041801 | C103: 0.74912535 | D103: =C103-B103 -> -0.02129266 | E103: =ABS(D103) -> 0.02129266 | I103: P (T<=t) one-tail | J103: =TDIST(ABS(sims_per_turn_scen4!$J$102), sims_per_turn_scen4!$J$101, 1) -> 0.22817768 | M103: 3 | N103: 0.022839946
A104: 13 | B104: 0.68718184 | C104: 0.67748078 | D104: =C104-B104 -> -0.009701053 | E104: =ABS(D104) -> 0.009701053 | I104: t Critical one-tail | J104: =TINV(2*sims_per_turn_scen4!$J$92, sims_per_turn_scen4!$J$101) -> 1.7108821 | M104: 20 | N104: 0.021409068
A105: 14 | B105: 0.81381365 | C105: 0.79291905 | D105: =C105-B105 -> -0.020894597 | E105: =ABS(D105) -> 0.020894597 | I105: P (T<=t) two-tail | J105: =TDIST(ABS(sims_per_turn_scen4!$J$102), sims_per_turn_scen4!$J$101, 2) -> 0.45635536 | M105: 12 | N105: 0.02129266
A106: 15 | B106: 0.78154173 | C106: 0.80088441 | D106: =C106-B106 -> 0.019342677 | E106: =ABS(D106) -> 0.019342677 | I106: t Critical two-tail | J106: =TINV(sims_per_turn_scen4!$J$92, sims_per_turn_scen4!$J$101) -> 2.0638986 | M106: 14 | N106: 0.020894597
A107: 16 | B107: 0.67997326 | C107: 0.64539917 | D107: =C107-B107 -> -0.034574096 | E107: =ABS(D107) -> 0.034574096 | M107: 15 | N107: 0.019342677
A108: 17 | B108: 0.80453974 | C108: 0.77301622 | D108: =C108-B108 -> -0.031523516 | E108: =ABS(D108) -> 0.031523516 | M108: 2 | N108: 0.013390675
A109: 18 | B109: 0.57578838 | C109: 0.58304544 | D109: =C109-B109 -> 0.00725706 | E109: =ABS(D109) -> 0.00725706 | M109: 1 | N109: 0.013355428
A110: 19 | B110: 0.80829344 | C110: 0.7954812 | D110: =C110-B110 -> -0.012812236 | E110: =ABS(D110) -> 0.012812236 | M110: 19 | N110: 0.012812236
A111: 20 | B111: 0.6310987 | C111: 0.65250777 | D111: =C111-B111 -> 0.021409068 | E111: =ABS(D111) -> 0.021409068 | M111: 22 | N111: 0.010636666
A112: 21 | B112: 0.72352146 | C112: 0.6134279 | D112: =C112-B112 -> -0.11009356 | E112: =ABS(D112) -> 0.11009356 | M112: 13 | N112: 0.009701053
A113: 22 | B113: 0.66763609 | C113: 0.65699942 | D113: =C113-B113 -> -0.010636666 | E113: =ABS(D113) -> 0.010636666 | M113: 18 | N113: 0.00725706
A114: 23 | B114: 0.72914514 | C114: 0.77943539 | D114: =C114-B114 -> 0.050290253 | E114: =ABS(D114) -> 0.050290253 | M114: 5 | N114: 0.0041886564
A115: 24 | B115: 0.76890959 | C115: 0.79567243 | D115: =C115-B115 -> 0.026762838 | E115: =ABS(D115) -> 0.026762838 | M115: 6 | N115: 0.0035192764
A116: 25 | B116: 0.69433576 | C116: 0.69566442 | D116: =C116-B116 -> 0.0013286564 | E116: =ABS(D116) -> 0.0013286564 | M116: 25 | N116: 0.0013286564
A120: Turn | B120: ac15p | C120: hybsem | D120: Delta=hybsem-ac15p | E120: ABS delta | F120: Mean difference | G120: std delta | I120: Paired t-test | M120: Turn | N120: ABS delta
A121: 1 | B121: 0.78294334 | C121: 0.80285811 | D121: =C121-B121 -> 0.019914765 | E121: =ABS(D121) -> 0.019914765 | F121: =AVERAGE(D121:D145) -> 0.0041007005 | G121: =_xlfn.STDEV.S(D121:D145) -> 0.034281349 | I121: Alpha | J121: 0.05 | M121: 10 | N121: 0.083058233
A122: 2 | B122: 0.72616788 | C122: 0.72383072 | D122: =C122-B122 -> -0.0023371527 | E122: =ABS(D122) -> 0.0023371527 | I122: Hypothesized Mean Difference | J122: 0 | M122: 5 | N122: 0.058544031
A123: 3 | B123: 0.76238484 | C123: 0.72009692 | D123: =C123-B123 -> -0.04228792 | E123: =ABS(D123) -> 0.04228792 | J123: Variable 1 | K123: Variable 2 | M123: 25 | N123: 0.054396963
A124: 4 | B124: 0.70329396 | C124: 0.74456365 | D124: =C124-B124 -> 0.041269682 | E124: =ABS(D124) -> 0.041269682 | I124: Mean | J124: =AVERAGE(sims_per_turn_scen4!$B$120:$B$145) -> 0.73449037 | K124: =AVERAGE(sims_per_turn_scen4!$C$120:$C$145) -> 0.73859107 | M124: 8 | N124: 0.049197954
...

Sheet pivot_sim_per_turn
A3: turns | B3: comparison | C3: abs delta
A4: 1 | B4: hybrid-hybsem | C4: 0.0065593368
A5: 2 | B5: hybrid-hybsem | C5: 0.015727828
A6: 3 | B6: hybrid-hybsem | C6: 0.019447974
A7: 4 | B7: hybrid-hybsem | C7: 0.0015342534
A8: 5 | B8: hybrid-hybsem | C8: 0.054355375 | E8: Count - abs delta | F8: comparison
A9: 6 | B9: hybrid-hybsem | C9: 0.0078581442 | E9: turns | F9: ac15-ac15p | G9: hybrid-ac15 | H9: hybrid-ac15p | I9: hybrid-hybsem | J9: hybsem-ac15 | K9: hybsem-ac15p | L9: Total Result
A10: 7 | B10: hybrid-hybsem | C10: 0.039633969 | E10: 1 | F10: 1 | G10: 1 | H10: 1 | I10: 1 | J10: 1 | K10: 1 | L10: 6
A11: 8 | B11: hybrid-hybsem | C11: 0.00042994844 | E11: 2 | F11: 1 | G11: 1 | H11: 1 | I11: 1 | J11: 1 | K11: 1 | L11: 6
A12: 9 | B12: hybrid-hybsem | C12: 0.017516459 | E12: 3 | F12: 1 | G12: 1 | H12: 1 | I12: 1 | J12: 1 | K12: 1 | L12: 6
A13: 10 | B13: hybrid-hybsem | C13: 0.014555058 | E13: 4 | F13: 1 | G13: 1 | H13: 1 | I13: 1 | J13: 1 | K13: 1 | L13: 6
A14: 11 | B14: hybrid-hybsem | C14: 0.060108118 | E14: 5 | F14: 1 | G14: 1 | H14: 1 | I14: 1 | J14: 1 | K14: 1 | L14: 6
A15: 12 | B15: hybrid-hybsem | C15: 0.041986704 | E15: 6 | F15: 1 | G15: 1 | H15: 1 | I15: 1 | J15: 1 | K15: 1 | L15: 6
A16: 13 | B16: hybrid-hybsem | C16: 0.0074199365 | E16: 7 | F16: 1 | G16: 1 | H16: 1 | I16: 1 | J16: 1 | K16: 1 | L16: 6
A17: 14 | B17: hybrid-hybsem | C17: 0.01904506 | E17: 8 | F17: 1 | G17: 1 | H17: 1 | I17: 1 | J17: 1 | K17: 1 | L17: 6
A18: 15 | B18: hybrid-hybsem | C18: 0.0075689632 | E18: 9 | F18: 1 | G18: 1 | H18: 1 | I18: 1 | J18: 1 | K18: 1 | L18: 6
A19: 16 | B19: hybrid-hybsem | C19: 0.032223574 | E19: 10 | F19: 1 | G19: 1 | H19: 1 | I19: 1 | J19: 1 | K19: 1 | L19: 6
A20: 17 | B20: hybrid-hybsem | C20: 0.0020743228 | E20: 11 | F20: 1 | G20: 1 | H20: 1 | I20: 1 | J20: 1 | K20: 1 | L20: 6
A21: 18 | B21: hybrid-hybsem | C21: 0.025864755 | E21: 12 | F21: 1 | H21: 1 | I21: 1 | J21: 1 | K21: 1 | L21: 5
A22: 19 | B22: hybrid-hybsem | C22: 0.020857805 | E22: 13 | F22: 1 | H22: 1 | I22: 1 | J22: 1 | K22: 1 | L22: 5
A23: 20 | B23: hybrid-hybsem | C23: 0.023405154 | E23: 14 | F23: 1 | H23: 1 | I23: 1 | J23: 1 | K23: 1 | L23: 5
A24: 21 | B24: hybrid-hybsem | C24: 0.13469783 | E24: 15 | F24: 1 | H24: 1 | I24: 1 | J24: 1 | K24: 1 | L24: 5
A25: 22 | B25: hybrid-hybsem | C25: 0.0091868639 | E25: 16 | F25: 1 | H25: 1 | I25: 1 | J25: 1 | K25: 1 | L25: 5
A26: 23 | B26: hybrid-hybsem | C26: 0.022224364 | E26: 17 | F26: 1 | H26: 1 | I26: 1 | J26: 1 | K26: 1 | L26: 5
A27: 24 | B27: hybrid-hybsem | C27: 0.047454776 | E27: 18 | F27: 1 | H27: 1 | I27: 1 | J27: 1 | K27: 1 | L27: 5
A28: 25 | B28: hybrid-hybsem | C28: 0.053068307 | E28: 19 | F28: 1 | H28: 1 | I28: 1 | J28: 1 | K28: 1 | L28: 5
A29: 1 | B29: ac15-ac15p | C29: 0.010366376 | E29: 20 | F29: 1 | H29: 1 | I29: 1 | J29: 1 | K29: 1 | L29: 5
A30: 2 | B30: ac15-ac15p | C30: 0.045209191 | E30: 21 | F30: 1 | H30: 1 | I30: 1 | J30: 1 | K30: 1 | L30: 5
A31: 3 | B31: ac15-ac15p | C31: 0.0090818561 | E31: 22 | F31: 1 | H31: 1 | I31: 1 | J31: 1 | K31: 1 | L31: 5
A32: 4 | B32: ac15-ac15p | C32: 0.043509697 | E32: 23 | F32: 1 | H32: 1 | I32: 1 | J32: 1 | K32: 1 | L32: 5
... A34: 6 | B34: ac15-ac15p | C34: 0.052816941 | E34: 25 | F34: 1 | H34: 1 | I34: 1 | J34: 1 | K34: 1 | L34: 5
A35: 7 | B35: ac15-ac15p | C35: 0.07663348 | E35: Total Result | F35: 25 | G35: 11 | H35: 25 | I35: 25 | J35: 25 | K35: 25 | L35: 136
A36: 8 | B36: ac15-ac15p | C36: 0.024003865
A37: 9 | B37: ac15-ac15p | C37: 0.004055477
A38: 10 | B38: ac15-ac15p | C38: 0.067796257
A39: 11 | B39: ac15-ac15p | C39: 0.03479862
A40: 12 | B40: ac15-ac15p | C40: 0.017987462
A41: 13 | B41: ac15-ac15p | C41: 0.028484422
A42: 14 | B42: ac15-ac15p | C42: 0.00022046947
A43: 15 | B43: ac15-ac15p | C43: 0.022701839
A44: 16 | B44: ac15-ac15p | C44: 0.031330894
A45: 17 | B45: ac15-ac15p | C45: 0.024702308
A46: 18 | B46: ac15-ac15p | C46: 0.0036992042
A47: 19 | B47: ac15-ac15p | C47: 0.044324496
... A153: 25 | B153: hybrid-ac15 | C153: 0.020542141
A156: turns | B156: comparison | C156: abs delta | E156: Count - abs delta | F156: comparison
A157: 5 | B157: hybrid-hybsem | C157: 0.054355375 | E157: turns | F157: ac15-ac15p | G157: hybrid-ac15 | H157: hybrid-ac15p | I157: hybrid-hybsem | J157: hybsem-ac15 | K157: hybsem-ac15p | L157: Total Result
A158: 11 | B158: hybrid-hybsem | C158: 0.060108118 | E158: 2 | G158: 1 | L158: 1
A159: 21 | B159: hybrid-hybsem | C159: 0.13469783 | E159: 3 | J159: 1 | L159: 1
A160: 25 | B160: hybrid-hybsem | C160: 0.053068307 | E160: 5 | I160: 1 | J160: 1 | K160: 1 | L160: 3
A161: 6 | B161: ac15-ac15p | C161: 0.052816941 | E161: 6 | F161: 1 | L161: 1
A162: 7 | B162: ac15-ac15p | C162: 0.07663348 | E162: 7 | F162: 1 | H162: 1 | L162: 2
A163: 10 | B163: ac15-ac15p | C163: 0.067796257 | E163: 10 | F163: 1 | H163: 1 | K163: 1 | L163: 3
A164: 21 | B164: ac15-ac15p | C164: 0.063628242 | E164: 11 | G164: 1 | H164: 1 | I164: 1 | L164: 3
A165: 7 | B165: hybrid-ac15p | C165: 0.077634092 | E165: 19 | J165: 1 | L165: 1
A166: 10 | B166: hybrid-ac15p | C166: 0.097613292 | E166: 20 | J166: 1 | L166: 1
A167: 11 | B167: hybrid-ac15p | C167: 0.085998138 | E167: 21 | F167: 1 | H167: 1 | I167: 1 | J167: 1 | L167: 4
A168: 21 | B168: hybrid-ac15p | C168: 0.11009356 | E168: 23 | H168: 1 | L168: 1
A169: 23 | B169: hybrid-ac15p | C169: 0.050290253 | E169: 25 | I169: 1 | K169: 1 | L169: 2
A170: 5 | B170: hybsem-ac15p | C170: 0.058544031 | E170: Total Result | F170: 4 | G170: 2 | H170: 5 | I170: 4 | J170: 5 | K170: 3 | L170: 23
A171: 10 | B171: hybsem-ac15p | C171: 0.083058233
A172: 25 | B172: hybsem-ac15p | C172: 0.054396963
A173: 3 | B173: hybsem-ac15 | C173: 0.051369776
A174: 5 | B174: hybsem-ac15 | C174: 0.06683409
A175: 19 | B175: hybsem-ac15 | C175: 0.052370064
A176: 20 | B176: hybsem-ac15 | C176: 0.05160832
A177: 21 | B177: hybsem-ac15 | C177: 0.088232518
A178: 2 | B178: hybrid-ac15 | C178: 0.058599866
A179: 11 | B179: hybrid-ac15 | C179: 0.051199519

Sheet anchors_raw_information
B1: seq | C1: anchorName | D1: weight | E1: projectName
B2: 0 | C2: practicality_and_feasibility | D2: 0.2051 | E2: ac15-plain | H2: Count - anchorName | I2: projectName
B3: 0 | C3: identity | D3: 0.1784 | E3: ac15-plain | H3: seq | I3: ac15-plain | J3: hybrid_v3_5 | K3: hybrid_v3_5_semantic | L3: test_ac15 | M3: Total Result
B4: 0 | C4: sovereignty | D4: 0.1734 | E4: ac15-plain | H4: 0 | I4: 6 | J4: 6 | K4: 6 | L4: 6 | M4: 24
B5: 0 | C5: mathematics_computer_science_engineering | D5: 0.1731 | E5: ac15-plain | H5: 2 | I5: 6 | J5: 6 | K5: 6 | L5: 6 | M5: 24
B6: 0 | C6: imagination_and_possibility | D6: 0.17 | E6: ac15-plain | H6: 4 | I6: 6 | J6: 6 | K6: 6 | L6: 6 | M6: 24
B7: 0 | C7: truth_and_fact | D7: 0.1 | E7: ac15-plain | H7: 6 | I7: 6 | J7: 6 | K7: 6 | L7: 6 | M7: 24
B8: 2 | C8: practicality_and_feasibility | D8: 0.2205 | E8: ac15-plain | H8: 8 | I8: 6 | J8: 6 | K8: 6 | L8: 6 | M8: 24
B9: 2 | C9: affective_interface | D9: 0.1768 | E9: ac15-plain | H9: 10 | I9: 6 | J9: 6 | K9: 6 | L9: 6 | M9: 24
B10: 2 | C10: sovereignty | D10: 0.1714 | E10: ac15-plain | H10: 12 | I10: 6 | J10: 6 | K10: 6 | L10: 6 | M10: 24
B11: 2 | C11: mathematics_computer_science_engineering | D11: 0.1692 | E11: ac15-plain | H11: 14 | I11: 6 | J11: 6 | K11: 6 | L11: 6 | M11: 24
B12: 2 | C12: imagination_and_possibility | D12: 0.1621 | E12: ac15-plain | H12: 16 | I12: 6 | J12: 6 | K12: 6 | L12: 6 | M12: 24
B13: 2 | C13: truth_and_fact | D13: 0.1 | E13: ac15-plain | H13: 18 | I13: 6 | J13: 6 | K13: 6 | L13: 6 | M13: 24
B14: 4 | C14: practicality_and_feasibility | D14: 0.1959 | E14: ac15-plain | H14: 20 | I14: 6 | J14: 6 | K14: 6 | L14: 6 | M14: 24
B15: 4 | C15: identity | D15: 0.1859 | E15: ac15-plain | H15: 22 | I15: 6 | J15: 6 | K15: 6 | L15: 6 | M15: 24
... B28: 8 | C28: mathematics_computer_science_engineering | D28: 0.1666 | E28: ac15-plain | H28: 48 | I28: 6 | J28: 6 | K28: 6 | L28: 6 | M28: 24
B29: 8 | C29: sovereignty | D29: 0.1646 | E29: ac15-plain | H29: Total Result | I29: 150 | J29: 145 | K29: 147 | L29: 150 | M29: 592
B30: 8 | C30: freedom_and_limitations | D30: 0.1626 | E30: ac15-plain
B31: 8 | C31: truth_and_fact | D31: 0.1 | E31: ac15-plain
B32: 10 | C32: practicality_and_feasibility | D32: 0.2116 | E32: ac15-plain | H32: Sum - weight | J32: projectName
B33: 10 | C33: sovereignty | D33: 0.1821 | E33: ac15-plain | H33: seq | I33: anchorName | J33: ac15-plain | K33: hybrid_v3_5 | L33: hybrid_v3_5_semantic | M33: test_ac15 | N33: Total Result
B34: 10 | C34: mathematics_computer_science_engineering | D34: 0.1751 | E34: ac15-plain | H34: 0 | I34: affective_interface | L34: 0.1596 | N34: 0.1596
B35: 10 | C35: affective_interface | D35: 0.1661 | E35: ac15-plain | I35: identity | J35: 0.1784 | K35: 0.192 | L35: 0.1924 | M35: 0.1622 | N35: 0.725
B36: 10 | C36: metaphorical_scaffolding | D36: 0.1651 | E36: ac15-plain | I36: imagination_and_possibility | J36: 0.17 | K36: 0.1713 | L36: 0.1764 | M36: 0.1783 | N36: 0.696
B37: 10 | C37: truth_and_fact | D37: 0.1 | E37: ac15-plain | I37: mathematics_computer_science_engineering | J37: 0.1731 | K37: 0.176 | L37: 0.172 | M37: 0.191 | N37: 0.7121
B38: 12 | C38: practicality_and_feasibility | D38: 0.2297 | E38: ac15-plain | I38: metaphorical_scaffolding | K38: 0.1582 | M38: 0.1553 | N38: 0.3135
B39: 12 | C39: sovereignty | D39: 0.1882 | E39: ac15-plain | I39: practicality_and_feasibility | J39: 0.2051 | K39: 0.2025 | L39: 0.1996 | M39: 0.2132 | N39: 0.8204
B40: 12 | C40: freedom_and_limitations | D40: 0.164 | E40: ac15-plain | I40: sovereignty | J40: 0.1734 | N40: 0.1734
B41: 12 | C41: mathematics_computer_science_engineering | D41: 0.1602 | E41: ac15-plain | I41: truth_and_fact | J41: 0.1 | K41: 0.1 | L41: 0.1 | M41: 0.1 | N41: 0.4
B42: 12 | C42: imagination_and_possibility | D42: 0.1579 | E42: ac15-plain | H42: 2 | I42: affective_interface | J42: 0.1768 | K42: 0.1658 | L42: 0.1775 | M42: 0.165 | N42: 0.6851
B43: 12 | C43: truth_and_fact | D43: 0.1 | E43: ac15-plain | I43: identity | K43: 0.1822 | L43: 0.1824 | N43: 0.3646
B44: 14 | C44: practicality_and_feasibility | D44: 0.2059 | E44: ac15-plain | I44: imagination_and_possibility | J44: 0.1621 | K44: 0.1663 | L44: 0.1678 | M44: 0.1767 | N44: 0.6729
B45: 14 | C45: sovereignty | D45: 0.1897 | E45: ac15-plain | I45: mathematics_computer_science_engineering | J45: 0.1692 | L45: 0.1632 | M45: 0.1772 | N45: 0.5096
B46: 14 | C46: metaphorical_scaffolding | D46: 0.1709 | E46: ac15-plain | I46: metaphorical_scaffolding | K46: 0.1713 | M46: 0.1647 | N46: 0.336
B47: 14 | C47: imagination_and_possibility | D47: 0.1688 | E47: ac15-plain | I47: practicality_and_feasibility | J47: 0.2205 | K47: 0.2144 | L47: 0.2092 | M47: 0.2164 | N47: 0.8605
B48: 14 | C48: freedom_and_limitations | D48: 0.1647 | E48: ac15-plain | I48: sovereignty | J48: 0.1714 | N48: 0.1714
B49: 14 | C49: truth_and_fact | D49: 0.1 | E49: ac15-plain | I49: truth_and_fact | J49: 0.1 | K49: 0.1 | L49: 0.1 | M49: 0.1 | N49: 0.4
B50: 16 | C50: practicality_and_feasibility | D50: 0.1926 | E50: ac15-plain | H50: 4 | I50: affective_interface | J50: 0.1794 | K50: 0.1693 | L50: 0.1774 | M50: 0.1705 | N50: 0.6966
B51: 16 | C51: sovereignty | D51: 0.188 | E51: ac15-plain | I51: identity | J51: 0.1859 | K51: 0.2066 | L51: 0.1706 | N51: 0.5631
B52: 16 | C52: affective_interface | D52: 0.1788 | E52: ac15-plain | I52: imagination_and_possibility | J52: 0.1603 | K52: 0.1594 | L52: 0.1743 | M52: 0.1736 | N52: 0.6676
B53: 16 | C53: identity | D53: 0.1706 | E53: ac15-plain | I53: mathematics_computer_science_engineering | M53: 0.1579 | N53: 0.1579
B54: 16 | C54: freedom_and_limitations | D54: 0.17 | E54: ac15-plain | I54: practicality_and_feasibility | J54: 0.1959 | K54: 0.1769 | L54: 0.1922 | M54: 0.2034 | N54: 0.7684
B55: 16 | C55: truth_and_fact | D55: 0.1 | E55: ac15-plain | I55: sovereignty | J55: 0.1785 | K55: 0.1879 | L55: 0.1855 | M55: 0.1946 | N55: 0.7465
B56: 18 | C56: practicality_and_feasibility | D56: 0.1907 | E56: ac15-plain | I56: truth_and_fact | J56: 0.1 | K56: 0.1 | L56: 0.1 | M56: 0.1 | N56: 0.4
B57: 18 | C57: affective_interface | D57: 0.1832 | E57: ac15-plain | H57: 6 | I57: affective_interface | J57: 0.1664 | L57: 0.1648 | M57: 0.1729 | N57: 0.5041
B58: 18 | C58: sovereignty | D58: 0.1773 | E58: ac15-plain | I58: context_dependent_expression | K58: 0.1654 | N58: 0.1654
B59: 18 | C59: imagination_and_possibility | D59: 0.1763 | E59: ac15-plain | I59: identity | J59: 0.189 | K59: 0.2022 | L59: 0.2083 | M59: 0.1748 | N59: 0.7743
B60: 18 | C60: metaphorical_scaffolding | D60: 0.1725 | E60: ac15-plain | I60: imagination_and_possibility | J60: 0.1707 | K60: 0.1713 | L60: 0.1742 | M60: 0.1775 | N60: 0.6937
B61: 18 | C61: truth_and_fact | D61: 0.1 | E61: ac15-plain | I61: mathematics_computer_science_engineering | L61: 0.165 | M61: 0.1792 | N61: 0.3442
B62: 20 | C62: practicality_and_feasibility | D62: 0.2191 | E62: ac15-plain | I62: practicality_and_feasibility | J62: 0.1934 | K62: 0.1992 | L62: 0.1877 | M62: 0.1956 | N62: 0.7759
B63: 20 | C63: sovereignty | D63: 0.1788 | E63: ac15-plain | I63: sovereignty | J63: 0.1805 | K63: 0.1619 | N63: 0.3424
B64: 20 | C64: mathematics_computer_science_engineering | D64: 0.1731 | E64: ac15-plain | I64: truth_and_fact | J64: 0.1 | K64: 0.1 | L64: 0.1 | M64: 0.1 | N64: 0.4
B65: 20 | C65: freedom_and_limitations | D65: 0.1714 | E65: ac15-plain | H65: 8 | I65: freedom_and_limitations | J65: 0.1626 | K65: 0.1652 | M65: 0.1645 | N65: 0.4923
B66: 20 | C66: imagination_and_possibility | D66: 0.1576 | E66: ac15-plain | I66: identity | K66: 0.1653 | L66: 0.1656 | N66: 0.3309
B67: 20 | C67: truth_and_fact | D67: 0.1 | E67: ac15-plain | I67: imagination_and_possibility | J67: 0.1725 | K67: 0.1729 | L67: 0.1637 | M67: 0.1708 | N67: 0.6799
B68: 22 | C68: practicality_and_feasibility | D68: 0.2395 | E68: ac15-plain | I68: mathematics_computer_science_engineering | J68: 0.1666 | K68: 0.1696 | L68: 0.1705 | M68: 0.1777 | N68: 0.6844
B69: 22 | C69: mathematics_computer_science_engineering | D69: 0.1824 | E69: ac15-plain | I69: metaphorical_scaffolding | L69: 0.155 | N69: 0.155
B70: 22 | C70: sovereignty | D70: 0.1621 | E70: ac15-plain | I70: practicality_and_feasibility | J70: 0.2338 | K70: 0.2271 | L70: 0.2452 | M70: 0.2239 | N70: 0.93
B71: 22 | C71: imagination_and_possibility | D71: 0.1617 | E71: ac15-plain | I71: science | M71: 0.163 | N71: 0.163
B72: 22 | C72: temporal_dynamics | D72: 0.1543 | E72: ac15-plain | I72: sovereignty | J72: 0.1646 | N72: 0.1646
B73: 22 | C73: truth_and_fact | D73: 0.1 | E73: ac15-plain | I73: truth_and_fact | J73: 0.1 | K73: 0.1 | L73: 0.1 | M73: 0.1 | N73: 0.4
B74: 24 | C74: practicality_and_feasibility | D74: 0.2287 | E74: ac15-plain | H74: 10 | I74: affective_interface | J74: 0.1661 | L74: 0.1747 | M74: 0.1726 | N74: 0.5134
B75: 24 | C75: sovereignty | D75: 0.1728 | E75: ac15-plain | I75: identity | K75: 0.1831 | L75: 0.1728 | N75: 0.3559
B76: 24 | C76: mathematics_computer_science_engineering | D76: 0.1716 | E76: ac15-plain | I76: imagination_and_possibility | K76: 0.1701 | N76: 0.1701
B77: 24 | C77: imagination_and_possibility | D77: 0.1682 | E77: ac15-plain | I77: mathematics_computer_science_engineering | J77: 0.1751 | K77: 0.1684 | M77: 0.1819 | N77: 0.5254
B78: 24 | C78: metaphorical_scaffolding | D78: 0.1587 | E78: ac15-plain | I78: metaphorical_scaffolding | J78: 0.1651 | L78: 0.1752 | N78: 0.3403
B79: 24 | C79: truth_and_fact | D79: 0.1 | E79: ac15-plain | I79: practicality_and_feasibility | J79: 0.2116 | K79: 0.2067 | L79: 0.2052 | M79: 0.2186 | N79: 0.8421
B80: 26 | C80: practicality_and_feasibility | D80: 0.219 | E80: ac15-plain | I80: science | M80: 0.1673 | N80: 0.1673
B81: 26 | C81: freedom_and_limitations | D81: 0.1764 | E81: ac15-plain | I81: sovereignty | J81: 0.1821 | M81: 0.1596 | N81: 0.3417
B82: 26 | C82: temporal_dynamics | D82: 0.1738 | E82: ac15-plain | I82: temporal_dynamics | K82: 0.1717 | L82: 0.1721 | N82: 0.3438
B83: 26 | C83: sovereignty | D83: 0.1703 | E83: ac15-plain | I83: truth_and_fact | J83: 0.1 | K83: 0.1 | L83: 0.1 | M83: 0.1 | N83: 0.4
B84: 26 | C84: imagination_and_possibility | D84: 0.1605 | E84: ac15-plain | H84: 12 | I84: affective_interface | L84: 0.1647 | M84: 0.1755 | N84: 0.3402
B85: 26 | C85: truth_and_fact | D85: 0.1 | E85: ac15-plain | I85: freedom_and_limitations | J85: 0.164 | K85: 0.1751 | N85: 0.3391
B86: 28 | C86: practicality_and_feasibility | D86: 0.215 | E86: ac15-plain | I86: imagination_and_possibility | J86: 0.1579 | K86: 0.1657 | M86: 0.1722 | N86: 0.4958
B87: 28 | C87: freedom_and_limitations | D87: 0.1978 | E87: ac15-plain | I87: mathematics_computer_science_engineering | J87: 0.1602 | L87: 0.178 | M87: 0.1755 | N87: 0.5137
B88: 28 | C88: imagination_and_possibility | D88: 0.1679 | E88: ac15-plain | I88: practicality_and_feasibility | J88: 0.2297 | K88: 0.222 | L88: 0.21 | M88: 0.2105 | N88: 0.8722
B89: 28 | C89: sovereignty | D89: 0.167 | E89: ac15-plain | I89: sovereignty | J89: 0.1882 | K89: 0.1699 | L89: 0.1772 | M89: 0.1663 | N89: 0.7016
B90: 28 | C90: metaphorical_scaffolding | D90: 0.1523 | E90: ac15-plain | I90: temporal_dynamics | K90: 0.1673 | L90: 0.1701 | N90: 0.3374
B91: 28 | C91: truth_and_fact | D91: 0.1 | E91: ac15-plain | I91: truth_and_fact | J91: 0.1 | K91: 0.1 | L91: 0.1 | M91: 0.1 | N91: 0.4
B92: 30 | C92: practicality_and_feasibility | D92: 0.2041 | E92: ac15-plain | H92: 14 | I92: freedom_and_limitations | J92: 0.1647 | K92: 0.1741 | M92: 0.1712 | N92: 0.51
B93: 30 | C93: sovereignty | D93: 0.1848 | E93: ac15-plain | I93: identity | K93: 0.168 | L93: 0.1789 | N93: 0.3469
B94: 30 | C94: imagination_and_possibility | D94: 0.1806 | E94: ac15-plain | I94: imagination_and_possibility | J94: 0.1688 | K94: 0.1663 | L94: 0.1696 | M94: 0.1772 | N94: 0.6819
B95: 30 | C95: freedom_and_limitations | D95: 0.1702 | E95: ac15-plain | I95: mathematics_computer_science_engineering | M95: 0.1808 | N95: 0.1808
B96: 30 | C96: temporal_dynamics | D96: 0.1602 | E96: ac15-plain | I96: metaphorical_scaffolding | J96: 0.1709 | K96: 0.1824 | L96: 0.1875 | M96: 0.1726 | N96: 0.7134
B97: 30 | C97: truth_and_fact | D97: 0.1 | E97: ac15-plain | I97: practicality_and_feasibility | J97: 0.2059 | K97: 0.2092 | L97: 0.194 | M97: 0.1983 | N97: 0.8074
B98: 32 | C98: practicality_and_feasibility | D98: 0.2308 | E98: ac15-plain | I98: sovereignty | J98: 0.1897 | L98: 0.1701 | N98: 0.3598
B99: 32 | C99: sovereignty | D99: 0.1793 | E99: ac15-plain | I99: truth_and_fact | J99: 0.1 | K99: 0.1 | L99: 0.1 | M99: 0.1 | N99: 0.4
B100: 32 | C100: imagination_and_possibility | D100: 0.1703 | E100: ac15-plain | H100: 16 | I100: affective_interface | J100: 0.1788 | K100: 0.1737 | L100: 0.1796 | N100: 0.5321
B101: 32 | C101: mathematics_computer_science_engineering | D101: 0.1604 | E101: ac15-plain | I101: freedom_and_limitations | J101: 0.17 | K101: 0.176 | L101: 0.1692 | N101: 0.5152
B102: 32 | C102: affective_interface | D102: 0.1592 | E102: ac15-plain | I102: identity | J102: 0.1706 | K102: 0.193 | L102: 0.1916 | M102: 0.1768 | N102: 0.732
B103: 32 | C103: truth_and_fact | D103: 0.1 | E103: ac15-plain | I103: imagination_and_possibility | K103: 0.1759 | N103: 0.1759
B104: 34 | C104: practicality_and_feasibility | D104: 0.2101 | E104: ac15-plain | I104: mathematics_computer_science_engineering | M104: 0.18 | N104: 0.18
B105: 34 | C105: sovereignty | D105: 0.1908 | E105: ac15-plain | I105: practicality_and_feasibility | J105: 0.1926 | K105: 0.1814 | L105: 0.1782 | M105: 0.1898 | N105: 0.742
B106: 34 | C106: affective_interface | D106: 0.1724 | E106: ac15-plain | I106: sovereignty | J106: 0.188 | L106: 0.1814 | M106: 0.1785 | N106: 0.5479
B107: 34 | C107: imagination_and_possibility | D107: 0.1678 | E107: ac15-plain | I107: temporal_dynamics | M107: 0.1749 | N107: 0.1749
B108: 34 | C108: temporal_dynamics | D108: 0.159 | E108: ac15-plain | I108: truth_and_fact | J108: 0.1 | K108: 0.1 | L108: 0.1 | M108: 0.1 | N108: 0.4
B109: 34 | C109: truth_and_fact | D109: 0.1 | E109: ac15-plain | H109: 18 | I109: affective_interface | J109: 0.1832 | L109: 0.1752 | M109: 0.1743 | N109: 0.5327
B110: 36 | C110: affective_interface | D110: 0.1911 | E110: ac15-plain | I110: identity | K110: 0.1871 | L110: 0.1835 | M110: 0.1733 | N110: 0.5439
B111: 36 | C111: practicality_and_feasibility | D111: 0.1867 | E111: ac15-plain | I111: imagination_and_possibility | J111: 0.1763 | K111: 0.1808 | L111: 0.1783 | M111: 0.1715 | N111: 0.7069
B112: 36 | C112: sovereignty | D112: 0.18 | E112: ac15-plain | I112: mathematics_computer_science_engineering | K112: 0.1756 | L112: 0.1753 | M112: 0.1834 | N112: 0.5343
...
