Workbook

Sheet sims_per_turn_scen6
A2: Turn | B2: ac15p | C2: hybrid | D2: hybsem | E2: ac15 | F2: control | I2: ANOVA - Single Factor
A3: 1 | B3: 0.79000575 | C3: 0.8189473 | D3: 0.78516876 | E3: 0.82327274 | F3: 0.75451957 | I3: Alpha | J3: 0.05
A4: 2 | B4: 0.6817351 | C4: 0.72667505 | D4: 0.70344439 | E4: 0.64219932 | F4: 0.58315782
A5: 3 | B5: 0.73659154 | C5: 0.75382376 | D5: 0.73539986 | E5: 0.72456003 | F5: 0.61890492 | I5: Groups | J5: Count | K5: Sum | L5: Mean | M5: Variance
A6: 4 | B6: 0.65821229 | C6: 0.69468916 | D6: 0.69729745 | E6: 0.70833619 | F6: 0.74737712 | I6: Column 1 | J6: =COUNT(sims_per_turn_scen6!$B$2:$B$27) -> 25 | K6: =SUM(sims_per_turn_scen6!$B$2:$B$27) -> 18.201412 | L6: =AVERAGE(sims_per_turn_scen6!$B$2:$B$27) -> 0.72805647 | M6: =VAR(sims_per_turn_scen6!$B$2:$B$27) -> 0.0037347451
A7: 5 | B7: 0.74318489 | C7: 0.75031898 | D7: 0.71322313 | E7: 0.69762049 | F7: 0.54898023 | I7: Column 2 | J7: =COUNT(sims_per_turn_scen6!$C$2:$C$27) -> 25 | K7: =SUM(sims_per_turn_scen6!$C$2:$C$27) -> 18.400771 | L7: =AVERAGE(sims_per_turn_scen6!$C$2:$C$27) -> 0.73603082 | M7: =VAR(sims_per_turn_scen6!$C$2:$C$27) -> 0.0029897442
A8: 6 | B8: 0.7383633 | C8: 0.79289751 | D8: 0.76734743 | E8: 0.75727629 | F8: 0.63269023 | I8: Column 3 | J8: =COUNT(sims_per_turn_scen6!$D$2:$D$27) -> 25 | K8: =SUM(sims_per_turn_scen6!$D$2:$D$27) -> 18.007959 | L8: =AVERAGE(sims_per_turn_scen6!$D$2:$D$27) -> 0.72031836 | M8: =VAR(sims_per_turn_scen6!$D$2:$D$27) -> 0.0032534829
A9: 7 | B9: 0.80270938 | C9: 0.74071706 | D9: 0.74121447 | E9: 0.7584497 | F9: 0.70178677 | I9: Column 4 | J9: =COUNT(sims_per_turn_scen6!$E$2:$E$27) -> 25 | K9: =SUM(sims_per_turn_scen6!$E$2:$E$27) -> 18.12056 | L9: =AVERAGE(sims_per_turn_scen6!$E$2:$E$27) -> 0.72482238 | M9: =VAR(sims_per_turn_scen6!$E$2:$E$27) -> 0.0027128713
A10: 8 | B10: 0.76713782 | C10: 0.70151887 | D10: 0.7026918 | E10: 0.70527533 | F10: 0.58456232 | I10: Column 5 | J10: =COUNT(sims_per_turn_scen6!$F$2:$F$27) -> 25 | K10: =SUM(sims_per_turn_scen6!$F$2:$F$27) -> 15.876389 | L10: =AVERAGE(sims_per_turn_scen6!$F$2:$F$27) -> 0.63505555 | M10: =VAR(sims_per_turn_scen6!$F$2:$F$27) -> 0.0049827267
A11: 9 | B11: 0.65520384 | C11: 0.67940884 | D11: 0.67641093 | E11: 0.63811046 | F11: 0.63553024
A12: 10 | B12: 0.70090518 | C12: 0.69382834 | D12: 0.71515554 | E12: 0.71891692 | F12: 0.69186078 | I12: Source of Variation | J12: SS | K12: df | L12: MS | M12: F | N12: P-value | O12: F critical
A13: 11 | B13: 0.71962924 | C13: 0.71401509 | D13: 0.72491699 | E13: 0.76091064 | F13: 0.74687441 | I13: Between Groups | J13: =SUMPRODUCT(sims_per_turn_scen6!$K$6:$K$10,sims_per_turn_scen6!$L$6:$L$10)-SUM(sims_per_turn_scen6!$K$6:$K$10)^2/SUM(sims_per_turn_scen6!$J$6:$J$10) -> 0.17349867 | K13: =COUNT(sims_per_turn_scen6!$K$6:$K$10)-1 -> 4 | L13: =sims_per_turn_scen6!$J$13 / sims_per_turn_scen6!$K$13 -> 0.043374668 | M13: =sims_per_turn_scen6!$L$13 / sims_per_turn_scen6!$L$14 -> 12.271054 | N13: =FDIST(sims_per_turn_scen6!$M$13, sims_per_turn_scen6!$K$13, sims_per_turn_scen6!$K$14) -> 2.1375935e-08 | O13: =FINV(sims_per_turn_scen6!$J$3, sims_per_turn_scen6!$K$13, sims_per_turn_scen6!$K$14) -> 2.4472365
A14: 12 | B14: 0.83162141 | C14: 0.82935334 | D14: 0.84477335 | E14: 0.8127806 | F14: 0.64610334 | I14: Within Groups | J14: =SUM(DEVSQ(sims_per_turn_scen6!$B$2:$B$27),DEVSQ(sims_per_turn_scen6!$C$2:$C$27),DEVSQ(sims_per_turn_scen6!$D$2:$D$27),DEVSQ(sims_per_turn_scen6!$E$2:$E$27),DEVSQ(sims_per_turn_scen6!$F$2:$F$27)) -> 0.42416568 | K14: =SUM(sims_per_turn_scen6!$J$6:$J$10)-COUNT(sims_per_turn_scen6!$J$6:$J$10) -> 120 | L14: =sims_per_turn_scen6!$J$14 / sims_per_turn_scen6!$K$14 -> 0.003534714
A15: 13 | B15: 0.7095195 | C15: 0.74133511 | D15: 0.67077129 | E15: 0.72140757 | F15: 0.71426745 | I15: Total | J15: =DEVSQ(sims_per_turn_scen6!$B$2:$B$27,sims_per_turn_scen6!$C$2:$C$27,sims_per_turn_scen6!$D$2:$D$27,sims_per_turn_scen6!$E$2:$E$27,sims_per_turn_scen6!$F$2:$F$27) -> 0.59766436 | K15: =SUM(sims_per_turn_scen6!$J$6:$J$10) - 1 -> 124
A16: 14 | B16: 0.75258804 | C16: 0.77755869 | D16: 0.74919935 | E16: 0.76471606 | F16: 0.64598849
A17: 15 | B17: 0.74255587 | C17: 0.76965524 | D17: 0.7103344 | E17: 0.71175796 | F17: 0.55912558
A18: 16 | B18: 0.62660019 | C18: 0.69268523 | D18: 0.65823366 | E18: 0.63640913 | F18: 0.66444414
A19: 17 | B19: 0.81814248 | C19: 0.80578727 | D19: 0.82153301 | E19: 0.76068461 | F19: 0.68292872
A20: 18 | B20: 0.64796342 | C20: 0.63109379 | D20: 0.65400156 | E20: 0.68944451 | F20: 0.60902978
A21: 19 | B21: 0.64384174 | C21: 0.69026916 | D21: 0.59076887 | E21: 0.69990755 | F21: 0.62513635
A22: 20 | B22: 0.65454773 | C22: 0.69704907 | D22: 0.71658496 | E22: 0.72147067 | F22: 0.62889699
A23: 21 | B23: 0.73727979 | C23: 0.69517695 | D23: 0.66973956 | E23: 0.69401911 | F23: 0.49049501
A24: 22 | B24: 0.741791 | C24: 0.7579538 | D24: 0.73555551 | E24: 0.75579758 | F24: 0.55121839
A25: 23 | B25: 0.72032451 | C25: 0.66315081 | D25: 0.70593758 | E25: 0.65088531 | F25: 0.64465959
A26: 24 | B26: 0.85301227 | C26: 0.84656935 | D26: 0.82105372 | E26: 0.81031859 | F26: 0.65498089
A27: 25 | B27: 0.72794547 | C27: 0.7362928 | D27: 0.69720151 | E27: 0.75603222 | F27: 0.51286959
B44: per turn, prompt-response deltas
A46: Turn | B46: hybsem | C46: hybrid | D46: Delta=hybrid-hybsem | E46: ABS delta | F46: Mean difference | G46: std delta | I46: Paired t-test
A47: 1 | B47: 0.78516876 | C47: 0.8189473 | D47: =C47-B47 -> 0.033778537 | E47: =ABS(D47) -> 0.033778537 | F47: =AVERAGE(D47:D71) -> 0.01571246 | G47: =_xlfn.STDEV.S(D47:D71) -> 0.032537491 | I47: Alpha | J47: 0.05
A48: 2 | B48: 0.70344439 | C48: 0.72667505 | D48: =C48-B48 -> 0.023230667 | E48: =ABS(D48) -> 0.023230667 | I48: Hypothesized Mean Difference | J48: 0
A49: 3 | B49: 0.73539986 | C49: 0.75382376 | D49: =C49-B49 -> 0.018423907 | E49: =ABS(D49) -> 0.018423907 | J49: Variable 1 | K49: Variable 2
A50: 4 | B50: 0.69729745 | C50: 0.69468916 | D50: =C50-B50 -> -0.0026082933 | E50: =ABS(D50) -> 0.0026082933 | I50: Mean | J50: =AVERAGE(sims_per_turn_scen6!$B$46:$B$71) -> 0.72031836 | K50: =AVERAGE(sims_per_turn_scen6!$C$46:$C$71) -> 0.73603082
A51: 5 | B51: 0.71322313 | C51: 0.75031898 | D51: =C51-B51 -> 0.037095847 | E51: =ABS(D51) -> 0.037095847 | I51: Variance | J51: =VAR(sims_per_turn_scen6!$B$46:$B$71) -> 0.0032534829 | K51: =VAR(sims_per_turn_scen6!$C$46:$C$71) -> 0.0029897442
A52: 6 | B52: 0.76734743 | C52: 0.79289751 | D52: =C52-B52 -> 0.025550077 | E52: =ABS(D52) -> 0.025550077 | I52: Observations | J52: =COUNT(sims_per_turn_scen6!$B$46:$B$71) -> 25 | K52: =COUNT(sims_per_turn_scen6!$C$46:$C$71) -> 25
A53: 7 | B53: 0.74121447 | C53: 0.74071706 | D53: =C53-B53 -> -0.00049741077 | E53: =ABS(D53) -> 0.00049741077 | I53: Pearson Correlation | J53: =CORREL(sims_per_turn_scen6!$B$46:$B$71,sims_per_turn_scen6!$C$46:$C$71) -> 0.83116807
A54: 8 | B54: 0.7026918 | C54: 0.70151887 | D54: =C54-B54 -> -0.0011729386 | E54: =ABS(D54) -> 0.0011729386 | I54: Observed Mean Difference | J54: {=AVERAGE(IF(ISODD(IF(ISNUMBER(sims_per_turn_scen6!$B$46:$B$71), 1, 0) * IF(ISNUMBER(sims_per_turn_scen6!$C$46:$C$71), 1, 0)), sims_per_turn_scen6!$B$46:$B$71 - sims_per_turn_scen6!$C$46:$C$71, "NA"))} -> -0.01571246
A55: 9 | B55: 0.67641093 | C55: 0.67940884 | D55: =C55-B55 -> 0.0029979126 | E55: =ABS(D55) -> 0.0029979126 | I55: Variance of the Differences | J55: {=VAR(IF(ISODD(IF(ISNUMBER(sims_per_turn_scen6!$B$46:$B$71), 1, 0) * IF(ISNUMBER(sims_per_turn_scen6!$C$46:$C$71), 1, 0)), sims_per_turn_scen6!$B$46:$B$71 - sims_per_turn_scen6!$C$46:$C$71, "NA"))} -> 0.0010586883
A56: 10 | B56: 0.71515554 | C56: 0.69382834 | D56: =C56-B56 -> -0.021327201 | E56: =ABS(D56) -> 0.021327201 | I56: df | J56: {=SUM(IF(ISNUMBER(sims_per_turn_scen6!$B$46:$B$71), 1, 0) * IF(ISNUMBER(sims_per_turn_scen6!$C$46:$C$71), 1, 0)) - 1} -> 24
A57: 11 | B57: 0.72491699 | C57: 0.71401509 | D57: =C57-B57 -> -0.010901901 | E57: =ABS(D57) -> 0.010901901 | I57: t Stat | J57: =(sims_per_turn_scen6!$J$54 - sims_per_turn_scen6!$J$48) / (sims_per_turn_scen6!$J$55 / ( sims_per_turn_scen6!$J$56 + 1)) ^ 0.5 -> -2.4145162
A58: 12 | B58: 0.84477335 | C58: 0.82935334 | D58: =C58-B58 -> -0.015420017 | E58: =ABS(D58) -> 0.015420017 | I58: P (T<=t) one-tail | J58: =TDIST(ABS(sims_per_turn_scen6!$J$57), sims_per_turn_scen6!$J$56, 1) -> 0.011871129
A59: 13 | B59: 0.67077129 | C59: 0.74133511 | D59: =C59-B59 -> 0.070563828 | E59: =ABS(D59) -> 0.070563828 | I59: t Critical one-tail | J59: =TINV(2*sims_per_turn_scen6!$J$47, sims_per_turn_scen6!$J$56) -> 1.7108821
A60: 14 | B60: 0.74919935 | C60: 0.77755869 | D60: =C60-B60 -> 0.028359346 | E60: =ABS(D60) -> 0.028359346 | I60: P (T<=t) two-tail | J60: =TDIST(ABS(sims_per_turn_scen6!$J$57), sims_per_turn_scen6!$J$56, 2) -> 0.023742258
A61: 15 | B61: 0.7103344 | C61: 0.76965524 | D61: =C61-B61 -> 0.059320833 | E61: =ABS(D61) -> 0.059320833 | I61: t Critical two-tail | J61: =TINV(sims_per_turn_scen6!$J$47, sims_per_turn_scen6!$J$56) -> 2.0638986
A62: 16 | B62: 0.65823366 | C62: 0.69268523 | D62: =C62-B62 -> 0.034451577 | E62: =ABS(D62) -> 0.034451577
A63: 17 | B63: 0.82153301 | C63: 0.80578727 | D63: =C63-B63 -> -0.015745741 | E63: =ABS(D63) -> 0.015745741
A64: 18 | B64: 0.65400156 | C64: 0.63109379 | D64: =C64-B64 -> -0.022907769 | E64: =ABS(D64) -> 0.022907769
A65: 19 | B65: 0.59076887 | C65: 0.69026916 | D65: =C65-B65 -> 0.099500295 | E65: =ABS(D65) -> 0.099500295
A66: 20 | B66: 0.71658496 | C66: 0.69704907 | D66: =C66-B66 -> -0.019535899 | E66: =ABS(D66) -> 0.019535899
A67: 21 | B67: 0.66973956 | C67: 0.69517695 | D67: =C67-B67 -> 0.0254374 | E67: =ABS(D67) -> 0.0254374
A68: 22 | B68: 0.73555551 | C68: 0.7579538 | D68: =C68-B68 -> 0.022398298 | E68: =ABS(D68) -> 0.022398298
A69: 23 | B69: 0.70593758 | C69: 0.66315081 | D69: =C69-B69 -> -0.042786763 | E69: =ABS(D69) -> 0.042786763
A70: 24 | B70: 0.82105372 | C70: 0.84656935 | D70: =C70-B70 -> 0.025515627 | E70: =ABS(D70) -> 0.025515627
A71: 25 | B71: 0.69720151 | C71: 0.7362928 | D71: =C71-B71 -> 0.039091287 | E71: =ABS(D71) -> 0.039091287
A74: Turn | B74: ac15p | C74: ac15 | D74: Delta=ac15-ac15p | E74: ABS delta | F74: Mean difference | G74: std delta | I74: Paired t-test
A75: 1 | B75: 0.79000575 | C75: 0.82327274 | D75: =C75-B75 -> 0.033266995 | E75: =ABS(D75) -> 0.033266995 | F75: =AVERAGE(D75:D99) -> -0.0032340871 | G75: =_xlfn.STDEV.S(D75:D99) -> 0.04053767 | I75: Alpha | J75: 0.05
A76: 2 | B76: 0.6817351 | C76: 0.64219932 | D76: =C76-B76 -> -0.039535782 | E76: =ABS(D76) -> 0.039535782 | I76: Hypothesized Mean Difference | J76: 0
A77: 3 | B77: 0.73659154 | C77: 0.72456003 | D77: =C77-B77 -> -0.012031513 | E77: =ABS(D77) -> 0.012031513 | J77: Variable 1 | K77: Variable 2
A78: 4 | B78: 0.65821229 | C78: 0.70833619 | D78: =C78-B78 -> 0.050123894 | E78: =ABS(D78) -> 0.050123894 | I78: Mean | J78: =AVERAGE(sims_per_turn_scen6!$B$74:$B$99) -> 0.72805647 | K78: =AVERAGE(sims_per_turn_scen6!$C$74:$C$99) -> 0.72482238
A79: 5 | B79: 0.74318489 | C79: 0.69762049 | D79: =C79-B79 -> -0.045564406 | E79: =ABS(D79) -> 0.045564406 | I79: Variance | J79: =VAR(sims_per_turn_scen6!$B$74:$B$99) -> 0.0037347451 | K79: =VAR(sims_per_turn_scen6!$C$74:$C$99) -> 0.0027128713
A80: 6 | B80: 0.7383633 | C80: 0.75727629 | D80: =C80-B80 -> 0.018912991 | E80: =ABS(D80) -> 0.018912991 | I80: Observations | J80: =COUNT(sims_per_turn_scen6!$B$74:$B$99) -> 25 | K80: =COUNT(sims_per_turn_scen6!$C$74:$C$99) -> 25
A81: 7 | B81: 0.80270938 | C81: 0.7584497 | D81: =C81-B81 -> -0.044259679 | E81: =ABS(D81) -> 0.044259679 | I81: Pearson Correlation | J81: =CORREL(sims_per_turn_scen6!$B$74:$B$99,sims_per_turn_scen6!$C$74:$C$99) -> 0.75466861
A82: 8 | B82: 0.76713782 | C82: 0.70527533 | D82: =C82-B82 -> -0.061862495 | E82: =ABS(D82) -> 0.061862495 | I82: Observed Mean Difference | J82: {=AVERAGE(IF(ISODD(IF(ISNUMBER(sims_per_turn_scen6!$B$74:$B$99), 1, 0) * IF(ISNUMBER(sims_per_turn_scen6!$C$74:$C$99), 1, 0)), sims_per_turn_scen6!$B$74:$B$99 - sims_per_turn_scen6!$C$74:$C$99, "NA"))} -> 0.0032340871
A83: 9 | B83: 0.65520384 | C83: 0.63811046 | D83: =C83-B83 -> -0.017093385 | E83: =ABS(D83) -> 0.017093385 | I83: Variance of the Differences | J83: {=VAR(IF(ISODD(IF(ISNUMBER(sims_per_turn_scen6!$B$74:$B$99), 1, 0) * IF(ISNUMBER(sims_per_turn_scen6!$C$74:$C$99), 1, 0)), sims_per_turn_scen6!$B$74:$B$99 - sims_per_turn_scen6!$C$74:$C$99, "NA"))} -> 0.0016433027
A84: 10 | B84: 0.70090518 | C84: 0.71891692 | D84: =C84-B84 -> 0.018011737 | E84: =ABS(D84) -> 0.018011737 | I84: df | J84: {=SUM(IF(ISNUMBER(sims_per_turn_scen6!$B$74:$B$99), 1, 0) * IF(ISNUMBER(sims_per_turn_scen6!$C$74:$C$99), 1, 0)) - 1} -> 24
A85: 11 | B85: 0.71962924 | C85: 0.76091064 | D85: =C85-B85 -> 0.041281409 | E85: =ABS(D85) -> 0.041281409 | I85: t Stat | J85: =(sims_per_turn_scen6!$J$82 - sims_per_turn_scen6!$J$76) / (sims_per_turn_scen6!$J$83 / ( sims_per_turn_scen6!$J$84 + 1)) ^ 0.5 -> 0.39889899
A86: 12 | B86: 0.83162141 | C86: 0.8127806 | D86: =C86-B86 -> -0.018840807 | E86: =ABS(D86) -> 0.018840807 | I86: P (T<=t) one-tail | J86: =TDIST(ABS(sims_per_turn_scen6!$J$85), sims_per_turn_scen6!$J$84, 1) -> 0.34674738
A87: 13 | B87: 0.7095195 | C87: 0.72140757 | D87: =C87-B87 -> 0.01188807 | E87: =ABS(D87) -> 0.01188807 | I87: t Critical one-tail | J87: =TINV(2*sims_per_turn_scen6!$J$75, sims_per_turn_scen6!$J$84) -> 1.7108821
A88: 14 | B88: 0.75258804 | C88: 0.76471606 | D88: =C88-B88 -> 0.012128019 | E88: =ABS(D88) -> 0.012128019 | I88: P (T<=t) two-tail | J88: =TDIST(ABS(sims_per_turn_scen6!$J$85), sims_per_turn_scen6!$J$84, 2) -> 0.69349476
A89: 15 | B89: 0.74255587 | C89: 0.71175796 | D89: =C89-B89 -> -0.030797909 | E89: =ABS(D89) -> 0.030797909 | I89: t Critical two-tail | J89: =TINV(sims_per_turn_scen6!$J$75, sims_per_turn_scen6!$J$84) -> 2.0638986
A90: 16 | B90: 0.62660019 | C90: 0.63640913 | D90: =C90-B90 -> 0.0098089417 | E90: =ABS(D90) -> 0.0098089417
A91: 17 | B91: 0.81814248 | C91: 0.76068461 | D91: =C91-B91 -> -0.057457866 | E91: =ABS(D91) -> 0.057457866
A92: 18 | B92: 0.64796342 | C92: 0.68944451 | D92: =C92-B92 -> 0.04148109 | E92: =ABS(D92) -> 0.04148109
A93: 19 | B93: 0.64384174 | C93: 0.69990755 | D93: =C93-B93 -> 0.056065812 | E93: =ABS(D93) -> 0.056065812
A94: 20 | B94: 0.65454773 | C94: 0.72147067 | D94: =C94-B94 -> 0.066922936 | E94: =ABS(D94) -> 0.066922936
A95: 21 | B95: 0.73727979 | C95: 0.69401911 | D95: =C95-B95 -> -0.043260686 | E95: =ABS(D95) -> 0.043260686
A96: 22 | B96: 0.741791 | C96: 0.75579758 | D96: =C96-B96 -> 0.014006581 | E96: =ABS(D96) -> 0.014006581
A97: 23 | B97: 0.72032451 | C97: 0.65088531 | D97: =C97-B97 -> -0.069439197 | E97: =ABS(D97) -> 0.069439197
A98: 24 | B98: 0.85301227 | C98: 0.81031859 | D98: =C98-B98 -> -0.042693683 | E98: =ABS(D98) -> 0.042693683
A99: 25 | B99: 0.72794547 | C99: 0.75603222 | D99: =C99-B99 -> 0.028086755 | E99: =ABS(D99) -> 0.028086755
A102: Turn | B102: ac15p | C102: hybrid | D102: Delta=hybrid-ac15p | E102: ABS delta | F102: Mean difference | G102: std delta | I102: Paired t-test
A103: 1 | B103: 0.79000575 | C103: 0.8189473 | D103: =C103-B103 -> 0.028941549 | E103: =ABS(D103) -> 0.028941549 | F103: =AVERAGE(D103:D127) -> 0.0079743531 | G103: =_xlfn.STDEV.S(D103:D127) -> 0.036108487 | I103: Alpha | J103: 0.05
A104: 2 | B104: 0.6817351 | C104: 0.72667505 | D104: =C104-B104 -> 0.044939955 | E104: =ABS(D104) -> 0.044939955 | I104: Hypothesized Mean Difference | J104: 0
A105: 3 | B105: 0.73659154 | C105: 0.75382376 | D105: =C105-B105 -> 0.017232221 | E105: =ABS(D105) -> 0.017232221 | J105: Variable 1 | K105: Variable 2
A106: 4 | B106: 0.65821229 | C106: 0.69468916 | D106: =C106-B106 -> 0.036476868 | E106: =ABS(D106) -> 0.036476868 | I106: Mean | J106: =AVERAGE(sims_per_turn_scen6!$B$102:$B$127) -> 0.72805647 | K106: =AVERAGE(sims_per_turn_scen6!$C$102:$C$127) -> 0.73603082
A107: 5 | B107: 0.74318489 | C107: 0.75031898 | D107: =C107-B107 -> 0.007134082 | E107: =ABS(D107) -> 0.007134082 | I107: Variance | J107: =VAR(sims_per_turn_scen6!$B$102:$B$127) -> 0.0037347451 | K107: =VAR(sims_per_turn_scen6!$C$102:$C$127) -> 0.0029897442
A108: 6 | B108: 0.7383633 | C108: 0.79289751 | D108: =C108-B108 -> 0.054534206 | E108: =ABS(D108) -> 0.054534206 | I108: Observations | J108: =COUNT(sims_per_turn_scen6!$B$102:$B$127) -> 25 | K108: =COUNT(sims_per_turn_scen6!$C$102:$C$127) -> 25
A109: 7 | B109: 0.80270938 | C109: 0.74071706 | D109: =C109-B109 -> -0.061992317 | E109: =ABS(D109) -> 0.061992317 | I109: Pearson Correlation | J109: =CORREL(sims_per_turn_scen6!$B$102:$B$127,sims_per_turn_scen6!$C$102:$C$127) -> 0.81110148
A110: 8 | B110: 0.76713782 | C110: 0.70151887 | D110: =C110-B110 -> -0.065618954 | E110: =ABS(D110) -> 0.065618954 | I110: Observed Mean Difference | J110: {=AVERAGE(IF(ISODD(IF(ISNUMBER(sims_per_turn_scen6!$B$102:$B$127), 1, 0) * IF(ISNUMBER(sims_per_turn_scen6!$C$102:$C$127), 1, 0)), sims_per_turn_scen6!$B$102:$B$127 - sims_per_turn_scen6!$C$102:$C$127, "NA"))} -> -0.0079743531
A111: 9 | B111: 0.65520384 | C111: 0.67940884 | D111: =C111-B111 -> 0.024204996 | E111: =ABS(D111) -> 0.024204996 | I111: Variance of the Differences | J111: {=VAR(IF(ISODD(IF(ISNUMBER(sims_per_turn_scen6!$B$102:$B$127), 1, 0) * IF(ISNUMBER(sims_per_turn_scen6!$C$102:$C$127), 1, 0)), sims_per_turn_scen6!$B$102:$B$127 - sims_per_turn_scen6!$C$102:$C$127, "NA"))} -> 0.0013038228
A112: 10 | B112: 0.70090518 | C112: 0.69382834 | D112: =C112-B112 -> -0.0070768441 | E112: =ABS(D112) -> 0.0070768441 | I112: df | J112: {=SUM(IF(ISNUMBER(sims_per_turn_scen6!$B$102:$B$127), 1, 0) * IF(ISNUMBER(sims_per_turn_scen6!$C$102:$C$127), 1, 0)) - 1} -> 24
A113: 11 | B113: 0.71962924 | C113: 0.71401509 | D113: =C113-B113 -> -0.0056141416 | E113: =ABS(D113) -> 0.0056141416 | I113: t Stat | J113: =(sims_per_turn_scen6!$J$110 - sims_per_turn_scen6!$J$104) / (sims_per_turn_scen6!$J$111 / ( sims_per_turn_scen6!$J$112 + 1)) ^ 0.5 -> -1.1042214
A114: 12 | B114: 0.83162141 | C114: 0.82935334 | D114: =C114-B114 -> -0.0022680745 | E114: =ABS(D114) -> 0.0022680745 | I114: P (T<=t) one-tail | J114: =TDIST(ABS(sims_per_turn_scen6!$J$113), sims_per_turn_scen6!$J$112, 1) -> 0.1402227
A115: 13 | B115: 0.7095195 | C115: 0.74133511 | D115: =C115-B115 -> 0.031815613 | E115: =ABS(D115) -> 0.031815613 | I115: t Critical one-tail | J115: =TINV(2*sims_per_turn_scen6!$J$103, sims_per_turn_scen6!$J$112) -> 1.7108821
A116: 14 | B116: 0.75258804 | C116: 0.77755869 | D116: =C116-B116 -> 0.024970653 | E116: =ABS(D116) -> 0.024970653 | I116: P (T<=t) two-tail | J116: =TDIST(ABS(sims_per_turn_scen6!$J$113), sims_per_turn_scen6!$J$112, 2) -> 0.2804454
A117: 15 | B117: 0.74255587 | C117: 0.76965524 | D117: =C117-B117 -> 0.027099366 | E117: =ABS(D117) -> 0.027099366 | I117: t Critical two-tail | J117: =TINV(sims_per_turn_scen6!$J$103, sims_per_turn_scen6!$J$112) -> 2.0638986
A118: 16 | B118: 0.62660019 | C118: 0.69268523 | D118: =C118-B118 -> 0.066085045 | E118: =ABS(D118) -> 0.066085045
A119: 17 | B119: 0.81814248 | C119: 0.80578727 | D119: =C119-B119 -> -0.012355207 | E119: =ABS(D119) -> 0.012355207
A120: 18 | B120: 0.64796342 | C120: 0.63109379 | D120: =C120-B120 -> -0.016869625 | E120: =ABS(D120) -> 0.016869625
A121: 19 | B121: 0.64384174 | C121: 0.69026916 | D121: =C121-B121 -> 0.046427421 | E121: =ABS(D121) -> 0.046427421
A122: 20 | B122: 0.65454773 | C122: 0.69704907 | D122: =C122-B122 -> 0.042501334 | E122: =ABS(D122) -> 0.042501334
...

Sheet pivot_sim_per_turn
A3: Turns | B3: abs delta | C3: comparison | E3: Count - abs delta | F3: comparison
A4: 19 | B4: 0.10913869 | C4: Hybsem-ac15 | E4: Turns | F4: ac15-ac15p | G4: Hybrid-ac15 | H4: Hybrid-ac15p | I4: Hybrid-hybsem | J4: Hybsem-ac15 | K4: Hybsem-ac15p | L4: Total Result
A5: 19 | B5: 0.099500295 | C5: Hybrid-hybsem | E5: 2 | G5: 1 | J5: 1 | L5: 2
A6: 2 | B6: 0.084475737 | C6: Hybrid-ac15 | E6: 4 | F6: 1 | L6: 1
A7: 13 | B7: 0.070563828 | C7: Hybrid-hybsem | E7: 5 | G7: 1 | L7: 1
A8: 23 | B8: 0.069439197 | C8: ac15-ac15p | E8: 6 | H8: 1 | L8: 1
A9: 21 | B9: 0.067540238 | C9: Hybsem-ac15p | E9: 7 | H9: 1 | K9: 1 | L9: 2
A10: 20 | B10: 0.066922936 | C10: ac15-ac15p | E10: 8 | F10: 1 | H10: 1 | K10: 1 | L10: 3
A11: 16 | B11: 0.066085045 | C11: Hybrid-ac15p | E11: 13 | I11: 1 | J11: 1 | L11: 2
A12: 8 | B12: 0.065618954 | C12: Hybrid-ac15p | E12: 15 | G12: 1 | I12: 1 | L12: 2
A13: 8 | B13: 0.064446016 | C13: Hybsem-ac15p | E13: 16 | G13: 1 | H13: 1 | L13: 2
A14: 20 | B14: 0.062037233 | C14: Hybsem-ac15p | E14: 17 | F14: 1 | J14: 1 | L14: 2
A15: 7 | B15: 0.061992317 | C15: Hybrid-ac15p | E15: 18 | G15: 1 | L15: 1
A16: 8 | B16: 0.061862495 | C16: ac15-ac15p | E16: 19 | F16: 1 | I16: 1 | J16: 1 | K16: 1 | L16: 4
A17: 7 | B17: 0.061494906 | C17: Hybsem-ac15p | E17: 20 | F17: 1 | K17: 1 | L17: 2
A18: 2 | B18: 0.06124507 | C18: Hybsem-ac15 | E18: 21 | K18: 1 | L18: 1
A19: 17 | B19: 0.0608484 | C19: Hybsem-ac15 | E19: 23 | F19: 1 | H19: 1 | J19: 1 | L19: 3
A20: 15 | B20: 0.059320833 | C20: Hybrid-hybsem | E20: 25 | J20: 1 | L20: 1
A21: 25 | B21: 0.058830709 | C21: Hybsem-ac15 | E21: Total Result | F21: 6 | G21: 5 | H21: 5 | I21: 3 | J21: 6 | K21: 5 | L21: 30
A22: 18 | B22: 0.058350715 | C22: Hybrid-ac15
A23: 15 | B23: 0.057897275 | C23: Hybrid-ac15
A24: 17 | B24: 0.057457866 | C24: ac15-ac15p
A25: 23 | B25: 0.057173693 | C25: Hybrid-ac15p
A26: 16 | B26: 0.056276103 | C26: Hybrid-ac15
A27: 19 | B27: 0.056065812 | C27: ac15-ac15p
A28: 23 | B28: 0.055052267 | C28: Hybsem-ac15
A29: 6 | B29: 0.054534206 | C29: Hybrid-ac15p
A30: 19 | B30: 0.053072874 | C30: Hybsem-ac15p
A31: 5 | B31: 0.052698488 | C31: Hybrid-ac15
A32: 13 | B32: 0.050636284 | C32: Hybsem-ac15
A33: 4 | B33: 0.050123894 | C33: ac15-ac15p

Sheet anchor_raw_information
A1: seq | B1: anchorName | C1: weight | D1: projectName
A2: 0 | B2: truth_and_fact | C2: 0.1 | D2: ac15-plain | F2: Count - anchorName | G2: projectName
A3: 2 | B3: context_dependent_expression | C3: 0.3097 | D3: ac15-plain | F3: seq | G3: ac15-plain | H3: hybrid_v3_5 | I3: hybrid_v3_5_semantic | J3: test_ac15 | K3: Total Result
A4: 2 | B4: practicality_and_feasibility | C4: 0.3021 | D4: ac15-plain | F4: 0 | G4: 1 | H4: 1 | I4: 1 | J4: 1 | K4: 4
A5: 2 | B5: temporal_dynamics | C5: 0.2882 | D5: ac15-plain | F5: 2 | G5: 4 | H5: 1 | I5: 4 | J5: 1 | K5: 10
A6: 2 | B6: truth_and_fact | C6: 0.1 | D6: ac15-plain | F6: 4 | G6: 6 | H6: 6 | I6: 5 | J6: 6 | K6: 23
A7: 4 | B7: practicality_and_feasibility | C7: 0.2081 | D7: ac15-plain | F7: 6 | G7: 2 | H7: 1 | I7: 1 | J7: 3 | K7: 7
A8: 4 | B8: sovereignty | C8: 0.1881 | D8: ac15-plain | F8: 8 | G8: 6 | H8: 6 | I8: 6 | J8: 6 | K8: 24
A9: 4 | B9: temporal_dynamics | C9: 0.1785 | D9: ac15-plain | F9: 10 | G9: 2 | H9: 2 | I9: 1 | J9: 3 | K9: 8
A10: 4 | B10: context_dependent_expression | C10: 0.164 | D10: ac15-plain | F10: 12 | G10: 6 | H10: 4 | I10: 5 | J10: 6 | K10: 21
A11: 4 | B11: freedom_and_limitations | C11: 0.1613 | D11: ac15-plain | F11: 14 | G11: 6 | H11: 5 | I11: 2 | J11: 6 | K11: 19
A12: 4 | B12: truth_and_fact | C12: 0.1 | D12: ac15-plain | F12: 16 | G12: 1 | H12: 1 | I12: 1 | J12: 1 | K12: 4
A13: 6 | B13: practicality_and_feasibility | C13: 0.9 | D13: ac15-plain | F13: 18 | G13: 6 | H13: 6 | I13: 6 | J13: 6 | K13: 24
A14: 6 | B14: truth_and_fact | C14: 0.1 | D14: ac15-plain | F14: 20 | G14: 6 | H14: 5 | I14: 6 | J14: 6 | K14: 23
A15: 8 | B15: practicality_and_feasibility | C15: 0.2263 | D15: ac15-plain | F15: 22 | G15: 6 | H15: 5 | I15: 6 | J15: 6 | K15: 23
... A28: 12 | B28: truth_and_fact | C28: 0.1 | D28: ac15-plain | F28: 48 | G28: 6 | H28: 6 | I28: 6 | J28: 6 | K28: 24
A29: 14 | B29: practicality_and_feasibility | C29: 0.1843 | D29: ac15-plain | F29: Total Result | G29: 124 | H29: 113 | I29: 115 | J29: 126 | K29: 478
A30: 14 | B30: sovereignty | C30: 0.1781 | D30: ac15-plain
A31: 14 | B31: freedom_and_limitations | C31: 0.1674 | D31: ac15-plain
A32: 14 | B32: affective_interface | C32: 0.1663 | D32: ac15-plain | F32: Sum - weight | H32: projectName
A33: 14 | B33: truth_and_fact | C33: 0.1559 | D33: ac15-plain | F33: seq | G33: anchorName | H33: ac15-plain | I33: hybrid_v3_5 | J33: hybrid_v3_5_semantic | K33: test_ac15 | L33: Total Result
A34: 14 | B34: imagination_and_possibility | C34: 0.148 | D34: ac15-plain | F34: 0 | G34: truth_and_fact | H34: 0.1 | I34: 0.1 | J34: 0.1 | K34: 0.1 | L34: 0.4
A35: 16 | B35: truth_and_fact | C35: 0.1 | D35: ac15-plain | F35: 2 | G35: affective_interface | J35: 0.2849 | L35: 0.2849
A36: 18 | B36: practicality_and_feasibility | C36: 0.196 | D36: ac15-plain | G36: context_dependent_expression | H36: 0.3097 | L36: 0.3097
A37: 18 | B37: sovereignty | C37: 0.1806 | D37: ac15-plain | G37: practicality_and_feasibility | H37: 0.3021 | J37: 0.3369 | L37: 0.639
A38: 18 | B38: mathematics_computer_science_engineering | C38: 0.1579 | D38: ac15-plain | G38: temporal_dynamics | H38: 0.2882 | J38: 0.2782 | L38: 0.5664
A39: 18 | B39: affective_interface | C39: 0.1573 | D39: ac15-plain | G39: truth_and_fact | H39: 0.1 | I39: 0.1 | J39: 0.1 | K39: 0.1 | L39: 0.4
A40: 18 | B40: truth_and_fact | C40: 0.1555 | D40: ac15-plain | F40: 4 | G40: affective_interface | J40: 0.2208 | L40: 0.2208
A41: 18 | B41: context_dependent_expression | C41: 0.1526 | D41: ac15-plain | G41: context_dependent_expression | H41: 0.164 | I41: 0.1761 | J41: 0.2119 | L41: 0.552
A42: 20 | B42: practicality_and_feasibility | C42: 0.1925 | D42: ac15-plain | G42: freedom_and_limitations | H42: 0.1613 | I42: 0.1733 | K42: 0.1751 | L42: 0.5097
A43: 20 | B43: sovereignty | C43: 0.1921 | D43: ac15-plain | G43: identity | K43: 0.1694 | L43: 0.1694
A44: 20 | B44: affective_interface | C44: 0.1811 | D44: ac15-plain | G44: imagination_and_possibility | I44: 0.1785 | L44: 0.1785
A45: 20 | B45: freedom_and_limitations | C45: 0.1739 | D45: ac15-plain | G45: mathematics_computer_science_engineering | I45: 0.1751 | L45: 0.1751
A46: 20 | B46: temporal_dynamics | C46: 0.1605 | D46: ac15-plain | G46: practicality_and_feasibility | H46: 0.2081 | I46: 0.197 | J46: 0.2505 | K46: 0.1903 | L46: 0.8459
A47: 20 | B47: truth_and_fact | C47: 0.1 | D47: ac15-plain | G47: sovereignty | H47: 0.1881 | J47: 0.2168 | K47: 0.1741 | L47: 0.579
A48: 22 | B48: affective_interface | C48: 0.1967 | D48: ac15-plain | G48: temporal_dynamics | H48: 0.1785 | K48: 0.1911 | L48: 0.3696
A49: 22 | B49: sovereignty | C49: 0.1713 | D49: ac15-plain | G49: truth_and_fact | H49: 0.1 | I49: 0.1 | J49: 0.1 | K49: 0.1 | L49: 0.4
A50: 22 | B50: truth_and_fact | C50: 0.1657 | D50: ac15-plain | F50: 6 | G50: practicality_and_feasibility | H50: 0.9 | K50: 0.444 | L50: 1.344
A51: 22 | B51: practicality_and_feasibility | C51: 0.1567 | D51: ac15-plain | G51: sovereignty | K51: 0.456 | L51: 0.456
A52: 22 | B52: freedom_and_limitations | C52: 0.1556 | D52: ac15-plain | G52: truth_and_fact | H52: 0.1 | I52: 0.1 | J52: 0.1 | K52: 0.1 | L52: 0.4
A53: 22 | B53: identity | C53: 0.154 | D53: ac15-plain | F53: 8 | G53: affective_interface | H53: 0.1554 | I53: 0.1605 | J53: 0.1964 | L53: 0.5123
A54: 24 | B54: affective_interface | C54: 0.1952 | D54: ac15-plain | G54: freedom_and_limitations | I54: 0.1639 | J54: 0.1641 | K54: 0.1642 | L54: 0.4922
A55: 24 | B55: sovereignty | C55: 0.1916 | D55: ac15-plain | G55: imagination_and_possibility | H55: 0.1621 | I55: 0.163 | J55: 0.1629 | L55: 0.488
A56: 24 | B56: freedom_and_limitations | C56: 0.1742 | D56: ac15-plain | G56: mathematics_computer_science_engineering | K56: 0.165 | L56: 0.165
A57: 24 | B57: context_dependent_expression | C57: 0.1717 | D57: ac15-plain | G57: practicality_and_feasibility | H57: 0.2263 | I57: 0.2044 | J57: 0.2105 | K57: 0.2088 | L57: 0.85
A58: 24 | B58: practicality_and_feasibility | C58: 0.1673 | D58: ac15-plain | G58: sovereignty | H58: 0.1824 | J58: 0.1661 | K58: 0.1703 | L58: 0.5188
A59: 24 | B59: truth_and_fact | C59: 0.1 | D59: ac15-plain | G59: temporal_dynamics | H59: 0.1738 | I59: 0.1556 | K59: 0.1916 | L59: 0.521
A60: 26 | B60: practicality_and_feasibility | C60: 0.1989 | D60: ac15-plain | G60: truth_and_fact | H60: 0.1 | I60: 0.1525 | J60: 0.1 | K60: 0.1 | L60: 0.4525
A61: 26 | B61: sovereignty | C61: 0.1875 | D61: ac15-plain | F61: 10 | G61: practicality_and_feasibility | I61: 0.9 | K61: 0.4423 | L61: 1.3423
A62: 26 | B62: temporal_dynamics | C62: 0.1758 | D62: ac15-plain | G62: sovereignty | H62: 0.9 | K62: 0.4577 | L62: 1.3577
A63: 26 | B63: context_dependent_expression | C63: 0.1733 | D63: ac15-plain | G63: truth_and_fact | H63: 0.1 | I63: 0.1 | J63: 0.1 | K63: 0.1 | L63: 0.4
A64: 26 | B64: freedom_and_limitations | C64: 0.1645 | D64: ac15-plain | F64: 12 | G64: affective_interface | H64: 0.1702 | I64: 0.315 | J64: 0.2542 | K64: 0.1933 | L64: 0.9327
A65: 26 | B65: truth_and_fact | C65: 0.1 | D65: ac15-plain | G65: context_dependent_expression | H65: 0.1693 | L65: 0.1693
A66: 28 | B66: practicality_and_feasibility | C66: 0.2115 | D66: ac15-plain | G66: freedom_and_limitations | J66: 0.1869 | K66: 0.183 | L66: 0.3699
A67: 28 | B67: temporal_dynamics | C67: 0.1854 | D67: ac15-plain | G67: identity | K67: 0.168 | L67: 0.168
A68: 28 | B68: sovereignty | C68: 0.1813 | D68: ac15-plain | G68: practicality_and_feasibility | H68: 0.188 | I68: 0.2856 | J68: 0.2205 | K68: 0.1692 | L68: 0.8633
A69: 28 | B69: freedom_and_limitations | C69: 0.1651 | D69: ac15-plain | G69: sovereignty | H69: 0.2075 | I69: 0.2994 | J69: 0.2385 | K69: 0.1865 | L69: 0.9319
A70: 28 | B70: affective_interface | C70: 0.1567 | D70: ac15-plain | G70: temporal_dynamics | H70: 0.165 | L70: 0.165
A71: 28 | B71: truth_and_fact | C71: 0.1 | D71: ac15-plain | G71: truth_and_fact | H71: 0.1 | I71: 0.1 | J71: 0.1 | K71: 0.1 | L71: 0.4
A72: 30 | B72: practicality_and_feasibility | C72: 0.2246 | D72: ac15-plain | F72: 14 | G72: affective_interface | H72: 0.1663 | I72: 0.2397 | K72: 0.1531 | L72: 0.5591
A73: 30 | B73: sovereignty | C73: 0.1873 | D73: ac15-plain | G73: freedom_and_limitations | H73: 0.1674 | K73: 0.166 | L73: 0.3334
A74: 30 | B74: temporal_dynamics | C74: 0.1665 | D74: ac15-plain | G74: identity | I74: 0.2087 | K74: 0.181 | L74: 0.3897
A75: 30 | B75: freedom_and_limitations | C75: 0.1655 | D75: ac15-plain | G75: imagination_and_possibility | H75: 0.148 | L75: 0.148
A76: 30 | B76: imagination_and_possibility | C76: 0.1561 | D76: ac15-plain | G76: practicality_and_feasibility | H76: 0.1843 | I76: 0.2204 | K76: 0.1596 | L76: 0.5643
A77: 30 | B77: truth_and_fact | C77: 0.1 | D77: ac15-plain | G77: sovereignty | H77: 0.1781 | I77: 0.2312 | J77: 0.9 | K77: 0.1884 | L77: 1.4977
A78: 32 | B78: sovereignty | C78: 0.203 | D78: ac15-plain | G78: truth_and_fact | H78: 0.1559 | I78: 0.1 | J78: 0.1 | K78: 0.1518 | L78: 0.5077
A79: 32 | B79: practicality_and_feasibility | C79: 0.1941 | D79: ac15-plain | F79: 16 | G79: truth_and_fact | H79: 0.1 | I79: 0.1 | J79: 0.1 | K79: 0.1 | L79: 0.4
A80: 32 | B80: freedom_and_limitations | C80: 0.182 | D80: ac15-plain | F80: 18 | G80: affective_interface | H80: 0.1573 | I80: 0.1701 | J80: 0.1808 | K80: 0.1552 | L80: 0.6634
A81: 32 | B81: affective_interface | C81: 0.1607 | D81: ac15-plain | G81: context_dependent_expression | H81: 0.1526 | L81: 0.1526
A82: 32 | B82: identity | C82: 0.1602 | D82: ac15-plain | G82: freedom_and_limitations | I82: 0.1523 | J82: 0.1586 | L82: 0.3109
A83: 32 | B83: truth_and_fact | C83: 0.1 | D83: ac15-plain | G83: mathematics_computer_science_engineering | H83: 0.1579 | I83: 0.1598 | J83: 0.1538 | K83: 0.1671 | L83: 0.6386
A84: 34 | B84: sovereignty | C84: 0.1942 | D84: ac15-plain | G84: practicality_and_feasibility | H84: 0.196 | I84: 0.2077 | J84: 0.1887 | K84: 0.1963 | L84: 0.7887
A85: 34 | B85: practicality_and_feasibility | C85: 0.1909 | D85: ac15-plain | G85: sovereignty | H85: 0.1806 | I85: 0.1528 | J85: 0.16 | K85: 0.169 | L85: 0.6624
A86: 34 | B86: freedom_and_limitations | C86: 0.1878 | D86: ac15-plain | G86: temporal_dynamics | K86: 0.1598 | L86: 0.1598
A87: 34 | B87: affective_interface | C87: 0.1665 | D87: ac15-plain | G87: truth_and_fact | H87: 0.1555 | I87: 0.1574 | J87: 0.1581 | K87: 0.1527 | L87: 0.6237
A88: 34 | B88: mathematics_computer_science_engineering | C88: 0.1606 | D88: ac15-plain | F88: 20 | G88: affective_interface | H88: 0.1811 | I88: 0.2339 | J88: 0.2032 | K88: 0.1911 | L88: 0.8093
A89: 34 | B89: truth_and_fact | C89: 0.1 | D89: ac15-plain | G89: freedom_and_limitations | H89: 0.1739 | I89: 0.2125 | J89: 0.1624 | L89: 0.5488
A90: 36 | B90: practicality_and_feasibility | C90: 0.198 | D90: ac15-plain | G90: mathematics_computer_science_engineering | J90: 0.1612 | K90: 0.1663 | L90: 0.3275
A91: 36 | B91: temporal_dynamics | C91: 0.1912 | D91: ac15-plain | G91: practicality_and_feasibility | H91: 0.1925 | I91: 0.2524 | J91: 0.2038 | K91: 0.1823 | L91: 0.831
A92: 36 | B92: sovereignty | C92: 0.1724 | D92: ac15-plain | G92: sovereignty | H92: 0.1921 | I92: 0.2012 | J92: 0.1694 | K92: 0.179 | L92: 0.7417
A93: 36 | B93: context_dependent_expression | C93: 0.1692 | D93: ac15-plain | G93: temporal_dynamics | H93: 0.1605 | K93: 0.1813 | L93: 0.3418
A94: 36 | B94: science | C94: 0.1692 | D94: ac15-plain | G94: truth_and_fact | H94: 0.1 | I94: 0.1 | J94: 0.1 | K94: 0.1 | L94: 0.4
A95: 36 | B95: truth_and_fact | C95: 0.1 | D95: ac15-plain | F95: 22 | G95: affective_interface | H95: 0.1967 | I95: 0.2462 | J95: 0.1977 | K95: 0.1833 | L95: 0.8239
A96: 38 | B96: temporal_dynamics | C96: 0.3519 | D96: ac15-plain | G96: freedom_and_limitations | H96: 0.1556 | J96: 0.1587 | K96: 0.1681 | L96: 0.4824
A97: 38 | B97: practicality_and_feasibility | C97: 0.331 | D97: ac15-plain | G97: identity | H97: 0.154 | L97: 0.154
A98: 38 | B98: truth_and_fact | C98: 0.3171 | D98: ac15-plain | G98: imagination_and_possibility | J98: 0.1533 | L98: 0.1533
A99: 40 | B99: practicality_and_feasibility | C99: 0.4576 | D99: ac15-plain | G99: mathematics_computer_science_engineering | I99: 0.1835 | K99: 0.1548 | L99: 0.3383
A100: 40 | B100: temporal_dynamics | C100: 0.4424 | D100: ac15-plain | G100: practicality_and_feasibility | H100: 0.1567 | I100: 0.1855 | J100: 0.1605 | K100: 0.1577 | L100: 0.6604
A101: 40 | B101: truth_and_fact | C101: 0.1 | D101: ac15-plain | G101: sovereignty | H101: 0.1713 | I101: 0.1922 | J101: 0.1537 | L101: 0.5172
A102: 42 | B102: practicality_and_feasibility | C102: 0.1897 | D102: ac15-plain | G102: temporal_dynamics | K102: 0.165 | L102: 0.165
A103: 42 | B103: sovereignty | C103: 0.1707 | D103: ac15-plain | G103: truth_and_fact | H103: 0.1657 | I103: 0.1925 | J103: 0.1762 | K103: 0.1712 | L103: 0.7056
A104: 42 | B104: affective_interface | C104: 0.162 | D104: ac15-plain | F104: 24 | G104: affective_interface | H104: 0.1952 | I104: 0.2022 | J104: 0.2079 | K104: 0.1613 | L104: 0.7666
A105: 42 | B105: temporal_dynamics | C105: 0.1619 | D105: ac15-plain | G105: context_dependent_expression | H105: 0.1717 | I105: 0.172 | J105: 0.1484 | L105: 0.4921
A106: 42 | B106: context_dependent_expression | C106: 0.1586 | D106: ac15-plain | G106: freedom_and_limitations | H106: 0.1742 | K106: 0.1642 | L106: 0.3384
A107: 42 | B107: truth_and_fact | C107: 0.1571 | D107: ac15-plain | G107: identity | I107: 0.1642 | J107: 0.1532 | K107: 0.1957 | L107: 0.5131
A108: 44 | B108: practicality_and_feasibility | C108: 0.213 | D108: ac15-plain | G108: practicality_and_feasibility | H108: 0.1673 | I108: 0.1755 | J108: 0.1611 | L108: 0.5039
A109: 44 | B109: sovereignty | C109: 0.1872 | D109: ac15-plain | G109: sovereignty | H109: 0.1916 | I109: 0.1861 | J109: 0.1714 | K109: 0.1536 | L109: 0.7027
A110: 44 | B110: context_dependent_expression | C110: 0.1681 | D110: ac15-plain | G110: temporal_dynamics | K110: 0.1625 | L110: 0.1625
A111: 44 | B111: freedom_and_limitations | C111: 0.1668 | D111: ac15-plain | G111: truth_and_fact | H111: 0.1 | I111: 0.1 | J111: 0.158 | K111: 0.1628 | L111: 0.5208
A112: 44 | B112: mathematics_computer_science_engineering | C112: 0.1649 | D112: ac15-plain | F112: 26 | G112: affective_interface | J112: 0.1877 | L112: 0.1877
...
