Workbook

Sheet scen1_ac15
A1: turnId | B1: user_id | C1: assistant_id | D1: projectName | E1: sessionName | F1: seq | G1: anchorName | H1: weight | I1: promptSim | J1: responseSim | K1: activation delta | L1: prompt_to_response | N1: Average activation/turn | O1: average conversation activation | P1: count | Q1: correlation weights / activation delta | R1: p
A3: 65bad581-5200-42d2-86f4-742e3d34452d | B3: cmj8h17rv0025zcr34r4o7q6h | C3: cmj8h2bsc002mzcr39vcv85cs | D3: test_ac15 | E3: Scenario_1_v2_lights | F3: 1 | G3: temporal_dynamics | H3: 0.1958 | I3: 0.31495854 | J3: 0.35236559 | K3: =J3-I3 -> 0.037407052 | L3: 0.82952135 | N3: =AVERAGE(K3:K8) -> 0.066168011 | O3: =AVERAGE(K3:K152) -> 0.03780378 | P3: =COUNT(K3:K152) -> 150 | Q3: =CORREL(H3:H152,K3:K152) -> -0.11797192
A4: 65bad581-5200-42d2-86f4-742e3d34452d | B4: cmj8h17rv0025zcr34r4o7q6h | C4: cmj8h2bsc002mzcr39vcv85cs | D4: test_ac15 | E4: Scenario_1_v2_lights | F4: 1 | G4: practicality_and_feasibility | H4: 0.1952 | I4: 0.31402213 | J4: 0.38777257 | K4: =J4-I4 -> 0.073750438 | L4: 0.82952135
A5: 65bad581-5200-42d2-86f4-742e3d34452d | B5: cmj8h17rv0025zcr34r4o7q6h | C5: cmj8h2bsc002mzcr39vcv85cs | D5: test_ac15 | E5: Scenario_1_v2_lights | F5: 1 | G5: mathematics_computer_science_engineering | H5: 0.1901 | I5: 0.30594307 | J5: 0.37459667 | K5: =J5-I5 -> 0.0686536 | L5: 0.82952135
A6: 65bad581-5200-42d2-86f4-742e3d34452d | B6: cmj8h17rv0025zcr34r4o7q6h | C6: cmj8h2bsc002mzcr39vcv85cs | D6: test_ac15 | E6: Scenario_1_v2_lights | F6: 1 | G6: sovereignty | H6: 0.1611 | I6: 0.25923992 | J6: 0.34164358 | K6: =J6-I6 -> 0.082403657 | L6: 0.82952135
A7: 65bad581-5200-42d2-86f4-742e3d34452d | B7: cmj8h17rv0025zcr34r4o7q6h | C7: cmj8h2bsc002mzcr39vcv85cs | D7: test_ac15 | E7: Scenario_1_v2_lights | F7: 1 | G7: affective_interface | H7: 0.1578 | I7: 0.25390468 | J7: 0.31205688 | K7: =J7-I7 -> 0.058152194 | L7: 0.82952135
A8: 65bad581-5200-42d2-86f4-742e3d34452d | B8: cmj8h17rv0025zcr34r4o7q6h | C8: cmj8h2bsc002mzcr39vcv85cs | D8: test_ac15 | E8: Scenario_1_v2_lights | F8: 1 | G8: truth_and_fact | H8: 0.1 | I8: 0.17671737 | J8: 0.2533585 | K8: =J8-I8 -> 0.076641127 | L8: 0.82952135
A9: 55e9b8cd-c347-48ea-9ccd-4993ba3051b2 | B9: cmj8h3lsn002qzcr31179k8dp | C9: cmj8h4eeu0037zcr39em5jsjw | D9: test_ac15 | E9: Scenario_1_v2_lights | F9: 3 | G9: practicality_and_feasibility | H9: 0.2047 | I9: 0.33013713 | J9: 0.38571109 | K9: =J9-I9 -> 0.055573962 | L9: 0.73519371 | N9: =AVERAGE(K9:K14) -> 0.060061241
A10: 55e9b8cd-c347-48ea-9ccd-4993ba3051b2 | B10: cmj8h3lsn002qzcr31179k8dp | C10: cmj8h4eeu0037zcr39em5jsjw | D10: test_ac15 | E10: Scenario_1_v2_lights | F10: 3 | G10: temporal_dynamics | H10: 0.1852 | I10: 0.29865044 | J10: 0.37164631 | K10: =J10-I10 -> 0.07299587 | L10: 0.73519371
A11: 55e9b8cd-c347-48ea-9ccd-4993ba3051b2 | B11: cmj8h3lsn002qzcr31179k8dp | C11: cmj8h4eeu0037zcr39em5jsjw | D11: test_ac15 | E11: Scenario_1_v2_lights | F11: 3 | G11: mathematics_computer_science_engineering | H11: 0.1832 | I11: 0.29540862 | J11: 0.37460286 | K11: =J11-I11 -> 0.079194237 | L11: 0.73519371
A12: 55e9b8cd-c347-48ea-9ccd-4993ba3051b2 | B12: cmj8h3lsn002qzcr31179k8dp | C12: cmj8h4eeu0037zcr39em5jsjw | D12: test_ac15 | E12: Scenario_1_v2_lights | F12: 3 | G12: sovereignty | H12: 0.1775 | I12: 0.28624896 | J12: 0.33415133 | K12: =J12-I12 -> 0.047902365 | L12: 0.73519371
A13: 55e9b8cd-c347-48ea-9ccd-4993ba3051b2 | B13: cmj8h3lsn002qzcr31179k8dp | C13: cmj8h4eeu0037zcr39em5jsjw | D13: test_ac15 | E13: Scenario_1_v2_lights | F13: 3 | G13: electricity | H13: 0.1493 | I13: 0.24073171 | J13: 0.27359383 | K13: =J13-I13 -> 0.032862119 | L13: 0.73519371
A14: 55e9b8cd-c347-48ea-9ccd-4993ba3051b2 | B14: cmj8h3lsn002qzcr31179k8dp | C14: cmj8h4eeu0037zcr39em5jsjw | D14: test_ac15 | E14: Scenario_1_v2_lights | F14: 3 | G14: truth_and_fact | H14: 0.1 | I14: 0.19711159 | J14: 0.26895048 | K14: =J14-I14 -> 0.07183889 | L14: 0.73519371
A15: 4bb4e535-4ab4-4e28-9f49-910520f84cb1 | B15: cmj8h63ss003bzcr3qf6un6j2 | C15: cmj8h6kyj003szcr3ab4p0og1 | D15: test_ac15 | E15: Scenario_1_v2_lights | F15: 5 | G15: temporal_dynamics | H15: 0.2024 | I15: 0.37825801 | J15: 0.37770835 | K15: =J15-I15 -> -0.00054966361 | L15: 0.73805452 | N15: =AVERAGE(K15:K20) -> 0.035609304
A16: 4bb4e535-4ab4-4e28-9f49-910520f84cb1 | B16: cmj8h63ss003bzcr3qf6un6j2 | C16: cmj8h6kyj003szcr3ab4p0og1 | D16: test_ac15 | E16: Scenario_1_v2_lights | F16: 5 | G16: practicality_and_feasibility | H16: 0.2014 | I16: 0.37646948 | J16: 0.42281154 | K16: =J16-I16 -> 0.046342062 | L16: 0.73805452
A17: 4bb4e535-4ab4-4e28-9f49-910520f84cb1 | B17: cmj8h63ss003bzcr3qf6un6j2 | C17: cmj8h6kyj003szcr3ab4p0og1 | D17: test_ac15 | E17: Scenario_1_v2_lights | F17: 5 | G17: mathematics_computer_science_engineering | H17: 0.1805 | I17: 0.33745747 | J17: 0.39922497 | K17: =J17-I17 -> 0.061767495 | L17: 0.73805452
A18: 4bb4e535-4ab4-4e28-9f49-910520f84cb1 | B18: cmj8h63ss003bzcr3qf6un6j2 | C18: cmj8h6kyj003szcr3ab4p0og1 | D18: test_ac15 | E18: Scenario_1_v2_lights | F18: 5 | G18: sovereignty | H18: 0.1599 | I18: 0.29887494 | J18: 0.33194286 | K18: =J18-I18 -> 0.033067916 | L18: 0.73805452
A19: 4bb4e535-4ab4-4e28-9f49-910520f84cb1 | B19: cmj8h63ss003bzcr3qf6un6j2 | C19: cmj8h6kyj003szcr3ab4p0og1 | D19: test_ac15 | E19: Scenario_1_v2_lights | F19: 5 | G19: metaphorical_scaffolding | H19: 0.1558 | I19: 0.29112796 | J19: 0.3248227 | K19: =J19-I19 -> 0.033694739 | L19: 0.73805452
A20: 4bb4e535-4ab4-4e28-9f49-910520f84cb1 | B20: cmj8h63ss003bzcr3qf6un6j2 | C20: cmj8h6kyj003szcr3ab4p0og1 | D20: test_ac15 | E20: Scenario_1_v2_lights | F20: 5 | G20: truth_and_fact | H20: 0.1 | I20: 0.24263973 | J20: 0.28197301 | K20: =J20-I20 -> 0.039333277 | L20: 0.73805452
A21: e5f31daf-8d1a-43f4-a640-d42a5ac4224c | B21: cmj8h7lrs003wzcr3k7vgx4j8 | C21: cmj8h88bl004dzcr3ynwjng2i | D21: test_ac15 | E21: Scenario_1_v2_lights | F21: 7 | G21: practicality_and_feasibility | H21: 0.214 | I21: 0.36914606 | J21: 0.42405176 | K21: =J21-I21 -> 0.054905697 | L21: 0.63946145 | N21: =AVERAGE(K21:K26) -> 0.046881592
A22: e5f31daf-8d1a-43f4-a640-d42a5ac4224c | B22: cmj8h7lrs003wzcr3k7vgx4j8 | C22: cmj8h88bl004dzcr3ynwjng2i | D22: test_ac15 | E22: Scenario_1_v2_lights | F22: 7 | G22: temporal_dynamics | H22: 0.198 | I22: 0.34155907 | J22: 0.36410105 | K22: =J22-I22 -> 0.022541981 | L22: 0.63946145
A23: e5f31daf-8d1a-43f4-a640-d42a5ac4224c | B23: cmj8h7lrs003wzcr3k7vgx4j8 | C23: cmj8h88bl004dzcr3ynwjng2i | D23: test_ac15 | E23: Scenario_1_v2_lights | F23: 7 | G23: mathematics_computer_science_engineering | H23: 0.1784 | I23: 0.30779553 | J23: 0.38784834 | K23: =J23-I23 -> 0.080052807 | L23: 0.63946145
A24: e5f31daf-8d1a-43f4-a640-d42a5ac4224c | B24: cmj8h7lrs003wzcr3k7vgx4j8 | C24: cmj8h88bl004dzcr3ynwjng2i | D24: test_ac15 | E24: Scenario_1_v2_lights | F24: 7 | G24: sovereignty | H24: 0.1675 | I24: 0.28899496 | J24: 0.31719836 | K24: =J24-I24 -> 0.028203404 | L24: 0.63946145
A25: e5f31daf-8d1a-43f4-a640-d42a5ac4224c | B25: cmj8h7lrs003wzcr3k7vgx4j8 | C25: cmj8h88bl004dzcr3ynwjng2i | D25: test_ac15 | E25: Scenario_1_v2_lights | F25: 7 | G25: imagination_and_possibility | H25: 0.142 | I25: 0.24485588 | J25: 0.27442221 | K25: =J25-I25 -> 0.029566327 | L25: 0.63946145
A26: e5f31daf-8d1a-43f4-a640-d42a5ac4224c | B26: cmj8h7lrs003wzcr3k7vgx4j8 | C26: cmj8h88bl004dzcr3ynwjng2i | D26: test_ac15 | E26: Scenario_1_v2_lights | F26: 7 | G26: truth_and_fact | H26: 0.1 | I26: 0.20802883 | J26: 0.27404817 | K26: =J26-I26 -> 0.066019336 | L26: 0.63946145
A27: e8159a62-8cd7-4176-a2c4-87698c1a592d | B27: cmj8h98aa004hzcr3xdn4mwvv | C27: cmj8h9wqh004yzcr3r5q75k6e | D27: test_ac15 | E27: Scenario_1_v2_lights | F27: 9 | G27: practicality_and_feasibility | H27: 0.2171 | I27: 0.42031574 | J27: 0.39317307 | K27: =J27-I27 -> -0.027142674 | L27: 0.6011484 | N27: =AVERAGE(K27:K32) -> 0.0054283418
A28: e8159a62-8cd7-4176-a2c4-87698c1a592d | B28: cmj8h98aa004hzcr3xdn4mwvv | C28: cmj8h9wqh004yzcr3r5q75k6e | D28: test_ac15 | E28: Scenario_1_v2_lights | F28: 9 | G28: mathematics_computer_science_engineering | H28: 0.1836 | I28: 0.35541435 | J28: 0.36981048 | K28: =J28-I28 -> 0.014396129 | L28: 0.6011484
A29: e8159a62-8cd7-4176-a2c4-87698c1a592d | B29: cmj8h98aa004hzcr3xdn4mwvv | C29: cmj8h9wqh004yzcr3r5q75k6e | D29: test_ac15 | E29: Scenario_1_v2_lights | F29: 9 | G29: temporal_dynamics | H29: 0.1759 | I29: 0.34061355 | J29: 0.35731561 | K29: =J29-I29 -> 0.016702058 | L29: 0.6011484
A30: e8159a62-8cd7-4176-a2c4-87698c1a592d | B30: cmj8h98aa004hzcr3xdn4mwvv | C30: cmj8h9wqh004yzcr3r5q75k6e | D30: test_ac15 | E30: Scenario_1_v2_lights | F30: 9 | G30: affective_interface | H30: 0.1646 | I30: 0.31871873 | J30: 0.29542059 | K30: =J30-I30 -> -0.023298136 | L30: 0.6011484
A31: e8159a62-8cd7-4176-a2c4-87698c1a592d | B31: cmj8h98aa004hzcr3xdn4mwvv | C31: cmj8h9wqh004yzcr3r5q75k6e | D31: test_ac15 | E31: Scenario_1_v2_lights | F31: 9 | G31: sovereignty | H31: 0.1587 | I31: 0.30726339 | J31: 0.34162107 | K31: =J31-I31 -> 0.034357679 | L31: 0.6011484
A32: e8159a62-8cd7-4176-a2c4-87698c1a592d | B32: cmj8h98aa004hzcr3xdn4mwvv | C32: cmj8h9wqh004yzcr3r5q75k6e | D32: test_ac15 | E32: Scenario_1_v2_lights | F32: 9 | G32: truth_and_fact | H32: 0.1 | I32: 0.25424075 | J32: 0.27179574 | K32: =J32-I32 -> 0.017554996 | L32: 0.6011484
A33: 0193987a-9522-4c92-a38b-8be38f11be07 | B33: cmj8hazkj0052zcr3jml7f11a | C33: cmj8hc3c6005jzcr3vla9m4sb | D33: test_ac15 | E33: Scenario_1_v2_lights | F33: 11 | G33: practicality_and_feasibility | H33: 0.218 | I33: 0.36471402 | J33: 0.36540835 | K33: =J33-I33 -> 0.00069433153 | L33: 0.77349923 | N33: =AVERAGE(K33:K38) -> 0.014697263
A34: 0193987a-9522-4c92-a38b-8be38f11be07 | B34: cmj8hazkj0052zcr3jml7f11a | C34: cmj8hc3c6005jzcr3vla9m4sb | D34: test_ac15 | E34: Scenario_1_v2_lights | F34: 11 | G34: mathematics_computer_science_engineering | H34: 0.1915 | I34: 0.32044345 | J34: 0.32503899 | K34: =J34-I34 -> 0.0045955322 | L34: 0.77349923
A35: 0193987a-9522-4c92-a38b-8be38f11be07 | B35: cmj8hazkj0052zcr3jml7f11a | C35: cmj8hc3c6005jzcr3vla9m4sb | D35: test_ac15 | E35: Scenario_1_v2_lights | F35: 11 | G35: temporal_dynamics | H35: 0.1837 | I35: 0.30742916 | J35: 0.34338522 | K35: =J35-I35 -> 0.035956062 | L35: 0.77349923
A36: 0193987a-9522-4c92-a38b-8be38f11be07 | B36: cmj8hazkj0052zcr3jml7f11a | C36: cmj8hc3c6005jzcr3vla9m4sb | D36: test_ac15 | E36: Scenario_1_v2_lights | F36: 11 | G36: sovereignty | H36: 0.1605 | I36: 0.26855493 | J36: 0.26954665 | K36: =J36-I36 -> 0.00099172109 | L36: 0.77349923
A37: 0193987a-9522-4c92-a38b-8be38f11be07 | B37: cmj8hazkj0052zcr3jml7f11a | C37: cmj8hc3c6005jzcr3vla9m4sb | D37: test_ac15 | E37: Scenario_1_v2_lights | F37: 11 | G37: imagination_and_possibility | H37: 0.1463 | I37: 0.2447951 | J37: 0.26121296 | K37: =J37-I37 -> 0.016417865 | L37: 0.77349923
A38: 0193987a-9522-4c92-a38b-8be38f11be07 | B38: cmj8hazkj0052zcr3jml7f11a | C38: cmj8hc3c6005jzcr3vla9m4sb | D38: test_ac15 | E38: Scenario_1_v2_lights | F38: 11 | G38: truth_and_fact | H38: 0.1 | I38: 0.19432181 | J38: 0.22384987 | K38: =J38-I38 -> 0.029528066 | L38: 0.77349923
A39: c7acf8b6-981f-4875-81d3-88079abc3e0b | B39: cmj8heq8u005nzcr3n2y7g0ly | C39: cmj8hfv630064zcr3x020wbm0 | D39: test_ac15 | E39: Scenario_1_v2_lights | F39: 13 | G39: practicality_and_feasibility | H39: 0.2194 | I39: 0.34082691 | J39: 0.40558723 | K39: =J39-I39 -> 0.06476032 | L39: 0.65742523 | N39: =AVERAGE(K39:K44) -> 0.082909871
A40: c7acf8b6-981f-4875-81d3-88079abc3e0b | B40: cmj8heq8u005nzcr3n2y7g0ly | C40: cmj8hfv630064zcr3x020wbm0 | D40: test_ac15 | E40: Scenario_1_v2_lights | F40: 13 | G40: temporal_dynamics | H40: 0.1943 | I40: 0.30177996 | J40: 0.37602165 | K40: =J40-I40 -> 0.074241687 | L40: 0.65742523
A41: c7acf8b6-981f-4875-81d3-88079abc3e0b | B41: cmj8heq8u005nzcr3n2y7g0ly | C41: cmj8hfv630064zcr3x020wbm0 | D41: test_ac15 | E41: Scenario_1_v2_lights | F41: 13 | G41: mathematics_computer_science_engineering | H41: 0.1937 | I41: 0.30089205 | J41: 0.38247574 | K41: =J41-I41 -> 0.081583688 | L41: 0.65742523
A42: c7acf8b6-981f-4875-81d3-88079abc3e0b | B42: cmj8heq8u005nzcr3n2y7g0ly | C42: cmj8hfv630064zcr3x020wbm0 | D42: test_ac15 | E42: Scenario_1_v2_lights | F42: 13 | G42: electricity | H42: 0.1529 | I42: 0.23751636 | J42: 0.28401068 | K42: =J42-I42 -> 0.04649432 | L42: 0.65742523
A43: c7acf8b6-981f-4875-81d3-88079abc3e0b | B43: cmj8heq8u005nzcr3n2y7g0ly | C43: cmj8hfv630064zcr3x020wbm0 | D43: test_ac15 | E43: Scenario_1_v2_lights | F43: 13 | G43: sovereignty | H43: 0.1398 | I43: 0.21710583 | J43: 0.35108837 | K43: =J43-I43 -> 0.13398254 | L43: 0.65742523
A44: c7acf8b6-981f-4875-81d3-88079abc3e0b | B44: cmj8heq8u005nzcr3n2y7g0ly | C44: cmj8hfv630064zcr3x020wbm0 | D44: test_ac15 | E44: Scenario_1_v2_lights | F44: 13 | G44: truth_and_fact | H44: 0.1 | I44: 0.18298938 | J44: 0.27938605 | K44: =J44-I44 -> 0.096396674 | L44: 0.65742523
A45: 06250489-a68c-4a78-96fe-a2c8cf34997b | B45: cmj8hhirb0068zcr3k6mybyl5 | C45: cmj8hifwt006pzcr34hrfn0ke | D45: test_ac15 | E45: Scenario_1_v2_lights | F45: 15 | G45: mathematics_computer_science_engineering | H45: 0.1944 | I45: 0.3985683 | J45: 0.38262915 | K45: =J45-I45 -> -0.015939149 | L45: 0.71261314 | N45: =AVERAGE(K45:K50) -> -0.0058417364
A46: 06250489-a68c-4a78-96fe-a2c8cf34997b | B46: cmj8hhirb0068zcr3k6mybyl5 | C46: cmj8hifwt006pzcr34hrfn0ke | D46: test_ac15 | E46: Scenario_1_v2_lights | F46: 15 | G46: practicality_and_feasibility | H46: 0.1943 | I46: 0.39850473 | J46: 0.40520818 | K46: =J46-I46 -> 0.00670345 | L46: 0.71261314
A47: 06250489-a68c-4a78-96fe-a2c8cf34997b | B47: cmj8hhirb0068zcr3k6mybyl5 | C47: cmj8hifwt006pzcr34hrfn0ke | D47: test_ac15 | E47: Scenario_1_v2_lights | F47: 15 | G47: temporal_dynamics | H47: 0.1761 | I47: 0.36119314 | J47: 0.35812587 | K47: =J47-I47 -> -0.0030672707 | L47: 0.71261314
A48: 06250489-a68c-4a78-96fe-a2c8cf34997b | B48: cmj8hhirb0068zcr3k6mybyl5 | C48: cmj8hifwt006pzcr34hrfn0ke | D48: test_ac15 | E48: Scenario_1_v2_lights | F48: 15 | G48: affective_interface | H48: 0.1718 | I48: 0.35224988 | J48: 0.34718739 | K48: =J48-I48 -> -0.0050624928 | L48: 0.71261314
A49: 06250489-a68c-4a78-96fe-a2c8cf34997b | B49: cmj8hhirb0068zcr3k6mybyl5 | C49: cmj8hifwt006pzcr34hrfn0ke | D49: test_ac15 | E49: Scenario_1_v2_lights | F49: 15 | G49: science | H49: 0.1634 | I49: 0.33509553 | J49: 0.32748667 | K49: =J49-I49 -> -0.007608857 | L49: 0.71261314
A50: 06250489-a68c-4a78-96fe-a2c8cf34997b | B50: cmj8hhirb0068zcr3k6mybyl5 | C50: cmj8hifwt006pzcr34hrfn0ke | D50: test_ac15 | E50: Scenario_1_v2_lights | F50: 15 | G50: truth_and_fact | H50: 0.1 | I50: 0.26566596 | J50: 0.25558986 | K50: =J50-I50 -> -0.010076099 | L50: 0.71261314
A51: f307e76e-f508-42a9-800d-f0c343cd4a88 | B51: cmj8hj9y1006tzcr3su2t269i | C51: cmj8hjzfn007azcr355jaaltx | D51: test_ac15 | E51: Scenario_1_v2_lights | F51: 17 | G51: practicality_and_feasibility | H51: 0.2053 | I51: 0.44927726 | J51: 0.39897566 | K51: =J51-I51 -> -0.050301603 | L51: 0.69508286 | N51: =AVERAGE(K51:K56) -> -0.04011499
A52: f307e76e-f508-42a9-800d-f0c343cd4a88 | B52: cmj8hj9y1006tzcr3su2t269i | C52: cmj8hjzfn007azcr355jaaltx | D52: test_ac15 | E52: Scenario_1_v2_lights | F52: 17 | G52: temporal_dynamics | H52: 0.1956 | I52: 0.42805915 | J52: 0.36125413 | K52: =J52-I52 -> -0.066805014 | L52: 0.69508286
A53: f307e76e-f508-42a9-800d-f0c343cd4a88 | B53: cmj8hj9y1006tzcr3su2t269i | C53: cmj8hjzfn007azcr355jaaltx | D53: test_ac15 | E53: Scenario_1_v2_lights | F53: 17 | G53: mathematics_computer_science_engineering | H53: 0.1716 | I53: 0.37547029 | J53: 0.36326795 | K53: =J53-I53 -> -0.012202341 | L53: 0.69508286
A54: f307e76e-f508-42a9-800d-f0c343cd4a88 | B54: cmj8hj9y1006tzcr3su2t269i | C54: cmj8hjzfn007azcr355jaaltx | D54: test_ac15 | E54: Scenario_1_v2_lights | F54: 17 | G54: imagination_and_possibility | H54: 0.1662 | I54: 0.36369285 | J54: 0.32094488 | K54: =J54-I54 -> -0.042747968 | L54: 0.69508286
A55: f307e76e-f508-42a9-800d-f0c343cd4a88 | B55: cmj8hj9y1006tzcr3su2t269i | C55: cmj8hjzfn007azcr355jaaltx | D55: test_ac15 | E55: Scenario_1_v2_lights | F55: 17 | G55: affective_interface | H55: 0.1613 | I55: 0.35286389 | J55: 0.31066635 | K55: =J55-I55 -> -0.04219754 | L55: 0.69508286
A56: f307e76e-f508-42a9-800d-f0c343cd4a88 | B56: cmj8hj9y1006tzcr3su2t269i | C56: cmj8hjzfn007azcr355jaaltx | D56: test_ac15 | E56: Scenario_1_v2_lights | F56: 17 | G56: truth_and_fact | H56: 0.1 | I56: 0.29925183 | J56: 0.27281636 | K56: =J56-I56 -> -0.026435472 | L56: 0.69508286
A57: c255cb12-1f32-4074-935d-ae8eae51d51a | B57: cmj8hlr00007ezcr3juehpzcx | C57: cmj8hmmzr007vzcr3ah7lk9q8 | D57: test_ac15 | E57: Scenario_1_v2_lights | F57: 19 | G57: practicality_and_feasibility | H57: 0.2066 | I57: 0.35267839 | J57: 0.39752517 | K57: =J57-I57 -> 0.044846774 | L57: 0.70158644 | N57: =AVERAGE(K57:K62) -> 0.040890779
A58: c255cb12-1f32-4074-935d-ae8eae51d51a | B58: cmj8hlr00007ezcr3juehpzcx | C58: cmj8hmmzr007vzcr3ah7lk9q8 | D58: test_ac15 | E58: Scenario_1_v2_lights | F58: 19 | G58: temporal_dynamics | H58: 0.1953 | I58: 0.33352978 | J58: 0.35103471 | K58: =J58-I58 -> 0.017504931 | L58: 0.70158644
A59: c255cb12-1f32-4074-935d-ae8eae51d51a | B59: cmj8hlr00007ezcr3juehpzcx | C59: cmj8hmmzr007vzcr3ah7lk9q8 | D59: test_ac15 | E59: Scenario_1_v2_lights | F59: 19 | G59: mathematics_computer_science_engineering | H59: 0.1774 | I59: 0.30291105 | J59: 0.37231955 | K59: =J59-I59 -> 0.069408496 | L59: 0.70158644
A60: c255cb12-1f32-4074-935d-ae8eae51d51a | B60: cmj8hlr00007ezcr3juehpzcx | C60: cmj8hmmzr007vzcr3ah7lk9q8 | D60: test_ac15 | E60: Scenario_1_v2_lights | F60: 19 | G60: imagination_and_possibility | H60: 0.1634 | I60: 0.27902586 | J60: 0.30407942 | K60: =J60-I60 -> 0.025053563 | L60: 0.70158644
A61: c255cb12-1f32-4074-935d-ae8eae51d51a | B61: cmj8hlr00007ezcr3juehpzcx | C61: cmj8hmmzr007vzcr3ah7lk9q8 | D61: test_ac15 | E61: Scenario_1_v2_lights | F61: 19 | G61: sovereignty | H61: 0.1572 | I61: 0.26847417 | J61: 0.30224173 | K61: =J61-I61 -> 0.033767558 | L61: 0.70158644
A62: c255cb12-1f32-4074-935d-ae8eae51d51a | B62: cmj8hlr00007ezcr3juehpzcx | C62: cmj8hmmzr007vzcr3ah7lk9q8 | D62: test_ac15 | E62: Scenario_1_v2_lights | F62: 19 | G62: truth_and_fact | H62: 0.1 | I62: 0.21819308 | J62: 0.27295643 | K62: =J62-I62 -> 0.054763352 | L62: 0.70158644
A63: 29a061a6-43cc-43d6-97e6-40abf426d817 | B63: cmj8ho8c1007zzcr3zqom49o0 | C63: cmj8hp44b008gzcr3jwvn24ua | D63: test_ac15 | E63: Scenario_1_v2_lights | F63: 21 | G63: practicality_and_feasibility | H63: 0.1988 | I63: 0.30656129 | J63: 0.38231793 | K63: =J63-I63 -> 0.075756647 | L63: 0.69702804 | N63: =AVERAGE(K63:K68) -> 0.0598247
A64: 29a061a6-43cc-43d6-97e6-40abf426d817 | B64: cmj8ho8c1007zzcr3zqom49o0 | C64: cmj8hp44b008gzcr3jwvn24ua | D64: test_ac15 | E64: Scenario_1_v2_lights | F64: 21 | G64: temporal_dynamics | H64: 0.1917 | I64: 0.29566393 | J64: 0.36554471 | K64: =J64-I64 -> 0.06988078 | L64: 0.69702804
A65: 29a061a6-43cc-43d6-97e6-40abf426d817 | B65: cmj8ho8c1007zzcr3zqom49o0 | C65: cmj8hp44b008gzcr3jwvn24ua | D65: test_ac15 | E65: Scenario_1_v2_lights | F65: 21 | G65: mathematics_computer_science_engineering | H65: 0.1833 | I65: 0.28263952 | J65: 0.32874725 | K65: =J65-I65 -> 0.046107727 | L65: 0.69702804
A66: 29a061a6-43cc-43d6-97e6-40abf426d817 | B66: cmj8ho8c1007zzcr3zqom49o0 | C66: cmj8hp44b008gzcr3jwvn24ua | D66: test_ac15 | E66: Scenario_1_v2_lights | F66: 21 | G66: sovereignty | H66: 0.1692 | I66: 0.26099754 | J66: 0.32976399 | K66: =J66-I66 -> 0.068766451 | L66: 0.69702804
A67: 29a061a6-43cc-43d6-97e6-40abf426d817 | B67: cmj8ho8c1007zzcr3zqom49o0 | C67: cmj8hp44b008gzcr3jwvn24ua | D67: test_ac15 | E67: Scenario_1_v2_lights | F67: 21 | G67: science | H67: 0.157 | I67: 0.24212542 | J67: 0.28609425 | K67: =J67-I67 -> 0.043968832 | L67: 0.69702804
A68: 29a061a6-43cc-43d6-97e6-40abf426d817 | B68: cmj8ho8c1007zzcr3zqom49o0 | C68: cmj8hp44b008gzcr3jwvn24ua | D68: test_ac15 | E68: Scenario_1_v2_lights | F68: 21 | G68: truth_and_fact | H68: 0.1 | I68: 0.19587597 | J68: 0.25034374 | K68: =J68-I68 -> 0.054467765 | L68: 0.69702804
A69: 4c3d7d18-2bb6-4d89-a8e9-eb19efc7e2ce | B69: cmj8hs91q008kzcr3up2an06b | C69: cmj8htdgm0091zcr3bfc6mihw | D69: test_ac15 | E69: Scenario_1_v2_lights | F69: 23 | G69: practicality_and_feasibility | H69: 0.2055 | I69: 0.29186027 | J69: 0.37830078 | K69: =J69-I69 -> 0.086440507 | L69: 0.78055884 | N69: =AVERAGE(K69:K74) -> 0.082711045
A70: 4c3d7d18-2bb6-4d89-a8e9-eb19efc7e2ce | B70: cmj8hs91q008kzcr3up2an06b | C70: cmj8htdgm0091zcr3bfc6mihw | D70: test_ac15 | E70: Scenario_1_v2_lights | F70: 23 | G70: sovereignty | H70: 0.1861 | I70: 0.26423422 | J70: 0.30488938 | K70: =J70-I70 -> 0.040655161 | L70: 0.78055884
A71: 4c3d7d18-2bb6-4d89-a8e9-eb19efc7e2ce | B71: cmj8hs91q008kzcr3up2an06b | C71: cmj8htdgm0091zcr3bfc6mihw | D71: test_ac15 | E71: Scenario_1_v2_lights | F71: 23 | G71: temporal_dynamics | H71: 0.1858 | I71: 0.26383026 | J71: 0.36822821 | K71: =J71-I71 -> 0.10439795 | L71: 0.78055884
A72: 4c3d7d18-2bb6-4d89-a8e9-eb19efc7e2ce | B72: cmj8hs91q008kzcr3up2an06b | C72: cmj8htdgm0091zcr3bfc6mihw | D72: test_ac15 | E72: Scenario_1_v2_lights | F72: 23 | G72: mathematics_computer_science_engineering | H72: 0.1632 | I72: 0.23176987 | J72: 0.32152979 | K72: =J72-I72 -> 0.089759925 | L72: 0.78055884
A73: 4c3d7d18-2bb6-4d89-a8e9-eb19efc7e2ce | B73: cmj8hs91q008kzcr3up2an06b | C73: cmj8htdgm0091zcr3bfc6mihw | D73: test_ac15 | E73: Scenario_1_v2_lights | F73: 23 | G73: affective_interface | H73: 0.1594 | I73: 0.22634032 | J73: 0.30642031 | K73: =J73-I73 -> 0.080079989 | L73: 0.78055884
A74: 4c3d7d18-2bb6-4d89-a8e9-eb19efc7e2ce | B74: cmj8hs91q008kzcr3up2an06b | C74: cmj8htdgm0091zcr3bfc6mihw | D74: test_ac15 | E74: Scenario_1_v2_lights | F74: 23 | G74: truth_and_fact | H74: 0.1 | I74: 0.15086961 | J74: 0.24580234 | K74: =J74-I74 -> 0.094932735 | L74: 0.78055884
A75: f1e7377a-35ad-4280-bf6c-7c86b840540b | B75: cmj8hueee0095zcr3fc3kuwpn | C75: cmj8hvcwl009mzcr3iqq2h3rg | D75: test_ac15 | E75: Scenario_1_v2_lights | F75: 25 | G75: practicality_and_feasibility | H75: 0.1988 | I75: 0.31743623 | J75: 0.41564662 | K75: =J75-I75 -> 0.098210394 | L75: 0.72081439 | N75: =AVERAGE(K75:K80) -> 0.097198497
A76: f1e7377a-35ad-4280-bf6c-7c86b840540b | B76: cmj8hueee0095zcr3fc3kuwpn | C76: cmj8hvcwl009mzcr3iqq2h3rg | D76: test_ac15 | E76: Scenario_1_v2_lights | F76: 25 | G76: temporal_dynamics | H76: 0.1901 | I76: 0.30357038 | J76: 0.3587249 | K76: =J76-I76 -> 0.055154521 | L76: 0.72081439
A77: f1e7377a-35ad-4280-bf6c-7c86b840540b | B77: cmj8hueee0095zcr3fc3kuwpn | C77: cmj8hvcwl009mzcr3iqq2h3rg | D77: test_ac15 | E77: Scenario_1_v2_lights | F77: 25 | G77: sovereignty | H77: 0.1852 | I77: 0.29572464 | J77: 0.36657625 | K77: =J77-I77 -> 0.07085161 | L77: 0.72081439
A78: f1e7377a-35ad-4280-bf6c-7c86b840540b | B78: cmj8hueee0095zcr3fc3kuwpn | C78: cmj8hvcwl009mzcr3iqq2h3rg | D78: test_ac15 | E78: Scenario_1_v2_lights | F78: 25 | G78: mathematics_computer_science_engineering | H78: 0.1677 | I78: 0.2677259 | J78: 0.39475663 | K78: =J78-I78 -> 0.12703073 | L78: 0.72081439
A79: f1e7377a-35ad-4280-bf6c-7c86b840540b | B79: cmj8hueee0095zcr3fc3kuwpn | C79: cmj8hvcwl009mzcr3iqq2h3rg | D79: test_ac15 | E79: Scenario_1_v2_lights | F79: 25 | G79: affective_interface | H79: 0.1583 | I79: 0.25275883 | J79: 0.36101947 | K79: =J79-I79 -> 0.10826064 | L79: 0.72081439
A80: f1e7377a-35ad-4280-bf6c-7c86b840540b | B80: cmj8hueee0095zcr3fc3kuwpn | C80: cmj8hvcwl009mzcr3iqq2h3rg | D80: test_ac15 | E80: Scenario_1_v2_lights | F80: 25 | G80: truth_and_fact | H80: 0.1 | I80: 0.20817356 | J80: 0.33185665 | K80: =J80-I80 -> 0.12368309 | L80: 0.72081439
A81: 9897d8e1-a94c-4328-a892-64ec11a1407a | B81: cmj8hxf01009qzcr3fq5j36ai | C81: cmj8hyc3900a7zcr3ecf46yzy | D81: test_ac15 | E81: Scenario_1_v2_lights | F81: 27 | G81: practicality_and_feasibility | H81: 0.1983 | I81: 0.36795588 | J81: 0.39005911 | K81: =J81-I81 -> 0.022103227 | L81: 0.74029899 | N81: =AVERAGE(K81:K86) -> 0.010077367
A82: 9897d8e1-a94c-4328-a892-64ec11a1407a | B82: cmj8hxf01009qzcr3fq5j36ai | C82: cmj8hyc3900a7zcr3ecf46yzy | D82: test_ac15 | E82: Scenario_1_v2_lights | F82: 27 | G82: temporal_dynamics | H82: 0.1781 | I82: 0.33034386 | J82: 0.36085239 | K82: =J82-I82 -> 0.030508523 | L82: 0.74029899
A83: 9897d8e1-a94c-4328-a892-64ec11a1407a | B83: cmj8hxf01009qzcr3fq5j36ai | C83: cmj8hyc3900a7zcr3ecf46yzy | D83: test_ac15 | E83: Scenario_1_v2_lights | F83: 27 | G83: sovereignty | H83: 0.1636 | I83: 0.30354062 | J83: 0.30663215 | K83: =J83-I83 -> 0.0030915275 | L83: 0.74029899
A84: 9897d8e1-a94c-4328-a892-64ec11a1407a | B84: cmj8hxf01009qzcr3fq5j36ai | C84: cmj8hyc3900a7zcr3ecf46yzy | D84: test_ac15 | E84: Scenario_1_v2_lights | F84: 27 | G84: mathematics_computer_science_engineering | H84: 0.1549 | I84: 0.28740742 | J84: 0.32510363 | K84: =J84-I84 -> 0.037696216 | L84: 0.74029899
A85: 9897d8e1-a94c-4328-a892-64ec11a1407a | B85: cmj8hxf01009qzcr3fq5j36ai | C85: cmj8hyc3900a7zcr3ecf46yzy | D85: test_ac15 | E85: Scenario_1_v2_lights | F85: 27 | G85: affective_interface | H85: 0.1532 | I85: 0.28426745 | J85: 0.27964323 | K85: =J85-I85 -> -0.0046242245 | L85: 0.74029899
A86: 9897d8e1-a94c-4328-a892-64ec11a1407a | B86: cmj8hxf01009qzcr3fq5j36ai | C86: cmj8hyc3900a7zcr3ecf46yzy | D86: test_ac15 | E86: Scenario_1_v2_lights | F86: 27 | G86: truth_and_fact | H86: 0.1518 | I86: 0.281615 | J86: 0.25330394 | K86: =J86-I86 -> -0.028311065 | L86: 0.74029899
A87: ca84fc01-a55f-44e4-a7d1-876416ba24a1 | B87: cmj8hznrj00abzcr3apzdvltx | C87: cmj8i0lkw00aszcr3shfj8jpp | D87: test_ac15 | E87: Scenario_1_v2_lights | F87: 29 | G87: practicality_and_feasibility | H87: 0.2167 | I87: 0.42100534 | J87: 0.45923156 | K87: =J87-I87 -> 0.038226227 | L87: 0.70744158 | N87: =AVERAGE(K87:K92) -> 0.043517645
A88: ca84fc01-a55f-44e4-a7d1-876416ba24a1 | B88: cmj8hznrj00abzcr3apzdvltx | C88: cmj8i0lkw00aszcr3shfj8jpp | D88: test_ac15 | E88: Scenario_1_v2_lights | F88: 29 | G88: temporal_dynamics | H88: 0.1991 | I88: 0.38678695 | J88: 0.38982545 | K88: =J88-I88 -> 0.0030385072 | L88: 0.70744158
A89: ca84fc01-a55f-44e4-a7d1-876416ba24a1 | B89: cmj8hznrj00abzcr3apzdvltx | C89: cmj8i0lkw00aszcr3shfj8jpp | D89: test_ac15 | E89: Scenario_1_v2_lights | F89: 29 | G89: mathematics_computer_science_engineering | H89: 0.1805 | I89: 0.35072709 | J89: 0.42062917 | K89: =J89-I89 -> 0.069902075 | L89: 0.70744158
A90: ca84fc01-a55f-44e4-a7d1-876416ba24a1 | B90: cmj8hznrj00abzcr3apzdvltx | C90: cmj8i0lkw00aszcr3shfj8jpp | D90: test_ac15 | E90: Scenario_1_v2_lights | F90: 29 | G90: imagination_and_possibility | H90: 0.1579 | I90: 0.30682334 | J90: 0.33611722 | K90: =J90-I90 -> 0.029293879 | L90: 0.70744158
A91: ca84fc01-a55f-44e4-a7d1-876416ba24a1 | B91: cmj8hznrj00abzcr3apzdvltx | C91: cmj8i0lkw00aszcr3shfj8jpp | D91: test_ac15 | E91: Scenario_1_v2_lights | F91: 29 | G91: sovereignty | H91: 0.1459 | I91: 0.28350447 | J91: 0.35584396 | K91: =J91-I91 -> 0.072339495 | L91: 0.70744158
A92: ca84fc01-a55f-44e4-a7d1-876416ba24a1 | B92: cmj8hznrj00abzcr3apzdvltx | C92: cmj8i0lkw00aszcr3shfj8jpp | D92: test_ac15 | E92: Scenario_1_v2_lights | F92: 29 | G92: truth_and_fact | H92: 0.1 | I92: 0.27022947 | J92: 0.31853515 | K92: =J92-I92 -> 0.048305687 | L92: 0.70744158
A93: 5ed12e06-24f7-4fc8-a326-f23f949a9e7d | B93: cmj8i2qc100awzcr34nxwd98z | C93: cmj8i3nlj00bdzcr3s45jkt01 | D93: test_ac15 | E93: Scenario_1_v2_lights | F93: 31 | G93: practicality_and_feasibility | H93: 0.2287 | I93: 0.39221424 | J93: 0.34389105 | K93: =J93-I93 -> -0.048323194 | L93: 0.71912587 | N93: =AVERAGE(K93:K98) -> 0.01126804
A94: 5ed12e06-24f7-4fc8-a326-f23f949a9e7d | B94: cmj8i2qc100awzcr34nxwd98z | C94: cmj8i3nlj00bdzcr3s45jkt01 | D94: test_ac15 | E94: Scenario_1_v2_lights | F94: 31 | G94: mathematics_computer_science_engineering | H94: 0.1804 | I94: 0.30941348 | J94: 0.30365363 | K94: =J94-I94 -> -0.0057598548 | L94: 0.71912587
A95: 5ed12e06-24f7-4fc8-a326-f23f949a9e7d | B95: cmj8i2qc100awzcr34nxwd98z | C95: cmj8i3nlj00bdzcr3s45jkt01 | D95: test_ac15 | E95: Scenario_1_v2_lights | F95: 31 | G95: temporal_dynamics | H95: 0.1801 | I95: 0.30876547 | J95: 0.34976989 | K95: =J95-I95 -> 0.041004417 | L95: 0.71912587
A96: 5ed12e06-24f7-4fc8-a326-f23f949a9e7d | B96: cmj8i2qc100awzcr34nxwd98z | C96: cmj8i3nlj00bdzcr3s45jkt01 | D96: test_ac15 | E96: Scenario_1_v2_lights | F96: 31 | G96: electricity | H96: 0.1555 | I96: 0.26667656 | J96: 0.27675818 | K96: =J96-I96 -> 0.010081619 | L96: 0.71912587
A97: 5ed12e06-24f7-4fc8-a326-f23f949a9e7d | B97: cmj8i2qc100awzcr34nxwd98z | C97: cmj8i3nlj00bdzcr3s45jkt01 | D97: test_ac15 | E97: Scenario_1_v2_lights | F97: 31 | G97: sovereignty | H97: 0.1553 | I97: 0.266229 | J97: 0.29518215 | K97: =J97-I97 -> 0.028953154 | L97: 0.71912587
A98: 5ed12e06-24f7-4fc8-a326-f23f949a9e7d | B98: cmj8i2qc100awzcr34nxwd98z | C98: cmj8i3nlj00bdzcr3s45jkt01 | D98: test_ac15 | E98: Scenario_1_v2_lights | F98: 31 | G98: truth_and_fact | H98: 0.1 | I98: 0.22406431 | J98: 0.26571641 | K98: =J98-I98 -> 0.041652098 | L98: 0.71912587
A99: 12df760c-3eba-46aa-9309-92a81f26aa51 | B99: cmj8i5iov00bhzcr3f9fnau09 | C99: cmj8i6m2l00byzcr360npwzpq | D99: test_ac15 | E99: Scenario_1_v2_lights | F99: 33 | G99: temporal_dynamics | H99: 0.201 | I99: 0.31714387 | J99: 0.37154069 | K99: =J99-I99 -> 0.054396824 | L99: 0.71888938 | N99: =AVERAGE(K99:K104) -> 0.046834317
A100: 12df760c-3eba-46aa-9309-92a81f26aa51 | B100: cmj8i5iov00bhzcr3f9fnau09 | C100: cmj8i6m2l00byzcr360npwzpq | D100: test_ac15 | E100: Scenario_1_v2_lights | F100: 33 | G100: practicality_and_feasibility | H100: 0.193 | I100: 0.30456195 | J100: 0.39385127 | K100: =J100-I100 -> 0.089289322 | L100: 0.71888938
A101: 12df760c-3eba-46aa-9309-92a81f26aa51 | B101: cmj8i5iov00bhzcr3f9fnau09 | C101: cmj8i6m2l00byzcr360npwzpq | D101: test_ac15 | E101: Scenario_1_v2_lights | F101: 33 | G101: electricity | H101: 0.1709 | I101: 0.26964192 | J101: 0.2503604 | K101: =J101-I101 -> -0.019281521 | L101: 0.71888938
...

Sheet notes
A1: p calculation
A3: 1. count | B3: =COUNT(scen1_ac15!K3:K152) -> 150
A4: 2. t statistic | B4: =scen1_ac15!Q3*SQRT((B3-2)/(1-scen1_ac15!Q3^2)) -> -1.4452829
A5: 3. p | B5: =_xlfn.T.DIST.2T(ABS(B4),B3-2) -> 0.15049252

Sheet actdel_prompt_response
A2: turn | B2: prompt_to_response | C2: Average activation/turn | H2: Correlation | I2: count | J2: T-statistic | K2: p
A4: 1 | B4: 0.82952135 | C4: 0.066168011 | H4: =CORREL(B4:B28,C4:C28) -> 0.24396669 | I4: =COUNT(C4:C28) -> 25 | J4: =H4*SQRT((I4-2)/(1-H4^2)) -> 1.2064786 | K4: =_xlfn.T.DIST.2T(ABS(J4),I4-2) -> 0.23989661
A5: 2 | B5: 0.73519371 | C5: 0.060061241
A6: 3 | B6: 0.73805452 | C6: 0.035609304
A7: 4 | B7: 0.63946145 | C7: 0.046881592
A8: 5 | B8: 0.6011484 | C8: 0.0054283418
A9: 6 | B9: 0.77349923 | C9: 0.014697263
A10: 7 | B10: 0.65742523 | C10: 0.082909871
A11: 8 | B11: 0.71261314 | C11: -0.0058417364
A12: 9 | B12: 0.69508286 | C12: -0.04011499
A13: 10 | B13: 0.70158644 | C13: 0.040890779
A14: 11 | B14: 0.69702804 | C14: 0.0598247
A15: 12 | B15: 0.78055884 | C15: 0.082711045
A16: 13 | B16: 0.72081439 | C16: 0.097198497
... A28: 25 | B28: 0.68313654 | C28: 0.045313309

Sheet inter-system stats
B4: ac15 | C4: control | D4: delta activation | E4: choose | F4: std. Ac15 | G4: std. Control | H4: F. test | I4: T. Test equal variances | J4: T.Test unequal | K4: Mean difference
A5: 1 | B5: 0.82952135 | C5: 0.84316826 | D5: =B5-C5 -> -0.013646912 | F5: =_xlfn.STDEV.S(B5:B29) -> 0.06078154 | G5: =_xlfn.STDEV.S(C5:C29) -> 0.11788306 | H5: =_xlfn.F.TEST(B5:B29,C5:C29) -> 0.0018992762 | I5: =_xlfn.T.TEST(B5:B29, C5:C29, 2,2) -> 4.6958715e-07 | J5: =_xlfn.T.TEST(B5:B29,C5:C29, 2,3) -> 1.2140351e-06 | K5: =AVERAGE(B5:B29)-AVERAGE(C5:C29) -> 0.154415
A6: 2 | B6: 0.73519371 | C6: 0.41048157 | D6: =B6-C6 -> 0.32471214 | E6: x
A7: 3 | B7: 0.73805452 | C7: 0.55797537 | D7: =B7-C7 -> 0.18007915 | E7: x
A8: 4 | B8: 0.63946145 | C8: 0.61915827 | D8: =B8-C8 -> 0.020303183
A9: 5 | B9: 0.6011484 | C9: 0.40396308 | D9: =B9-C9 -> 0.19718532 | E9: x
A10: 6 | B10: 0.77349923 | C10: 0.57074388 | D10: =B10-C10 -> 0.20275534 | E10: x
A11: 7 | B11: 0.65742523 | C11: 0.61160895 | D11: =B11-C11 -> 0.045816281
A12: 8 | B12: 0.71261314 | C12: 0.51665839 | D12: =B12-C12 -> 0.19595475 | E12: x
A13: 9 | B13: 0.69508286 | C13: 0.51910728 | D13: =B13-C13 -> 0.17597558 | E13: x
A14: 10 | B14: 0.70158644 | C14: 0.68124246 | D14: =B14-C14 -> 0.020343985
A15: 11 | B15: 0.69702804 | C15: 0.66509925 | D15: =B15-C15 -> 0.031928796
A16: 12 | B16: 0.78055884 | C16: 0.68559512 | D16: =B16-C16 -> 0.094963724
A17: 13 | B17: 0.72081439 | C17: 0.65114377 | D17: =B17-C17 -> 0.069670623
A18: 14 | B18: 0.74029899 | C18: 0.60348677 | D18: =B18-C18 -> 0.13681222
A19: 15 | B19: 0.70744158 | C19: 0.49806868 | D19: =B19-C19 -> 0.2093729 | E19: x
A20: 16 | B20: 0.71912587 | C20: 0.63037797 | D20: =B20-C20 -> 0.088747897
A21: 17 | B21: 0.71888938 | C21: 0.65792717 | D21: =B21-C21 -> 0.060962216
A22: 18 | B22: 0.73502249 | C22: 0.56086051 | D22: =B22-C22 -> 0.17416198 | E22: x
A23: 19 | B23: 0.58170038 | C23: 0.50207793 | D23: =B23-C23 -> 0.07962245
A24: 20 | B24: 0.84942539 | C24: 0.47716849 | D24: =B24-C24 -> 0.3722569 | E24: x
A25: 21 | B25: 0.78210709 | C25: 0.49071258 | D25: =B25-C25 -> 0.2913945 | E25: x
A26: 22 | B26: 0.67793147 | C26: 0.37364723 | D26: =B26-C26 -> 0.30428424 | E26: x
A27: 23 | B27: 0.72213492 | C27: 0.656355 | D27: =B27-C27 -> 0.065779927
A28: 24 | B28: 0.72781041 | C28: 0.57973183 | D28: =B28-C28 -> 0.14807859 | E28: x
A29: 25 | B29: 0.68313654 | C29: 0.30027741 | D29: =B29-C29 -> 0.38285913 | E29: x
A33: General
B34: Hybsem | C34: Hybrid | D34: ac15p | E34: ac15 | G34: ANOVA - Single Factor
B35: 0.82908352 | C35: 0.83430834 | D35: 0.82032979 | E35: 0.82952135 | G35: Alpha | H35: 0.05
B36: 0.7664449 | C36: 0.78737809 | D36: 0.76020895 | E36: 0.73519371
B37: 0.82081493 | C37: 0.82347011 | D37: 0.77935892 | E37: 0.73805452 | G37: Groups | H37: Count | I37: Sum | J37: Mean | K37: Variance
B38: 0.58934068 | C38: 0.64138219 | D38: 0.65547417 | E38: 0.63946145 | G38: Column 1 | H38: =COUNT('inter-system stats'!$B$34:$B$59) -> 25 | I38: =SUM('inter-system stats'!$B$34:$B$59) -> 18.326035 | J38: =AVERAGE('inter-system stats'!$B$34:$B$59) -> 0.73304139 | K38: =VAR('inter-system stats'!$B$34:$B$59) -> 0.0042880587
B39: 0.54993991 | C39: 0.64856074 | D39: 0.60148827 | E39: 0.6011484 | G39: Column 2 | H39: =COUNT('inter-system stats'!$C$34:$C$59) -> 25 | I39: =SUM('inter-system stats'!$C$34:$C$59) -> 18.263774 | J39: =AVERAGE('inter-system stats'!$C$34:$C$59) -> 0.73055098 | K39: =VAR('inter-system stats'!$C$34:$C$59) -> 0.0032014709
B40: 0.8063013 | C40: 0.73754073 | D40: 0.80260511 | E40: 0.77349923 | G40: Column 3 | H40: =COUNT('inter-system stats'!$D$34:$D$59) -> 25 | I40: =SUM('inter-system stats'!$D$34:$D$59) -> 18.268163 | J40: =AVERAGE('inter-system stats'!$D$34:$D$59) -> 0.73072651 | K40: =VAR('inter-system stats'!$D$34:$D$59) -> 0.004609989
B41: 0.65442075 | C41: 0.63496808 | D41: 0.64887842 | E41: 0.65742523 | G41: Column 4 | H41: =COUNT('inter-system stats'!$E$34:$E$59) -> 25 | I41: =SUM('inter-system stats'!$E$34:$E$59) -> 17.927012 | J41: =AVERAGE('inter-system stats'!$E$34:$E$59) -> 0.71708049 | K41: =VAR('inter-system stats'!$E$34:$E$59) -> 0.0036943957
B42: 0.74745701 | C42: 0.74640085 | D42: 0.75255045 | E42: 0.71261314
B43: 0.76315444 | C43: 0.68880534 | D43: 0.72599844 | E43: 0.69508286 | G43: Source of Variation | H43: SS | I43: df | J43: MS | K43: F | L43: P-value | M43: F critical
B44: 0.74529883 | C44: 0.74363979 | D44: 0.70681936 | E44: 0.70158644 | G44: Between Groups | H44: =SUMPRODUCT('inter-system stats'!$I$38:$I$41,'inter-system stats'!$J$38:$J$41)-SUM('inter-system stats'!$I$38:$I$41)^2/SUM('inter-system stats'!$H$38:$H$41) -> 0.0039625637 | I44: =COUNT('inter-system stats'!$I$38:$I$41)-1 -> 3 | J44: ='inter-system stats'!$H$44 / 'inter-system stats'!$I$44 -> 0.0013208546 | K44: ='inter-system stats'!$J$44 / 'inter-system stats'!$J$45 -> 0.33452241 | L44: =FDIST('inter-system stats'!$K$44, 'inter-system stats'!$I$44, 'inter-system stats'!$I$45) -> 0.80039762 | M44: =FINV('inter-system stats'!$H$35, 'inter-system stats'!$I$44, 'inter-system stats'!$I$45) -> 2.6993926
B45: 0.70359943 | C45: 0.71319147 | D45: 0.66388414 | E45: 0.69702804 | G45: Within Groups | H45: =SUM(DEVSQ('inter-system stats'!$B$34:$B$59),DEVSQ('inter-system stats'!$C$34:$C$59),DEVSQ('inter-system stats'!$D$34:$D$59),DEVSQ('inter-system stats'!$E$34:$E$59)) -> 0.37905394 | I45: =SUM('inter-system stats'!$H$38:$H$41)-COUNT('inter-system stats'!$H$38:$H$41) -> 96 | J45: ='inter-system stats'!$H$45 / 'inter-system stats'!$I$45 -> 0.0039484785
B46: 0.79229112 | C46: 0.76713896 | D46: 0.80868052 | E46: 0.78055884 | G46: Total | H46: =DEVSQ('inter-system stats'!$B$34:$B$59,'inter-system stats'!$C$34:$C$59,'inter-system stats'!$D$34:$D$59,'inter-system stats'!$E$34:$E$59) -> 0.3830165 | I46: =SUM('inter-system stats'!$H$38:$H$41) - 1 -> 99
B47: 0.74274884 | C47: 0.72568927 | D47: 0.69778979 | E47: 0.72081439
B48: 0.73073903 | C48: 0.68375138 | D48: 0.74964989 | E48: 0.74029899
B49: 0.72750153 | C49: 0.77881066 | D49: 0.73696733 | E49: 0.70744158
B50: 0.69212024 | C50: 0.72071281 | D50: 0.76410474 | E50: 0.71912587
B51: 0.71954954 | C51: 0.77253676 | D51: 0.72250109 | E51: 0.71888938
B52: 0.70854009 | C52: 0.70540047 | D52: 0.68518215 | E52: 0.73502249
B53: 0.70677586 | C53: 0.6540305 | D53: 0.57422987 | E53: 0.58170038
B54: 0.81055278 | C54: 0.81993506 | D54: 0.86281466 | E54: 0.84942539
B55: 0.77965151 | C55: 0.77593529 | D55: 0.7664436 | E55: 0.78210709
B56: 0.70701265 | C56: 0.68930606 | D56: 0.75721945 | E56: 0.67793147
B57: 0.7594112 | C57: 0.75786237 | D57: 0.75138095 | E57: 0.72213492
B58: 0.75462219 | C58: 0.70672767 | D58: 0.7835788 | E58: 0.72781041
B59: 0.71866241 | C59: 0.70629147 | D59: 0.69002391 | E59: 0.68313654
A62: Graphs
A65: turns | B65: Hybsem | C65: Hybrid | D65: ac15p | E65: ac15 | F65: control
A66: 1 | B66: 0.82908352 | C66: 0.83430834 | D66: 0.82032979 | E66: 0.82952135 | F66: 0.84316826
A67: 2 | B67: 0.7664449 | C67: 0.78737809 | D67: 0.76020895 | E67: 0.73519371 | F67: 0.41048157
A68: 3 | B68: 0.82081493 | C68: 0.82347011 | D68: 0.77935892 | E68: 0.73805452 | F68: 0.55797537
A69: 4 | B69: 0.58934068 | C69: 0.64138219 | D69: 0.65547417 | E69: 0.63946145 | F69: 0.61915827
A70: 5 | B70: 0.54993991 | C70: 0.64856074 | D70: 0.60148827 | E70: 0.6011484 | F70: 0.40396308
A71: 6 | B71: 0.8063013 | C71: 0.73754073 | D71: 0.80260511 | E71: 0.77349923 | F71: 0.57074388
A72: 7 | B72: 0.65442075 | C72: 0.63496808 | D72: 0.64887842 | E72: 0.65742523 | F72: 0.61160895
A73: 8 | B73: 0.74745701 | C73: 0.74640085 | D73: 0.75255045 | E73: 0.71261314 | F73: 0.51665839
A74: 9 | B74: 0.76315444 | C74: 0.68880534 | D74: 0.72599844 | E74: 0.69508286 | F74: 0.51910728
A75: 10 | B75: 0.74529883 | C75: 0.74363979 | D75: 0.70681936 | E75: 0.70158644 | F75: 0.68124246
A76: 11 | B76: 0.70359943 | C76: 0.71319147 | D76: 0.66388414 | E76: 0.69702804 | F76: 0.66509925
A77: 12 | B77: 0.79229112 | C77: 0.76713896 | D77: 0.80868052 | E77: 0.78055884 | F77: 0.68559512
... A90: 25 | B90: 0.71866241 | C90: 0.70629147 | D90: 0.69002391 | E90: 0.68313654 | F90: 0.30027741
B92: ANOVA - Single Factor
B93: Alpha | C93: 0.05
B95: Groups | C95: Count | D95: Sum | E95: Mean | F95: Variance
B96: Column 1 | C96: =COUNT('inter-system stats'!$B$65:$B$90) -> 25 | D96: =SUM('inter-system stats'!$B$65:$B$90) -> 18.326035 | E96: =AVERAGE('inter-system stats'!$B$65:$B$90) -> 0.73304139 | F96: =VAR('inter-system stats'!$B$65:$B$90) -> 0.0042880587
B97: Column 2 | C97: =COUNT('inter-system stats'!$C$65:$C$90) -> 25 | D97: =SUM('inter-system stats'!$C$65:$C$90) -> 18.263774 | E97: =AVERAGE('inter-system stats'!$C$65:$C$90) -> 0.73055098 | F97: =VAR('inter-system stats'!$C$65:$C$90) -> 0.0032014709
B98: Column 3 | C98: =COUNT('inter-system stats'!$D$65:$D$90) -> 25 | D98: =SUM('inter-system stats'!$D$65:$D$90) -> 18.268163 | E98: =AVERAGE('inter-system stats'!$D$65:$D$90) -> 0.73072651 | F98: =VAR('inter-system stats'!$D$65:$D$90) -> 0.004609989
B99: Column 4 | C99: =COUNT('inter-system stats'!$E$65:$E$90) -> 25 | D99: =SUM('inter-system stats'!$E$65:$E$90) -> 17.927012 | E99: =AVERAGE('inter-system stats'!$E$65:$E$90) -> 0.71708049 | F99: =VAR('inter-system stats'!$E$65:$E$90) -> 0.0036943957
B100: Column 5 | C100: =COUNT('inter-system stats'!$F$65:$F$90) -> 25 | D100: =SUM('inter-system stats'!$F$65:$F$90) -> 14.066637 | E100: =AVERAGE('inter-system stats'!$F$65:$F$90) -> 0.56266549 | F100: =VAR('inter-system stats'!$F$65:$F$90) -> 0.013896415
B102: Source of Variation | C102: SS | D102: df | E102: MS | F102: F | G102: P-value | H102: F critical
B103: Between Groups | C103: =SUMPRODUCT('inter-system stats'!$D$96:$D$100,'inter-system stats'!$E$96:$E$100)-SUM('inter-system stats'!$D$96:$D$100)^2/SUM('inter-system stats'!$C$96:$C$100) -> 0.54967997 | D103: =COUNT('inter-system stats'!$D$96:$D$100)-1 -> 4 | E103: ='inter-system stats'!$C$103 / 'inter-system stats'!$D$103 -> 0.13741999 | F103: ='inter-system stats'!$E$103 / 'inter-system stats'!$E$104 -> 23.142214 | G103: =FDIST('inter-system stats'!$F$103, 'inter-system stats'!$D$103, 'inter-system stats'!$D$104) -> 3.422348e-14 | H103: =FINV('inter-system stats'!$C$93, 'inter-system stats'!$D$103, 'inter-system stats'!$D$104) -> 2.4472365
B104: Within Groups | C104: =SUM(DEVSQ('inter-system stats'!$B$65:$B$90),DEVSQ('inter-system stats'!$C$65:$C$90),DEVSQ('inter-system stats'!$D$65:$D$90),DEVSQ('inter-system stats'!$E$65:$E$90),DEVSQ('inter-system stats'!$F$65:$F$90)) -> 0.7125679 | D104: =SUM('inter-system stats'!$C$96:$C$100)-COUNT('inter-system stats'!$C$96:$C$100) -> 120 | E104: ='inter-system stats'!$C$104 / 'inter-system stats'!$D$104 -> 0.0059380658
B105: Total | C105: =DEVSQ('inter-system stats'!$B$65:$B$90,'inter-system stats'!$C$65:$C$90,'inter-system stats'!$D$65:$D$90,'inter-system stats'!$E$65:$E$90,'inter-system stats'!$F$65:$F$90) -> 1.2622479 | D105: =SUM('inter-system stats'!$C$96:$C$100) - 1 -> 124

Sheet std delta(sim)-delta(sim-1)
A2: General
B3: Hybsem | C3: Hybrid | D3: ac15p | E3: ac15
B4: 0.82908352 | C4: 0.83430834 | D4: 0.82032979 | E4: 0.82952135
B5: 0.7664449 | C5: 0.78737809 | D5: 0.76020895 | E5: 0.73519371
B6: 0.82081493 | C6: 0.82347011 | D6: 0.77935892 | E6: 0.73805452
B7: 0.58934068 | C7: 0.64138219 | D7: 0.65547417 | E7: 0.63946145
B8: 0.54993991 | C8: 0.64856074 | D8: 0.60148827 | E8: 0.6011484
B9: 0.8063013 | C9: 0.73754073 | D9: 0.80260511 | E9: 0.77349923
B10: 0.65442075 | C10: 0.63496808 | D10: 0.64887842 | E10: 0.65742523
B11: 0.74745701 | C11: 0.74640085 | D11: 0.75255045 | E11: 0.71261314
B12: 0.76315444 | C12: 0.68880534 | D12: 0.72599844 | E12: 0.69508286
B13: 0.74529883 | C13: 0.74363979 | D13: 0.70681936 | E13: 0.70158644
B14: 0.70359943 | C14: 0.71319147 | D14: 0.66388414 | E14: 0.69702804
B15: 0.79229112 | C15: 0.76713896 | D15: 0.80868052 | E15: 0.78055884
... B28: 0.71866241 | C28: 0.70629147 | D28: 0.69002391 | E28: 0.68313654
A31: sim(t)-sim(t-1) | G31: STDEV:
B32: Hybsem | C32: Hybrid | D32: ac15p | E32: ac15 | G32: Hybsem | H32: Hybrid | I32: ac15p | J32: ac15
A33: 2 | B33: =B5-B4 -> -0.062638614 | C33: =C5-C4 -> -0.046930248 | D33: =D5-D4 -> -0.060120837 | E33: =E5-E4 -> -0.094327639 | G33: =_xlfn.STDEV.S(B33:B56) -> 0.092058482 | H33: =_xlfn.STDEV.S(C33:C56) -> 0.079958501 | I33: =_xlfn.STDEV.S(D33:D56) -> 0.10509626 | J33: =_xlfn.STDEV.S(E33:E56) -> 0.091544494
A34: 3 | B34: =B6-B5 -> 0.054370024 | C34: =C6-C5 -> 0.036092019 | D34: =D6-D5 -> 0.019149966 | E34: =E6-E5 -> 0.002860809
A35: 4 | B35: =B7-B6 -> -0.23147425 | C35: =C7-C6 -> -0.18208792 | D35: =D7-D6 -> -0.12388475 | E35: =E7-E6 -> -0.098593069
A36: 5 | B36: =B8-B7 -> -0.03940077 | C36: =C8-C7 -> 0.0071785549 | D36: =D8-D7 -> -0.053985898 | E36: =E8-E7 -> -0.038313049
A37: 6 | B37: =B9-B8 -> 0.25636139 | C37: =C9-C8 -> 0.088979984 | D37: =D9-D8 -> 0.20111684 | E37: =E9-E8 -> 0.17235082
A38: 7 | B38: =B10-B9 -> -0.15188055 | C38: =C10-C9 -> -0.10257264 | D38: =D10-D9 -> -0.1537267 | E38: =E10-E9 -> -0.11607399
A39: 8 | B39: =B11-B10 -> 0.093036259 | C39: =C11-C10 -> 0.11143277 | D39: =D11-D10 -> 0.10367203 | E39: =E11-E10 -> 0.055187904
A40: 9 | B40: =B12-B11 -> 0.01569743 | C40: =C12-C11 -> -0.057595511 | D40: =D12-D11 -> -0.026552011 | E40: =E12-E11 -> -0.017530281
A41: 10 | B41: =B13-B12 -> -0.01785561 | C41: =C13-C12 -> 0.054834451 | D41: =D13-D12 -> -0.019179085 | E41: =E13-E12 -> 0.0065035839
A42: 11 | B42: =B14-B13 -> -0.041699399 | C42: =C14-C13 -> -0.030448329 | D42: =D14-D13 -> -0.04293522 | E42: =E14-E13 -> -0.0045583963
A43: 12 | B43: =B15-B14 -> 0.088691692 | C43: =C15-C14 -> 0.053947491 | D43: =D15-D14 -> 0.14479638 | E43: =E15-E14 -> 0.083530797
A44: 13 | B44: =B16-B15 -> -0.049542275 | C44: =C16-C15 -> -0.041449688 | D44: =D16-D15 -> -0.11089073 | E44: =E16-E15 -> -0.059744446
A45: 14 | B45: =B17-B16 -> -0.012009811 | C45: =C17-C16 -> -0.041937885 | D45: =D17-D16 -> 0.051860108 | E45: =E17-E16 -> 0.019484597
... A56: 25 | B56: =B28-B27 -> -0.035959773 | C56: =C28-C27 -> -0.00043619663 | D56: =D28-D27 -> -0.093554885 | E56: =E28-E27 -> -0.044673875
