Workbook

Sheet scen2_ac15
A1: turnId | B1: user_id | C1: assistant_id | D1: projectName | E1: sessionName | F1: seq | G1: anchorName | H1: weight | I1: promptSim | J1: responseSim | K1: activation delta | L1: prompt_to_response | N1: Average activation/turn | O1: average conversation activation | P1: count | Q1: correlation weights / activation delta | R1: p
A3: ff6ef636-b021-4a05-94dc-76edced40e73 | B3: cmja7ntys00i5zc4ends3iomi | C3: cmja7ova500imzc4e50vzek16 | D3: test_ac15 | E3: Scenario_2_v3 | F3: 1 | G3: practicality_and_feasibility | H3: 0.2058 | I3: 0.3033785 | J3: 0.38700011 | K3: =J3-I3 -> 0.08362161 | L3: 0.82022841 | N3: =AVERAGE(K3:K8) -> 0.096093869 | O3: =AVERAGE(K3:K141) -> 0.06608221 | P3: =COUNT(K3:K141) -> 139 | Q3: =CORREL(H3:H141,K3:K141) -> 0.16559238 | R3: 0.088
A4: ff6ef636-b021-4a05-94dc-76edced40e73 | B4: cmja7ntys00i5zc4ends3iomi | C4: cmja7ova500imzc4e50vzek16 | D4: test_ac15 | E4: Scenario_2_v3 | F4: 1 | G4: temporal_dynamics | H4: 0.1919 | I4: 0.28284332 | J4: 0.38817383 | K4: =J4-I4 -> 0.10533051 | L4: 0.82022841
A5: ff6ef636-b021-4a05-94dc-76edced40e73 | B5: cmja7ntys00i5zc4ends3iomi | C5: cmja7ova500imzc4e50vzek16 | D5: test_ac15 | E5: Scenario_2_v3 | F5: 1 | G5: mathematics_computer_science_engineering | H5: 0.182 | I5: 0.26834766 | J5: 0.35983603 | K5: =J5-I5 -> 0.091488371 | L5: 0.82022841
A6: ff6ef636-b021-4a05-94dc-76edced40e73 | B6: cmja7ntys00i5zc4ends3iomi | C6: cmja7ova500imzc4e50vzek16 | D6: test_ac15 | E6: Scenario_2_v3 | F6: 1 | G6: affective_interface | H6: 0.1602 | I6: 0.23617811 | J6: 0.32420733 | K6: =J6-I6 -> 0.088029222 | L6: 0.82022841
A7: ff6ef636-b021-4a05-94dc-76edced40e73 | B7: cmja7ntys00i5zc4ends3iomi | C7: cmja7ova500imzc4e50vzek16 | D7: test_ac15 | E7: Scenario_2_v3 | F7: 1 | G7: imagination_and_possibility | H7: 0.1601 | I7: 0.23608419 | J7: 0.3278449 | K7: =J7-I7 -> 0.091760706 | L7: 0.82022841
A8: ff6ef636-b021-4a05-94dc-76edced40e73 | B8: cmja7ntys00i5zc4ends3iomi | C8: cmja7ova500imzc4e50vzek16 | D8: test_ac15 | E8: Scenario_2_v3 | F8: 1 | G8: truth_and_fact | H8: 0.1 | I8: 0.12244252 | J8: 0.23877532 | K8: =J8-I8 -> 0.1163328 | L8: 0.82022841
A9: 0d240f00-4508-4047-aeca-047390fb69a8 | B9: cmja7qae200iqzc4ew0sy3lwo | C9: cmja7rchl00j7zc4euomo3uvl | D9: test_ac15 | E9: Scenario_2_v3 | F9: 3 | G9: practicality_and_feasibility | H9: 0.1939 | I9: 0.29185102 | J9: 0.39081759 | K9: =J9-I9 -> 0.098966563 | L9: 0.76459215 | N9: =AVERAGE(K9:K14) -> 0.092919337
A10: 0d240f00-4508-4047-aeca-047390fb69a8 | B10: cmja7qae200iqzc4ew0sy3lwo | C10: cmja7rchl00j7zc4euomo3uvl | D10: test_ac15 | E10: Scenario_2_v3 | F10: 3 | G10: temporal_dynamics | H10: 0.1889 | I10: 0.28444744 | J10: 0.36488515 | K10: =J10-I10 -> 0.080437707 | L10: 0.76459215
A11: 0d240f00-4508-4047-aeca-047390fb69a8 | B11: cmja7qae200iqzc4ew0sy3lwo | C11: cmja7rchl00j7zc4euomo3uvl | D11: test_ac15 | E11: Scenario_2_v3 | F11: 3 | G11: mathematics_computer_science_engineering | H11: 0.1848 | I11: 0.27814284 | J11: 0.37235356 | K11: =J11-I11 -> 0.09421072 | L11: 0.76459215
A12: 0d240f00-4508-4047-aeca-047390fb69a8 | B12: cmja7qae200iqzc4ew0sy3lwo | C12: cmja7rchl00j7zc4euomo3uvl | D12: test_ac15 | E12: Scenario_2_v3 | F12: 3 | G12: sovereignty | H12: 0.1733 | I12: 0.26090257 | J12: 0.31973055 | K12: =J12-I12 -> 0.058827983 | L12: 0.76459215
A13: 0d240f00-4508-4047-aeca-047390fb69a8 | B13: cmja7qae200iqzc4ew0sy3lwo | C13: cmja7rchl00j7zc4euomo3uvl | D13: test_ac15 | E13: Scenario_2_v3 | F13: 3 | G13: affective_interface | H13: 0.1591 | I13: 0.23953965 | J13: 0.35578605 | K13: =J13-I13 -> 0.1162464 | L13: 0.76459215
A14: 0d240f00-4508-4047-aeca-047390fb69a8 | B14: cmja7qae200iqzc4ew0sy3lwo | C14: cmja7rchl00j7zc4euomo3uvl | D14: test_ac15 | E14: Scenario_2_v3 | F14: 3 | G14: truth_and_fact | H14: 0.1 | I14: 0.17049908 | J14: 0.27932572 | K14: =J14-I14 -> 0.10882665 | L14: 0.76459215
A15: 1e00989b-8ba5-4412-a0ae-4469a1cd26c1 | B15: cmja7t05a00jbzc4e2nb0abl1 | C15: cmja7tojr00jszc4estitmwv5 | D15: test_ac15 | E15: Scenario_2_v3 | F15: 5 | G15: practicality_and_feasibility | H15: 0.1939 | I15: 0.35833567 | J15: 0.41726913 | K15: =J15-I15 -> 0.058933461 | L15: 0.72301136 | N15: =AVERAGE(K15:K20) -> 0.045096375
A16: 1e00989b-8ba5-4412-a0ae-4469a1cd26c1 | B16: cmja7t05a00jbzc4e2nb0abl1 | C16: cmja7tojr00jszc4estitmwv5 | D16: test_ac15 | E16: Scenario_2_v3 | F16: 5 | G16: temporal_dynamics | H16: 0.1901 | I16: 0.35125102 | J16: 0.39150162 | K16: =J16-I16 -> 0.0402506 | L16: 0.72301136
A17: 1e00989b-8ba5-4412-a0ae-4469a1cd26c1 | B17: cmja7t05a00jbzc4e2nb0abl1 | C17: cmja7tojr00jszc4estitmwv5 | D17: test_ac15 | E17: Scenario_2_v3 | F17: 5 | G17: mathematics_computer_science_engineering | H17: 0.1834 | I17: 0.33878726 | J17: 0.39699814 | K17: =J17-I17 -> 0.058210887 | L17: 0.72301136
A18: 1e00989b-8ba5-4412-a0ae-4469a1cd26c1 | B18: cmja7t05a00jbzc4e2nb0abl1 | C18: cmja7tojr00jszc4estitmwv5 | D18: test_ac15 | E18: Scenario_2_v3 | F18: 5 | G18: affective_interface | H18: 0.1777 | I18: 0.32839301 | J18: 0.36192687 | K18: =J18-I18 -> 0.033533862 | L18: 0.72301136
A19: 1e00989b-8ba5-4412-a0ae-4469a1cd26c1 | B19: cmja7t05a00jbzc4e2nb0abl1 | C19: cmja7tojr00jszc4estitmwv5 | D19: test_ac15 | E19: Scenario_2_v3 | F19: 5 | G19: science | H19: 0.1549 | I19: 0.28620055 | J19: 0.32592775 | K19: =J19-I19 -> 0.039727203 | L19: 0.72301136
A20: 1e00989b-8ba5-4412-a0ae-4469a1cd26c1 | B20: cmja7t05a00jbzc4e2nb0abl1 | C20: cmja7tojr00jszc4estitmwv5 | D20: test_ac15 | E20: Scenario_2_v3 | F20: 5 | G20: truth_and_fact | H20: 0.1 | I20: 0.2032307 | J20: 0.24315293 | K20: =J20-I20 -> 0.039922237 | L20: 0.72301136
A21: fa9c1b06-b05c-413d-b833-abca412700af | B21: cmja7vdp100jwzc4ehwy2mydu | C21: cmja7vz2100kdzc4exo90gnds | D21: test_ac15 | E21: Scenario_2_v3 | F21: 7 | G21: temporal_dynamics | H21: 0.2088 | I21: 0.32813141 | J21: 0.3352545 | K21: =J21-I21 -> 0.0071230905 | L21: 0.75642044 | N21: =AVERAGE(K21:K26) -> 0.052580262
A22: fa9c1b06-b05c-413d-b833-abca412700af | B22: cmja7vdp100jwzc4ehwy2mydu | C22: cmja7vz2100kdzc4exo90gnds | D22: test_ac15 | E22: Scenario_2_v3 | F22: 7 | G22: practicality_and_feasibility | H22: 0.1939 | I22: 0.30463705 | J22: 0.37884847 | K22: =J22-I22 -> 0.07421142 | L22: 0.75642044
A23: fa9c1b06-b05c-413d-b833-abca412700af | B23: cmja7vdp100jwzc4ehwy2mydu | C23: cmja7vz2100kdzc4exo90gnds | D23: test_ac15 | E23: Scenario_2_v3 | F23: 7 | G23: mathematics_computer_science_engineering | H23: 0.1743 | I23: 0.2738652 | J23: 0.34134469 | K23: =J23-I23 -> 0.067479493 | L23: 0.75642044
A24: fa9c1b06-b05c-413d-b833-abca412700af | B24: cmja7vdp100jwzc4ehwy2mydu | C24: cmja7vz2100kdzc4exo90gnds | D24: test_ac15 | E24: Scenario_2_v3 | F24: 7 | G24: imagination_and_possibility | H24: 0.1635 | I24: 0.25691842 | J24: 0.30583589 | K24: =J24-I24 -> 0.048917472 | L24: 0.75642044
A25: fa9c1b06-b05c-413d-b833-abca412700af | B25: cmja7vdp100jwzc4ehwy2mydu | C25: cmja7vz2100kdzc4exo90gnds | D25: test_ac15 | E25: Scenario_2_v3 | F25: 7 | G25: context_dependent_expression | H25: 0.1595 | I25: 0.25061048 | J25: 0.26441787 | K25: =J25-I25 -> 0.013807398 | L25: 0.75642044
A26: fa9c1b06-b05c-413d-b833-abca412700af | B26: cmja7vdp100jwzc4ehwy2mydu | C26: cmja7vz2100kdzc4exo90gnds | D26: test_ac15 | E26: Scenario_2_v3 | F26: 7 | G26: truth_and_fact | H26: 0.1 | I26: 0.14990223 | J26: 0.25384494 | K26: =J26-I26 -> 0.1039427 | L26: 0.75642044
A27: 648500d2-4c59-4a0d-81e6-00a10821f3c3 | B27: cmja7x49y00khzc4eryu1vt7s | C27: cmja7xwnn00kyzc4ee1ce55tn | D27: test_ac15 | E27: Scenario_2_v3 | F27: 9 | G27: practicality_and_feasibility | H27: 0.1979 | I27: 0.30217863 | J27: 0.38098 | K27: =J27-I27 -> 0.078801374 | L27: 0.62046218 | N27: =AVERAGE(K27:K32) -> 0.078793483
A28: 648500d2-4c59-4a0d-81e6-00a10821f3c3 | B28: cmja7x49y00khzc4eryu1vt7s | C28: cmja7xwnn00kyzc4ee1ce55tn | D28: test_ac15 | E28: Scenario_2_v3 | F28: 9 | G28: temporal_dynamics | H28: 0.1907 | I28: 0.29110324 | J28: 0.35169146 | K28: =J28-I28 -> 0.060588222 | L28: 0.62046218
A29: 648500d2-4c59-4a0d-81e6-00a10821f3c3 | B29: cmja7x49y00khzc4eryu1vt7s | C29: cmja7xwnn00kyzc4ee1ce55tn | D29: test_ac15 | E29: Scenario_2_v3 | F29: 9 | G29: sovereignty | H29: 0.1757 | I29: 0.26819993 | J29: 0.31463535 | K29: =J29-I29 -> 0.046435417 | L29: 0.62046218
A30: 648500d2-4c59-4a0d-81e6-00a10821f3c3 | B30: cmja7x49y00khzc4eryu1vt7s | C30: cmja7xwnn00kyzc4ee1ce55tn | D30: test_ac15 | E30: Scenario_2_v3 | F30: 9 | G30: affective_interface | H30: 0.1723 | I30: 0.26309495 | J30: 0.33218556 | K30: =J30-I30 -> 0.069090612 | L30: 0.62046218
A31: 648500d2-4c59-4a0d-81e6-00a10821f3c3 | B31: cmja7x49y00khzc4eryu1vt7s | C31: cmja7xwnn00kyzc4ee1ce55tn | D31: test_ac15 | E31: Scenario_2_v3 | F31: 9 | G31: mathematics_computer_science_engineering | H31: 0.1634 | I31: 0.24951848 | J31: 0.37266003 | K31: =J31-I31 -> 0.12314155 | L31: 0.62046218
A32: 648500d2-4c59-4a0d-81e6-00a10821f3c3 | B32: cmja7x49y00khzc4eryu1vt7s | C32: cmja7xwnn00kyzc4ee1ce55tn | D32: test_ac15 | E32: Scenario_2_v3 | F32: 9 | G32: truth_and_fact | H32: 0.1 | I32: 0.1889232 | J32: 0.28362691 | K32: =J32-I32 -> 0.094703716 | L32: 0.62046218
A33: fd036cb9-f09f-4656-a8c0-d2620210c5e3 | B33: cmja7zjod00l2zc4e4ehcsf1d | C33: cmja80ksn00ljzc4ew6crt6c2 | D33: test_ac15 | E33: Scenario_2_v3 | F33: 11 | G33: practicality_and_feasibility | H33: 0.3091 | I33: 0.2637185 | J33: 0.36767005 | K33: =J33-I33 -> 0.10395154 | L33: 0.798549 | N33: =AVERAGE(K33:K36) -> 0.092602588
A34: fd036cb9-f09f-4656-a8c0-d2620210c5e3 | B34: cmja7zjod00l2zc4e4ehcsf1d | C34: cmja80ksn00ljzc4ew6crt6c2 | D34: test_ac15 | E34: Scenario_2_v3 | F34: 11 | G34: temporal_dynamics | H34: 0.3023 | I34: 0.25788128 | J34: 0.34945593 | K34: =J34-I34 -> 0.091574656 | L34: 0.798549
A35: fd036cb9-f09f-4656-a8c0-d2620210c5e3 | B35: cmja7zjod00l2zc4e4ehcsf1d | C35: cmja80ksn00ljzc4ew6crt6c2 | D35: test_ac15 | E35: Scenario_2_v3 | F35: 11 | G35: mathematics_computer_science_engineering | H35: 0.2886 | I35: 0.24624592 | J35: 0.33690631 | K35: =J35-I35 -> 0.090660385 | L35: 0.798549
A36: fd036cb9-f09f-4656-a8c0-d2620210c5e3 | B36: cmja7zjod00l2zc4e4ehcsf1d | C36: cmja80ksn00ljzc4ew6crt6c2 | D36: test_ac15 | E36: Scenario_2_v3 | F36: 11 | G36: truth_and_fact | H36: 0.1 | I36: 0.15195909 | J36: 0.23618285 | K36: =J36-I36 -> 0.084223767 | L36: 0.798549
A37: 4547fea3-1318-4582-85e4-048adcfac381 | B37: cmja8222100lnzc4edmcsvl6c | C37: cmja82of700m4zc4ecssmiz4k | D37: test_ac15 | E37: Scenario_2_v3 | F37: 13 | G37: practicality_and_feasibility | H37: 0.2042 | I37: 0.26607846 | J37: 0.34001096 | K37: =J37-I37 -> 0.073932501 | L37: 0.75460376 | N37: =AVERAGE(K37:K42) -> 0.10184661
A38: 4547fea3-1318-4582-85e4-048adcfac381 | B38: cmja8222100lnzc4edmcsvl6c | C38: cmja82of700m4zc4ecssmiz4k | D38: test_ac15 | E38: Scenario_2_v3 | F38: 13 | G38: mathematics_computer_science_engineering | H38: 0.1944 | I38: 0.25340395 | J38: 0.34169139 | K38: =J38-I38 -> 0.088287442 | L38: 0.75460376
A39: 4547fea3-1318-4582-85e4-048adcfac381 | B39: cmja8222100lnzc4edmcsvl6c | C39: cmja82of700m4zc4ecssmiz4k | D39: test_ac15 | E39: Scenario_2_v3 | F39: 13 | G39: temporal_dynamics | H39: 0.1911 | I39: 0.24908622 | J39: 0.31987593 | K39: =J39-I39 -> 0.070789714 | L39: 0.75460376
A40: 4547fea3-1318-4582-85e4-048adcfac381 | B40: cmja8222100lnzc4edmcsvl6c | C40: cmja82of700m4zc4ecssmiz4k | D40: test_ac15 | E40: Scenario_2_v3 | F40: 13 | G40: affective_interface | H40: 0.1553 | I40: 0.20244794 | J40: 0.33099298 | K40: =J40-I40 -> 0.12854504 | L40: 0.75460376
A41: 4547fea3-1318-4582-85e4-048adcfac381 | B41: cmja8222100lnzc4edmcsvl6c | C41: cmja82of700m4zc4ecssmiz4k | D41: test_ac15 | E41: Scenario_2_v3 | F41: 13 | G41: sovereignty | H41: 0.1549 | I41: 0.20189747 | J41: 0.34493507 | K41: =J41-I41 -> 0.1430376 | L41: 0.75460376
A42: 4547fea3-1318-4582-85e4-048adcfac381 | B42: cmja8222100lnzc4edmcsvl6c | C42: cmja82of700m4zc4ecssmiz4k | D42: test_ac15 | E42: Scenario_2_v3 | F42: 13 | G42: truth_and_fact | H42: 0.1 | I42: 0.1338363 | J42: 0.24032363 | K42: =J42-I42 -> 0.10648734 | L42: 0.75460376
A43: 492f0c53-da3a-4012-8f68-5163dfe3e618 | B43: cmja84fgp00m8zc4ejqn4x9jj | C43: cmja84xsk00mpzc4eaph27xee | D43: test_ac15 | E43: Scenario_2_v3 | F43: 15 | G43: affective_interface | H43: 0.186 | I43: 0.32226638 | J43: 0.38561638 | K43: =J43-I43 -> 0.063350007 | L43: 0.78612837 | N43: =AVERAGE(K43:K48) -> 0.098795332
A44: 492f0c53-da3a-4012-8f68-5163dfe3e618 | B44: cmja84fgp00m8zc4ejqn4x9jj | C44: cmja84xsk00mpzc4eaph27xee | D44: test_ac15 | E44: Scenario_2_v3 | F44: 15 | G44: practicality_and_feasibility | H44: 0.184 | I44: 0.31884228 | J44: 0.44025918 | K44: =J44-I44 -> 0.12141691 | L44: 0.78612837
A45: 492f0c53-da3a-4012-8f68-5163dfe3e618 | B45: cmja84fgp00m8zc4ejqn4x9jj | C45: cmja84xsk00mpzc4eaph27xee | D45: test_ac15 | E45: Scenario_2_v3 | F45: 15 | G45: temporal_dynamics | H45: 0.1797 | I45: 0.31130736 | J45: 0.40230803 | K45: =J45-I45 -> 0.091000662 | L45: 0.78612837
A46: 492f0c53-da3a-4012-8f68-5163dfe3e618 | B46: cmja84fgp00m8zc4ejqn4x9jj | C46: cmja84xsk00mpzc4eaph27xee | D46: test_ac15 | E46: Scenario_2_v3 | F46: 15 | G46: mathematics_computer_science_engineering | H46: 0.1787 | I46: 0.30951587 | J46: 0.42711768 | K46: =J46-I46 -> 0.11760181 | L46: 0.78612837
A47: 492f0c53-da3a-4012-8f68-5163dfe3e618 | B47: cmja84fgp00m8zc4ejqn4x9jj | C47: cmja84xsk00mpzc4eaph27xee | D47: test_ac15 | E47: Scenario_2_v3 | F47: 15 | G47: sovereignty | H47: 0.1716 | I47: 0.297277 | J47: 0.37910263 | K47: =J47-I47 -> 0.081825625 | L47: 0.78612837
A48: 492f0c53-da3a-4012-8f68-5163dfe3e618 | B48: cmja84fgp00m8zc4ejqn4x9jj | C48: cmja84xsk00mpzc4eaph27xee | D48: test_ac15 | E48: Scenario_2_v3 | F48: 15 | G48: truth_and_fact | H48: 0.1 | I48: 0.19880198 | J48: 0.31637896 | K48: =J48-I48 -> 0.11757698 | L48: 0.78612837
A49: 560b638f-cc3b-4c15-bf7d-14e910ff851d | B49: cmja86hjz00mtzc4eg3c5sdh3 | C49: cmja871y000nazc4ee2kwl9ya | D49: test_ac15 | E49: Scenario_2_v3 | F49: 17 | G49: temporal_dynamics | H49: 0.2097 | I49: 0.39656237 | J49: 0.40482068 | K49: =J49-I49 -> 0.0082583117 | L49: 0.75325744 | N49: =AVERAGE(K49:K54) -> 0.024083629
A50: 560b638f-cc3b-4c15-bf7d-14e910ff851d | B50: cmja86hjz00mtzc4eg3c5sdh3 | C50: cmja871y000nazc4ee2kwl9ya | D50: test_ac15 | E50: Scenario_2_v3 | F50: 17 | G50: practicality_and_feasibility | H50: 0.1892 | I50: 0.35791177 | J50: 0.40660821 | K50: =J50-I50 -> 0.048696442 | L50: 0.75325744
A51: 560b638f-cc3b-4c15-bf7d-14e910ff851d | B51: cmja86hjz00mtzc4eg3c5sdh3 | C51: cmja871y000nazc4ee2kwl9ya | D51: test_ac15 | E51: Scenario_2_v3 | F51: 17 | G51: mathematics_computer_science_engineering | H51: 0.1689 | I51: 0.31950188 | J51: 0.37768313 | K51: =J51-I51 -> 0.058181247 | L51: 0.75325744
A52: 560b638f-cc3b-4c15-bf7d-14e910ff851d | B52: cmja86hjz00mtzc4eg3c5sdh3 | C52: cmja871y000nazc4ee2kwl9ya | D52: test_ac15 | E52: Scenario_2_v3 | F52: 17 | G52: affective_interface | H52: 0.1672 | I52: 0.31627926 | J52: 0.31344108 | K52: =J52-I52 -> -0.0028381761 | L52: 0.75325744
A53: 560b638f-cc3b-4c15-bf7d-14e910ff851d | B53: cmja86hjz00mtzc4eg3c5sdh3 | C53: cmja871y000nazc4ee2kwl9ya | D53: test_ac15 | E53: Scenario_2_v3 | F53: 17 | G53: imagination_and_possibility | H53: 0.1649 | I53: 0.31189661 | J53: 0.3540949 | K53: =J53-I53 -> 0.042198287 | L53: 0.75325744
A54: 560b638f-cc3b-4c15-bf7d-14e910ff851d | B54: cmja86hjz00mtzc4eg3c5sdh3 | C54: cmja871y000nazc4ee2kwl9ya | D54: test_ac15 | E54: Scenario_2_v3 | F54: 17 | G54: truth_and_fact | H54: 0.1 | I54: 0.27956042 | J54: 0.26956608 | K54: =J54-I54 -> -0.0099943398 | L54: 0.75325744
A55: 53d512bf-f89f-4c70-802d-3505a2265929 | B55: cmja883fc00nezc4er57q28n1 | C55: cmja88pg700nvzc4eca97ej9j | D55: test_ac15 | E55: Scenario_2_v3 | F55: 19 | G55: temporal_dynamics | H55: 0.2016 | I55: 0.3353779 | J55: 0.3591674 | K55: =J55-I55 -> 0.023789498 | L55: 0.80784383 | N55: =AVERAGE(K55:K60) -> 0.058489624
A56: 53d512bf-f89f-4c70-802d-3505a2265929 | B56: cmja883fc00nezc4er57q28n1 | C56: cmja88pg700nvzc4eca97ej9j | D56: test_ac15 | E56: Scenario_2_v3 | F56: 19 | G56: practicality_and_feasibility | H56: 0.1941 | I56: 0.32278573 | J56: 0.3824664 | K56: =J56-I56 -> 0.059680674 | L56: 0.80784383
A57: 53d512bf-f89f-4c70-802d-3505a2265929 | B57: cmja883fc00nezc4er57q28n1 | C57: cmja88pg700nvzc4eca97ej9j | D57: test_ac15 | E57: Scenario_2_v3 | F57: 19 | G57: mathematics_computer_science_engineering | H57: 0.1864 | I57: 0.31008344 | J57: 0.36761529 | K57: =J57-I57 -> 0.057531847 | L57: 0.80784383
A58: 53d512bf-f89f-4c70-802d-3505a2265929 | B58: cmja883fc00nezc4er57q28n1 | C58: cmja88pg700nvzc4eca97ej9j | D58: test_ac15 | E58: Scenario_2_v3 | F58: 19 | G58: imagination_and_possibility | H58: 0.1594 | I58: 0.26510783 | J58: 0.32183272 | K58: =J58-I58 -> 0.056724894 | L58: 0.80784383
A59: 53d512bf-f89f-4c70-802d-3505a2265929 | B59: cmja883fc00nezc4er57q28n1 | C59: cmja88pg700nvzc4eca97ej9j | D59: test_ac15 | E59: Scenario_2_v3 | F59: 19 | G59: affective_interface | H59: 0.1585 | I59: 0.26370435 | J59: 0.35025468 | K59: =J59-I59 -> 0.086550328 | L59: 0.80784383
A60: 53d512bf-f89f-4c70-802d-3505a2265929 | B60: cmja883fc00nezc4er57q28n1 | C60: cmja88pg700nvzc4eca97ej9j | D60: test_ac15 | E60: Scenario_2_v3 | F60: 19 | G60: truth_and_fact | H60: 0.1 | I60: 0.1919205 | J60: 0.25858101 | K60: =J60-I60 -> 0.066660505 | L60: 0.80784383
A61: 9be3713a-6f3a-4aa6-bf2a-b95fa4f958cc | B61: cmja89xif00nzzc4evk799uta | C61: cmja8aee300ogzc4eip5re0rk | D61: test_ac15 | E61: Scenario_2_v3 | F61: 21 | G61: temporal_dynamics | H61: 0.1996 | I61: 0.2633762 | J61: 0.38404511 | K61: =J61-I61 -> 0.12066891 | L61: 0.77810084 | N61: =AVERAGE(K61:K66) -> 0.10713842
A62: 9be3713a-6f3a-4aa6-bf2a-b95fa4f958cc | B62: cmja89xif00nzzc4evk799uta | C62: cmja8aee300ogzc4eip5re0rk | D62: test_ac15 | E62: Scenario_2_v3 | F62: 21 | G62: mathematics_computer_science_engineering | H62: 0.1852 | I62: 0.24437403 | J62: 0.35277472 | K62: =J62-I62 -> 0.10840069 | L62: 0.77810084
A63: 9be3713a-6f3a-4aa6-bf2a-b95fa4f958cc | B63: cmja89xif00nzzc4evk799uta | C63: cmja8aee300ogzc4eip5re0rk | D63: test_ac15 | E63: Scenario_2_v3 | F63: 21 | G63: practicality_and_feasibility | H63: 0.176 | I63: 0.23227316 | J63: 0.36887831 | K63: =J63-I63 -> 0.13660515 | L63: 0.77810084
A64: 9be3713a-6f3a-4aa6-bf2a-b95fa4f958cc | B64: cmja89xif00nzzc4evk799uta | C64: cmja8aee300ogzc4eip5re0rk | D64: test_ac15 | E64: Scenario_2_v3 | F64: 21 | G64: affective_interface | H64: 0.171 | I64: 0.22558921 | J64: 0.32092117 | K64: =J64-I64 -> 0.095331967 | L64: 0.77810084
A65: 9be3713a-6f3a-4aa6-bf2a-b95fa4f958cc | B65: cmja89xif00nzzc4evk799uta | C65: cmja8aee300ogzc4eip5re0rk | D65: test_ac15 | E65: Scenario_2_v3 | F65: 21 | G65: context_dependent_expression | H65: 0.1682 | I65: 0.22197964 | J65: 0.28959287 | K65: =J65-I65 -> 0.067613231 | L65: 0.77810084
A66: 9be3713a-6f3a-4aa6-bf2a-b95fa4f958cc | B66: cmja89xif00nzzc4evk799uta | C66: cmja8aee300ogzc4eip5re0rk | D66: test_ac15 | E66: Scenario_2_v3 | F66: 21 | G66: truth_and_fact | H66: 0.1 | I66: 0.12470823 | J66: 0.23891879 | K66: =J66-I66 -> 0.11421056 | L66: 0.77810084
A67: ac6d74d0-28b8-42a7-b5ce-5fe6d68a8ee0 | B67: cmja8jg7t00okzc4eteqijkt9 | C67: cmja8jz1o00p1zc4e6caap9at | D67: test_ac15 | E67: Scenario_2_v3 | F67: 23 | G67: temporal_dynamics | H67: 0.2474 | I67: 0.25397663 | J67: 0.33671656 | K67: =J67-I67 -> 0.082739929 | L67: 0.76245246 | N67: =AVERAGE(K67:K71) -> 0.11586751
A68: ac6d74d0-28b8-42a7-b5ce-5fe6d68a8ee0 | B68: cmja8jg7t00okzc4eteqijkt9 | C68: cmja8jz1o00p1zc4e6caap9at | D68: test_ac15 | E68: Scenario_2_v3 | F68: 23 | G68: practicality_and_feasibility | H68: 0.2317 | I68: 0.2379379 | J68: 0.37425132 | K68: =J68-I68 -> 0.13631342 | L68: 0.76245246
A69: ac6d74d0-28b8-42a7-b5ce-5fe6d68a8ee0 | B69: cmja8jg7t00okzc4eteqijkt9 | C69: cmja8jz1o00p1zc4e6caap9at | D69: test_ac15 | E69: Scenario_2_v3 | F69: 23 | G69: affective_interface | H69: 0.2172 | I69: 0.22296453 | J69: 0.34973185 | K69: =J69-I69 -> 0.12676732 | L69: 0.76245246
A70: ac6d74d0-28b8-42a7-b5ce-5fe6d68a8ee0 | B70: cmja8jg7t00okzc4eteqijkt9 | C70: cmja8jz1o00p1zc4e6caap9at | D70: test_ac15 | E70: Scenario_2_v3 | F70: 23 | G70: mathematics_computer_science_engineering | H70: 0.2037 | I70: 0.2091623 | J70: 0.32833563 | K70: =J70-I70 -> 0.11917333 | L70: 0.76245246
A71: ac6d74d0-28b8-42a7-b5ce-5fe6d68a8ee0 | B71: cmja8jg7t00okzc4eteqijkt9 | C71: cmja8jz1o00p1zc4e6caap9at | D71: test_ac15 | E71: Scenario_2_v3 | F71: 23 | G71: truth_and_fact | H71: 0.1 | I71: 0.11012483 | J71: 0.2244684 | K71: =J71-I71 -> 0.11434357 | L71: 0.76245246
A72: f3834b84-fee7-4052-bc2c-c0887655e5ac | B72: cmja8n7pf00p5zc4evq3ycg38 | C72: cmja8npp800pmzc4ei3limsku | D72: test_ac15 | E72: Scenario_2_v3 | F72: 25 | G72: practicality_and_feasibility | H72: 0.3191 | I72: 0.25367293 | J72: 0.3695991 | K72: =J72-I72 -> 0.11592617 | L72: 0.72002227 | N72: =AVERAGE(K72:K75) -> 0.10683628
A73: f3834b84-fee7-4052-bc2c-c0887655e5ac | B73: cmja8n7pf00p5zc4evq3ycg38 | C73: cmja8npp800pmzc4ei3limsku | D73: test_ac15 | E73: Scenario_2_v3 | F73: 25 | G73: temporal_dynamics | H73: 0.2965 | I73: 0.23570695 | J73: 0.33201395 | K73: =J73-I73 -> 0.096307002 | L73: 0.72002227
A74: f3834b84-fee7-4052-bc2c-c0887655e5ac | B74: cmja8n7pf00p5zc4evq3ycg38 | C74: cmja8npp800pmzc4ei3limsku | D74: test_ac15 | E74: Scenario_2_v3 | F74: 25 | G74: affective_interface | H74: 0.2844 | I74: 0.22611667 | J74: 0.33614744 | K74: =J74-I74 -> 0.11003077 | L74: 0.72002227
A75: f3834b84-fee7-4052-bc2c-c0887655e5ac | B75: cmja8n7pf00p5zc4evq3ycg38 | C75: cmja8npp800pmzc4ei3limsku | D75: test_ac15 | E75: Scenario_2_v3 | F75: 25 | G75: truth_and_fact | H75: 0.1 | I75: 0.1218423 | J75: 0.22692347 | K75: =J75-I75 -> 0.10508117 | L75: 0.72002227
A76: 08d84c6f-a397-47ae-a9c4-c0d9277c7511 | B76: cmja8sp9z00pqzc4epif918vv | C76: cmja8tcq100q7zc4ed2tn2cdr | D76: test_ac15 | E76: Scenario_2_v3 | F76: 27 | G76: practicality_and_feasibility | H76: 0.2111 | I76: 0.34855801 | J76: 0.42652131 | K76: =J76-I76 -> 0.077963304 | L76: 0.73869436 | N76: =AVERAGE(K76:K81) -> 0.077398941
A77: 08d84c6f-a397-47ae-a9c4-c0d9277c7511 | B77: cmja8sp9z00pqzc4epif918vv | C77: cmja8tcq100q7zc4ed2tn2cdr | D77: test_ac15 | E77: Scenario_2_v3 | F77: 27 | G77: temporal_dynamics | H77: 0.196 | I77: 0.32356749 | J77: 0.37774014 | K77: =J77-I77 -> 0.054172646 | L77: 0.73869436
A78: 08d84c6f-a397-47ae-a9c4-c0d9277c7511 | B78: cmja8sp9z00pqzc4epif918vv | C78: cmja8tcq100q7zc4ed2tn2cdr | D78: test_ac15 | E78: Scenario_2_v3 | F78: 27 | G78: mathematics_computer_science_engineering | H78: 0.1686 | I78: 0.27839394 | J78: 0.40805166 | K78: =J78-I78 -> 0.12965772 | L78: 0.73869436
A79: 08d84c6f-a397-47ae-a9c4-c0d9277c7511 | B79: cmja8sp9z00pqzc4epif918vv | C79: cmja8tcq100q7zc4ed2tn2cdr | D79: test_ac15 | E79: Scenario_2_v3 | F79: 27 | G79: imagination_and_possibility | H79: 0.1634 | I79: 0.26975659 | J79: 0.34149348 | K79: =J79-I79 -> 0.071736882 | L79: 0.73869436
A80: 08d84c6f-a397-47ae-a9c4-c0d9277c7511 | B80: cmja8sp9z00pqzc4epif918vv | C80: cmja8tcq100q7zc4ed2tn2cdr | D80: test_ac15 | E80: Scenario_2_v3 | F80: 27 | G80: affective_interface | H80: 0.161 | I80: 0.26586606 | J80: 0.32556243 | K80: =J80-I80 -> 0.059696367 | L80: 0.73869436
A81: 08d84c6f-a397-47ae-a9c4-c0d9277c7511 | B81: cmja8sp9z00pqzc4epif918vv | C81: cmja8tcq100q7zc4ed2tn2cdr | D81: test_ac15 | E81: Scenario_2_v3 | F81: 27 | G81: truth_and_fact | H81: 0.1 | I81: 0.18538892 | J81: 0.25655565 | K81: =J81-I81 -> 0.071166724 | L81: 0.73869436
A82: f78dc437-2e58-48a0-8461-f5ef02d8858e | B82: cmja8xd7p00qbzc4e05whg6ks | C82: cmja8y5id00qszc4ewlbr9lv4 | D82: test_ac15 | E82: Scenario_2_v3 | F82: 29 | G82: practicality_and_feasibility | H82: 0.2028 | I82: 0.33327468 | J82: 0.38376824 | K82: =J82-I82 -> 0.050493558 | L82: 0.74342183 | N82: =AVERAGE(K82:K87) -> 0.022951782
A83: f78dc437-2e58-48a0-8461-f5ef02d8858e | B83: cmja8xd7p00qbzc4e05whg6ks | C83: cmja8y5id00qszc4ewlbr9lv4 | D83: test_ac15 | E83: Scenario_2_v3 | F83: 29 | G83: mathematics_computer_science_engineering | H83: 0.1828 | I83: 0.30042832 | J83: 0.33271437 | K83: =J83-I83 -> 0.032286045 | L83: 0.74342183
A84: f78dc437-2e58-48a0-8461-f5ef02d8858e | B84: cmja8xd7p00qbzc4e05whg6ks | C84: cmja8y5id00qszc4ewlbr9lv4 | D84: test_ac15 | E84: Scenario_2_v3 | F84: 29 | G84: temporal_dynamics | H84: 0.1819 | I84: 0.29897932 | J84: 0.31922266 | K84: =J84-I84 -> 0.020243339 | L84: 0.74342183
A85: f78dc437-2e58-48a0-8461-f5ef02d8858e | B85: cmja8xd7p00qbzc4e05whg6ks | C85: cmja8y5id00qszc4ewlbr9lv4 | D85: test_ac15 | E85: Scenario_2_v3 | F85: 29 | G85: imagination_and_possibility | H85: 0.17 | I85: 0.27936082 | J85: 0.29151449 | K85: =J85-I85 -> 0.012153669 | L85: 0.74342183
A86: f78dc437-2e58-48a0-8461-f5ef02d8858e | B86: cmja8xd7p00qbzc4e05whg6ks | C86: cmja8y5id00qszc4ewlbr9lv4 | D86: test_ac15 | E86: Scenario_2_v3 | F86: 29 | G86: sovereignty | H86: 0.1624 | I86: 0.26688595 | J86: 0.26392183 | K86: =J86-I86 -> -0.0029641239 | L86: 0.74342183
A87: f78dc437-2e58-48a0-8461-f5ef02d8858e | B87: cmja8xd7p00qbzc4e05whg6ks | C87: cmja8y5id00qszc4ewlbr9lv4 | D87: test_ac15 | E87: Scenario_2_v3 | F87: 29 | G87: truth_and_fact | H87: 0.1 | I87: 0.17410097 | J87: 0.19959917 | K87: =J87-I87 -> 0.025498202 | L87: 0.74342183
A88: c90a8df3-ed0c-48c9-b806-6bf702ca06ab | B88: cmja8zqbh00qwzc4e5xc47zux | C88: cmja90dt200rdzc4e3ahnoqiu | D88: test_ac15 | E88: Scenario_2_v3 | F88: 31 | G88: temporal_dynamics | H88: 0.3088 | I88: 0.23701024 | J88: 0.36855833 | K88: =J88-I88 -> 0.1315481 | L88: 0.76347969 | N88: =AVERAGE(K88:K91) -> 0.11429277
A89: c90a8df3-ed0c-48c9-b806-6bf702ca06ab | B89: cmja8zqbh00qwzc4e5xc47zux | C89: cmja90dt200rdzc4e3ahnoqiu | D89: test_ac15 | E89: Scenario_2_v3 | F89: 31 | G89: mathematics_computer_science_engineering | H89: 0.2969 | I89: 0.22786152 | J89: 0.3332542 | K89: =J89-I89 -> 0.10539268 | L89: 0.76347969
A90: c90a8df3-ed0c-48c9-b806-6bf702ca06ab | B90: cmja8zqbh00qwzc4e5xc47zux | C90: cmja90dt200rdzc4e3ahnoqiu | D90: test_ac15 | E90: Scenario_2_v3 | F90: 31 | G90: practicality_and_feasibility | H90: 0.2944 | I90: 0.22593742 | J90: 0.34254999 | K90: =J90-I90 -> 0.11661256 | L90: 0.76347969
A91: c90a8df3-ed0c-48c9-b806-6bf702ca06ab | B91: cmja8zqbh00qwzc4e5xc47zux | C91: cmja90dt200rdzc4e3ahnoqiu | D91: test_ac15 | E91: Scenario_2_v3 | F91: 31 | G91: truth_and_fact | H91: 0.1 | I91: 0.12118232 | J91: 0.22480007 | K91: =J91-I91 -> 0.10361774 | L91: 0.76347969
A92: 36c4857e-f8ba-4592-adfc-4ccc57d5625b | B92: cmja91z1d00rhzc4ecszpwo1i | C92: cmja92rpl00ryzc4e8ry634w5 | D92: test_ac15 | E92: Scenario_2_v3 | F92: 33 | G92: temporal_dynamics | H92: 0.2515 | I92: 0.2671205 | J92: 0.35179614 | K92: =J92-I92 -> 0.084675637 | L92: 0.74466799 | N92: =AVERAGE(K92:K96) -> 0.091851675
A93: 36c4857e-f8ba-4592-adfc-4ccc57d5625b | B93: cmja91z1d00rhzc4ecszpwo1i | C93: cmja92rpl00ryzc4e8ry634w5 | D93: test_ac15 | E93: Scenario_2_v3 | F93: 33 | G93: practicality_and_feasibility | H93: 0.2233 | I93: 0.23719286 | J93: 0.34868557 | K93: =J93-I93 -> 0.11149271 | L93: 0.74466799
A94: 36c4857e-f8ba-4592-adfc-4ccc57d5625b | B94: cmja91z1d00rhzc4ecszpwo1i | C94: cmja92rpl00ryzc4e8ry634w5 | D94: test_ac15 | E94: Scenario_2_v3 | F94: 33 | G94: mathematics_computer_science_engineering | H94: 0.2167 | I94: 0.23009902 | J94: 0.33376058 | K94: =J94-I94 -> 0.10366155 | L94: 0.74466799
A95: 36c4857e-f8ba-4592-adfc-4ccc57d5625b | B95: cmja91z1d00rhzc4ecszpwo1i | C95: cmja92rpl00ryzc4e8ry634w5 | D95: test_ac15 | E95: Scenario_2_v3 | F95: 33 | G95: affective_interface | H95: 0.2085 | I95: 0.22143563 | J95: 0.30880839 | K95: =J95-I95 -> 0.087372757 | L95: 0.74466799
A96: 36c4857e-f8ba-4592-adfc-4ccc57d5625b | B96: cmja91z1d00rhzc4ecszpwo1i | C96: cmja92rpl00ryzc4e8ry634w5 | D96: test_ac15 | E96: Scenario_2_v3 | F96: 33 | G96: truth_and_fact | H96: 0.1 | I96: 0.12824974 | J96: 0.20030546 | K96: =J96-I96 -> 0.072055712 | L96: 0.74466799
A97: 1bb49172-ddf4-48fa-a52c-1f4b83272908 | B97: cmja950w800s2zc4evhlzprsj | C97: cmja95sba00sjzc4e1aqhburv | D97: test_ac15 | E97: Scenario_2_v3 | F97: 35 | G97: temporal_dynamics | H97: 0.1973 | I97: 0.33476803 | J97: 0.42490806 | K97: =J97-I97 -> 0.090140036 | L97: 0.69508995 | N97: =AVERAGE(K97:K102) -> 0.093067206
A98: 1bb49172-ddf4-48fa-a52c-1f4b83272908 | B98: cmja950w800s2zc4evhlzprsj | C98: cmja95sba00sjzc4e1aqhburv | D98: test_ac15 | E98: Scenario_2_v3 | F98: 35 | G98: practicality_and_feasibility | H98: 0.197 | I98: 0.33416142 | J98: 0.43315889 | K98: =J98-I98 -> 0.098997466 | L98: 0.69508995
A99: 1bb49172-ddf4-48fa-a52c-1f4b83272908 | B99: cmja950w800s2zc4evhlzprsj | C99: cmja95sba00sjzc4e1aqhburv | D99: test_ac15 | E99: Scenario_2_v3 | F99: 35 | G99: mathematics_computer_science_engineering | H99: 0.1796 | I99: 0.3046102 | J99: 0.37958468 | K99: =J99-I99 -> 0.074974472 | L99: 0.69508995
A100: 1bb49172-ddf4-48fa-a52c-1f4b83272908 | B100: cmja950w800s2zc4evhlzprsj | C100: cmja95sba00sjzc4e1aqhburv | D100: test_ac15 | E100: Scenario_2_v3 | F100: 35 | G100: affective_interface | H100: 0.1638 | I100: 0.27785832 | J100: 0.37952508 | K100: =J100-I100 -> 0.10166676 | L100: 0.69508995
A101: 1bb49172-ddf4-48fa-a52c-1f4b83272908 | B101: cmja950w800s2zc4evhlzprsj | C101: cmja95sba00sjzc4e1aqhburv | D101: test_ac15 | E101: Scenario_2_v3 | F101: 35 | G101: imagination_and_possibility | H101: 0.1623 | I101: 0.2753037 | J101: 0.3541926 | K101: =J101-I101 -> 0.078888902 | L101: 0.69508995
...

Sheet notes
A1: p calculation
A3: 1. count | B3: =scen2_ac15!P3 -> 139
A4: 2. t statistic | B4: =B10*SQRT((B3-2)/(1-B10^2)) -> 1.9653421
A5: 3. p | B5: =_xlfn.T.DIST.2T(ABS(B4),B3-2) -> 0.051397368
A9: count | B9: correlation weights / activation delta
A10: =B3 -> 139 | B10: =scen2_ac15!Q3 -> 0.16559238

Sheet actdel_prompt_response
B1: prompt_to_response | C1: Average activation/turn | H1: Correlation | I1: count | J1: T-statistic | K1: p
A2: Turn
A3: 1 | B3: 0.82022841 | C3: 0.096093869 | H3: =CORREL(B3:B27,C3:C27) -> 0.14143322 | I3: =COUNT(C3:C27) -> 25 | J3: =H3*SQRT((I3-2)/(1-H3^2)) -> 0.68517743 | K3: =_xlfn.T.DIST.2T(ABS(J3),I3-2) -> 0.50007979
A4: 2 | B4: 0.76459215 | C4: 0.092919337
A5: 3 | B5: 0.72301136 | C5: 0.045096375
A6: 4 | B6: 0.75642044 | C6: 0.052580262
A7: 5 | B7: 0.62046218 | C7: 0.078793483
A8: 6 | B8: 0.798549 | C8: 0.092602588
A9: 7 | B9: 0.75460376 | C9: 0.10184661
A10: 8 | B10: 0.78612837 | C10: 0.098795332
A11: 9 | B11: 0.75325744 | C11: 0.024083629
A12: 10 | B12: 0.80784383 | C12: 0.058489624
A13: 11 | B13: 0.77810084 | C13: 0.10713842
A14: 12 | B14: 0.76245246 | C14: 0.11586751
A15: 13 | B15: 0.72002227 | C15: 0.10683628
... A27: 25 | B27: 0.73057748 | C27: 0.068263477

Sheet inter_system_stats
B2: Prompt-response
A3: turns | B3: ac15 | C3: control | E3: std. Ac15 | F3: std. Control | G3: F. test | H3: T. Test equal variances | I3: T.Test unequal | J3: Mean difference | K3: average scenario | L3: average control
A4: 1 | B4: 0.82022841 | C4: 0.81423911 | E4: =_xlfn.STDEV.S(B4:B28) -> 0.046176143 | F4: =_xlfn.STDEV.S(C4:C28) -> 0.11577762 | G4: =_xlfn.F.TEST(B4:B28,C4:C28) -> 2.7403314e-05 | H4: =_xlfn.T.TEST(B4:B28, C4:C28, 2,2) -> 2.8150938e-11 | I4: =_xlfn.T.TEST(B4:B28,C4:C28, 2,3) -> 9.2678175e-10 | J4: =AVERAGE(B4:B28)-AVERAGE(C4:C28) -> 0.21427897 | K4: =AVERAGE(B4:B28) -> 0.75129303 | L4: =AVERAGE(C4:C28) -> 0.53701406
A5: 2 | B5: 0.76459215 | C5: 0.49037431
A6: 3 | B6: 0.72301136 | C6: 0.51102033
A7: 4 | B7: 0.75642044 | C7: 0.73212747
A8: 5 | B8: 0.62046218 | C8: 0.5045879
A9: 6 | B9: 0.798549 | C9: 0.62221695
A10: 7 | B10: 0.75460376 | C10: 0.5682134
A11: 8 | B11: 0.78612837 | C11: 0.41336821
A12: 9 | B12: 0.75325744 | C12: 0.4696191
A13: 10 | B13: 0.80784383 | C13: 0.70259754
A14: 11 | B14: 0.77810084 | C14: 0.53574689
A15: 12 | B15: 0.76245246 | C15: 0.61680633
A16: 13 | B16: 0.72002227 | C16: 0.52630891
... A28: 25 | B28: 0.73057748 | C28: 0.36540877
B33: Prompt-response
A35: turns | B35: ac15 | C35: hybrid | D35: ac15p | E35: hybsem | G35: ANOVA - Single Factor
A36: 1 | B36: 0.82022841 | C36: 0.82558738 | D36: 0.84283713 | E36: 0.82646574 | G36: Alpha | H36: 0.05
A37: 2 | B37: 0.76459215 | C37: 0.7843254 | D37: 0.75574435 | E37: 0.76029579
A38: 3 | B38: 0.72301136 | C38: 0.74701543 | D38: 0.75246139 | E38: 0.7455131 | G38: Groups | H38: Count | I38: Sum | J38: Mean | K38: Variance
A39: 4 | B39: 0.75642044 | C39: 0.74257299 | D39: 0.75523994 | E39: 0.74023798 | G39: Column 1 | H39: =COUNT(inter_system_stats!$B$35:$B$60) -> 25 | I39: =SUM(inter_system_stats!$B$35:$B$60) -> 18.782326 | J39: =AVERAGE(inter_system_stats!$B$35:$B$60) -> 0.75129303 | K39: =VAR(inter_system_stats!$B$35:$B$60) -> 0.0021322361
A40: 5 | B40: 0.62046218 | C40: 0.6382916 | D40: 0.68196907 | E40: 0.70141781 | G40: Column 2 | H40: =COUNT(inter_system_stats!$C$35:$C$60) -> 25 | I40: =SUM(inter_system_stats!$C$35:$C$60) -> 18.811104 | J40: =AVERAGE(inter_system_stats!$C$35:$C$60) -> 0.75244418 | K40: =VAR(inter_system_stats!$C$35:$C$60) -> 0.0023181036
A41: 6 | B41: 0.798549 | C41: 0.77002186 | D41: 0.80509458 | E41: 0.76441227 | G41: Column 3 | H41: =COUNT(inter_system_stats!$D$35:$D$60) -> 25 | I41: =SUM(inter_system_stats!$D$35:$D$60) -> 18.805159 | J41: =AVERAGE(inter_system_stats!$D$35:$D$60) -> 0.75220636 | K41: =VAR(inter_system_stats!$D$35:$D$60) -> 0.0020240087
A42: 7 | B42: 0.75460376 | C42: 0.77670818 | D42: 0.7314491 | E42: 0.70462919 | G42: Column 4 | H42: =COUNT(inter_system_stats!$E$35:$E$60) -> 25 | I42: =SUM(inter_system_stats!$E$35:$E$60) -> 18.726659 | J42: =AVERAGE(inter_system_stats!$E$35:$E$60) -> 0.74906635 | K42: =VAR(inter_system_stats!$E$35:$E$60) -> 0.0020364168
A43: 8 | B43: 0.78612837 | C43: 0.76689514 | D43: 0.7986994 | E43: 0.77201186
A44: 9 | B44: 0.75325744 | C44: 0.72686528 | D44: 0.75118107 | E44: 0.72188408 | G44: Source of Variation | H44: SS | I44: df | J44: MS | K44: F | L44: P-value | M44: F critical
A45: 10 | B45: 0.80784383 | C45: 0.76670386 | D45: 0.78031701 | E45: 0.80179909 | G45: Between Groups | H45: =SUMPRODUCT(inter_system_stats!$I$39:$I$42,inter_system_stats!$J$39:$J$42)-SUM(inter_system_stats!$I$39:$I$42)^2/SUM(inter_system_stats!$H$39:$H$42) -> 0.00017777105 | I45: =COUNT(inter_system_stats!$I$39:$I$42)-1 -> 3 | J45: =inter_system_stats!$H$45 / inter_system_stats!$I$45 -> 5.9257017e-05 | K45: =inter_system_stats!$J$45 / inter_system_stats!$J$46 -> 0.027850383 | L45: =FDIST(inter_system_stats!$K$45, inter_system_stats!$I$45, inter_system_stats!$I$46) -> 0.99369156 | M45: =FINV(inter_system_stats!$H$36, inter_system_stats!$I$45, inter_system_stats!$I$46) -> 2.6993926
A46: 11 | B46: 0.77810084 | C46: 0.82651214 | D46: 0.78896492 | E46: 0.82639187 | G46: Within Groups | H46: =SUM(DEVSQ(inter_system_stats!$B$35:$B$60),DEVSQ(inter_system_stats!$C$35:$C$60),DEVSQ(inter_system_stats!$D$35:$D$60),DEVSQ(inter_system_stats!$E$35:$E$60)) -> 0.20425837 | I46: =SUM(inter_system_stats!$H$39:$H$42)-COUNT(inter_system_stats!$H$39:$H$42) -> 96 | J46: =inter_system_stats!$H$46 / inter_system_stats!$I$46 -> 0.0021276913
A47: 12 | B47: 0.76245246 | C47: 0.76273614 | D47: 0.74442966 | E47: 0.74557662 | G47: Total | H47: =DEVSQ(inter_system_stats!$B$35:$B$60,inter_system_stats!$C$35:$C$60,inter_system_stats!$D$35:$D$60,inter_system_stats!$E$35:$E$60) -> 0.20443614 | I47: =SUM(inter_system_stats!$H$39:$H$42) - 1 -> 99
A48: 13 | B48: 0.72002227 | C48: 0.7101601 | D48: 0.76434794 | E48: 0.73930479
A49: 14 | B49: 0.73869436 | C49: 0.73437638 | D49: 0.71664792 | E49: 0.71677589
A50: 15 | B50: 0.74342183 | C50: 0.75654224 | D50: 0.76192925 | E50: 0.7233547
A51: 16 | B51: 0.76347969 | C51: 0.77373202 | D51: 0.74274873 | E51: 0.7414815
A52: 17 | B52: 0.74466799 | C52: 0.81269061 | D52: 0.76420987 | E52: 0.78281323
A53: 18 | B53: 0.69508995 | C53: 0.72648885 | D53: 0.70079627 | E53: 0.68392473
A54: 19 | B54: 0.71974841 | C54: 0.76330056 | D54: 0.71628406 | E54: 0.74186163
A55: 20 | B55: 0.85011013 | C55: 0.81653813 | D55: 0.83902354 | E55: 0.86129103
A56: 21 | B56: 0.73465848 | C56: 0.64339143 | D56: 0.70402483 | E56: 0.72699778
A57: 22 | B57: 0.7022056 | C57: 0.76925587 | D57: 0.68499859 | E57: 0.66522196
A58: 23 | B58: 0.72302132 | C58: 0.68467054 | D58: 0.69681188 | E58: 0.76174693
A59: 24 | B59: 0.79097806 | C59: 0.75849189 | D59: 0.80983661 | E59: 0.74621679
A60: 25 | B60: 0.73057748 | C60: 0.72723041 | D60: 0.71511197 | E60: 0.72503242
B64: Graphs
A66: turns | B66: ac15 | C66: hybrid | D66: ac15p | E66: hybsem | F66: control
A67: 1 | B67: 0.82022841 | C67: 0.82558738 | D67: 0.84283713 | E67: 0.82646574 | F67: 0.81423911
A68: 2 | B68: 0.76459215 | C68: 0.7843254 | D68: 0.75574435 | E68: 0.76029579 | F68: 0.49037431
A69: 3 | B69: 0.72301136 | C69: 0.74701543 | D69: 0.75246139 | E69: 0.7455131 | F69: 0.51102033
A70: 4 | B70: 0.75642044 | C70: 0.74257299 | D70: 0.75523994 | E70: 0.74023798 | F70: 0.73212747
A71: 5 | B71: 0.62046218 | C71: 0.6382916 | D71: 0.68196907 | E71: 0.70141781 | F71: 0.5045879
A72: 6 | B72: 0.798549 | C72: 0.77002186 | D72: 0.80509458 | E72: 0.76441227 | F72: 0.62221695
A73: 7 | B73: 0.75460376 | C73: 0.77670818 | D73: 0.7314491 | E73: 0.70462919 | F73: 0.5682134
A74: 8 | B74: 0.78612837 | C74: 0.76689514 | D74: 0.7986994 | E74: 0.77201186 | F74: 0.41336821
A75: 9 | B75: 0.75325744 | C75: 0.72686528 | D75: 0.75118107 | E75: 0.72188408 | F75: 0.4696191
A76: 10 | B76: 0.80784383 | C76: 0.76670386 | D76: 0.78031701 | E76: 0.80179909 | F76: 0.70259754
A77: 11 | B77: 0.77810084 | C77: 0.82651214 | D77: 0.78896492 | E77: 0.82639187 | F77: 0.53574689
A78: 12 | B78: 0.76245246 | C78: 0.76273614 | D78: 0.74442966 | E78: 0.74557662 | F78: 0.61680633
... A90: 24 | B90: 0.79097806 | C90: 0.75849189 | D90: 0.80983661 | E90: 0.74621679 | F90: 0.58285066
A91: 25 | B91: 0.73057748 | C91: 0.72723041 | D91: 0.71511197 | E91: 0.72503242 | F91: 0.36540877 | H91: ANOVA - Single Factor
H92: Alpha | I92: 0.05
H94: Groups | I94: Count | J94: Sum | K94: Mean | L94: Variance
H95: Column 1 | I95: =COUNT(inter_system_stats!$B$66:$B$91) -> 25 | J95: =SUM(inter_system_stats!$B$66:$B$91) -> 18.782326 | K95: =AVERAGE(inter_system_stats!$B$66:$B$91) -> 0.75129303 | L95: =VAR(inter_system_stats!$B$66:$B$91) -> 0.0021322361
H96: Column 2 | I96: =COUNT(inter_system_stats!$C$66:$C$91) -> 25 | J96: =SUM(inter_system_stats!$C$66:$C$91) -> 18.811104 | K96: =AVERAGE(inter_system_stats!$C$66:$C$91) -> 0.75244418 | L96: =VAR(inter_system_stats!$C$66:$C$91) -> 0.0023181036
H97: Column 3 | I97: =COUNT(inter_system_stats!$D$66:$D$91) -> 25 | J97: =SUM(inter_system_stats!$D$66:$D$91) -> 18.805159 | K97: =AVERAGE(inter_system_stats!$D$66:$D$91) -> 0.75220636 | L97: =VAR(inter_system_stats!$D$66:$D$91) -> 0.0020240087
H98: Column 4 | I98: =COUNT(inter_system_stats!$E$66:$E$91) -> 25 | J98: =SUM(inter_system_stats!$E$66:$E$91) -> 18.726659 | K98: =AVERAGE(inter_system_stats!$E$66:$E$91) -> 0.74906635 | L98: =VAR(inter_system_stats!$E$66:$E$91) -> 0.0020364168
H99: Column 5 | I99: =COUNT(inter_system_stats!$F$66:$F$91) -> 25 | J99: =SUM(inter_system_stats!$F$66:$F$91) -> 13.425352 | K99: =AVERAGE(inter_system_stats!$F$66:$F$91) -> 0.53701406 | L99: =VAR(inter_system_stats!$F$66:$F$91) -> 0.013404458
H101: Source of Variation | I101: SS | J101: df | K101: MS | L101: F | M101: P-value | N101: F critical
H102: Between Groups | I102: =SUMPRODUCT(inter_system_stats!$J$95:$J$99,inter_system_stats!$K$95:$K$99)-SUM(inter_system_stats!$J$95:$J$99)^2/SUM(inter_system_stats!$I$95:$I$99) -> 0.91813979 | J102: =COUNT(inter_system_stats!$J$95:$J$99)-1 -> 4 | K102: =inter_system_stats!$I$102 / inter_system_stats!$J$102 -> 0.22953495 | L102: =inter_system_stats!$K$102 / inter_system_stats!$K$103 -> 52.368837 | M102: =FDIST(inter_system_stats!$L$102, inter_system_stats!$J$102, inter_system_stats!$J$103) -> 1.8801767e-25 | N102: =FINV(inter_system_stats!$I$92, inter_system_stats!$J$102, inter_system_stats!$J$103) -> 2.4472365
H103: Within Groups | I103: =SUM(DEVSQ(inter_system_stats!$B$66:$B$91),DEVSQ(inter_system_stats!$C$66:$C$91),DEVSQ(inter_system_stats!$D$66:$D$91),DEVSQ(inter_system_stats!$E$66:$E$91),DEVSQ(inter_system_stats!$F$66:$F$91)) -> 0.52596536 | J103: =SUM(inter_system_stats!$I$95:$I$99)-COUNT(inter_system_stats!$I$95:$I$99) -> 120 | K103: =inter_system_stats!$I$103 / inter_system_stats!$J$103 -> 0.0043830446
H104: Total | I104: =DEVSQ(inter_system_stats!$B$66:$B$91,inter_system_stats!$C$66:$C$91,inter_system_stats!$D$66:$D$91,inter_system_stats!$E$66:$E$91,inter_system_stats!$F$66:$F$91) -> 1.4441051 | J104: =SUM(inter_system_stats!$I$95:$I$99) - 1 -> 124

Sheet std delta(sim)-delta(sim-1)
B2: ac15 | C2: hybrid | D2: ac15p | E2: hybsem
B3: 0.82022841 | C3: 0.82558738 | D3: 0.84283713 | E3: 0.82646574
B4: 0.76459215 | C4: 0.7843254 | D4: 0.75574435 | E4: 0.76029579
B5: 0.72301136 | C5: 0.74701543 | D5: 0.75246139 | E5: 0.7455131
B6: 0.75642044 | C6: 0.74257299 | D6: 0.75523994 | E6: 0.74023798
B7: 0.62046218 | C7: 0.6382916 | D7: 0.68196907 | E7: 0.70141781
B8: 0.798549 | C8: 0.77002186 | D8: 0.80509458 | E8: 0.76441227
B9: 0.75460376 | C9: 0.77670818 | D9: 0.7314491 | E9: 0.70462919
B10: 0.78612837 | C10: 0.76689514 | D10: 0.7986994 | E10: 0.77201186
B11: 0.75325744 | C11: 0.72686528 | D11: 0.75118107 | E11: 0.72188408
B12: 0.80784383 | C12: 0.76670386 | D12: 0.78031701 | E12: 0.80179909
B13: 0.77810084 | C13: 0.82651214 | D13: 0.78896492 | E13: 0.82639187
B14: 0.76245246 | C14: 0.76273614 | D14: 0.74442966 | E14: 0.74557662
... B27: 0.73057748 | C27: 0.72723041 | D27: 0.71511197 | E27: 0.72503242
A29: deltas: | G29: stdev:
B30: ac15 | C30: hybrid | D30: ac15p | E30: hybsem | G30: ac15 | H30: hybrid | I30: ac15p | J30: hybsem
A31: 2 | B31: =B4-B3 -> -0.055636266 | C31: =C4-C3 -> -0.041261982 | D31: =D4-D3 -> -0.087092785 | E31: =E4-E3 -> -0.066169952 | G31: =_xlfn.STDEV.S(B31:B54) -> 0.069153109 | H31: =_xlfn.STDEV.S(C31:C54) -> 0.071806546 | I31: =_xlfn.STDEV.S(D31:D54) -> 0.06849765 | J31: =_xlfn.STDEV.S(E31:E54) -> 0.06450649
A32: 3 | B32: =B5-B4 -> -0.041580783 | C32: =C5-C4 -> -0.037309967 | D32: =D5-D4 -> -0.0032829615 | E32: =E5-E4 -> -0.014782687
A33: 4 | B33: =B6-B5 -> 0.033409078 | C33: =C6-C5 -> -0.0044424464 | D33: =D6-D5 -> 0.0027785522 | E33: =E6-E5 -> -0.0052751272
A34: 5 | B34: =B7-B6 -> -0.13595827 | C34: =C7-C6 -> -0.10428138 | D34: =D7-D6 -> -0.073270871 | E34: =E7-E6 -> -0.03882017
A35: 6 | B35: =B8-B7 -> 0.17808683 | C35: =C8-C7 -> 0.13173026 | D35: =D8-D7 -> 0.12312552 | E35: =E8-E7 -> 0.062994462
A36: 7 | B36: =B9-B8 -> -0.043945241 | C36: =C9-C8 -> 0.006686316 | D36: =D9-D8 -> -0.073645486 | E36: =E9-E8 -> -0.059783081
A37: 8 | B37: =B10-B9 -> 0.031524604 | C37: =C10-C9 -> -0.009813041 | D37: =D10-D9 -> 0.0672503 | E37: =E10-E9 -> 0.067382675
A38: 9 | B38: =B11-B10 -> -0.032870931 | C38: =C11-C10 -> -0.040029853 | D38: =D11-D10 -> -0.047518331 | E38: =E11-E10 -> -0.050127785
A39: 10 | B39: =B12-B11 -> 0.054586397 | C39: =C12-C11 -> 0.039838577 | D39: =D12-D11 -> 0.029135945 | E39: =E12-E11 -> 0.079915016
A40: 11 | B40: =B13-B12 -> -0.02974299 | C40: =C13-C12 -> 0.059808283 | D40: =D13-D12 -> 0.0086479082 | E40: =E13-E12 -> 0.024592776
A41: 12 | B41: =B14-B13 -> -0.015648384 | C41: =C14-C13 -> -0.063776003 | D41: =D14-D13 -> -0.044535263 | E41: =E14-E13 -> -0.080815247
A42: 13 | B42: =B15-B14 -> -0.042430185 | C42: =C15-C14 -> -0.052576036 | D42: =D15-D14 -> 0.019918284 | E42: =E15-E14 -> -0.0062718313
A43: 14 | B43: =B16-B15 -> 0.018672086 | C43: =C16-C15 -> 0.024216281 | D43: =D16-D15 -> -0.047700018 | E43: =E16-E15 -> -0.022528901
... A54: 25 | B54: =B27-B26 -> -0.060400574 | C54: =C27-C26 -> -0.031261473 | D54: =D27-D26 -> -0.094724639 | E54: =E27-E26 -> -0.021184373
