Workbook

Sheet initial sheet
C2: average conversation activation | D2: correlation weights / activation delta | E2: P
A3: Scenario 1
B4: ac15p | C4: 0.040727738 | D4: -0.20986674 | E4: 0.0099
B5: hybrid | C5: 0.03949068 | D5: -0.04055391 | E5: 0.62696517
B6: hybsem | C6: 0.03944214 | D6: -0.0096862162 | E6: 0.90762425
B7: ac15 | C7: 0.03780378 | D7: -0.11797192 | E7: 0.151
A9: Scenario 2
B10: ac15p | C10: 0.079908646 | D10: 0.088676395 | E10: 0.29
B11: hybrid | C11: 0.061242462 | D11: 0.19163293 | E11: 0.02833034
B12: hybsem | C12: 0.057053659 | D12: 0.12685514 | E12: 0.1367
B13: ac15 | C13: 0.06608221 | D13: 0.16559238 | E13: 0.088
A15: Scenario 3
B16: ac15p | C16: 0.048767418 | D16: 0.037229909 | E16: 0.653
B17: hybrid | C17: 0.051082083 | D17: -0.16612815 | E17: 0.046589407
B18: hybsem | C18: 0.049157864 | D18: -0.13952101 | E18: 0.088601631
B19: ac15 | C19: 0.056810471 | D19: -0.047014511 | E19: 0.56779157
A21: Scenario 4
B22: ac15p | C22: 0.052228295 | D22: -0.059158262 | E22: 0.472
B23: hybrid | C23: 0.054236474 | D23: 0.041393677 | E23: 0.621
B24: hybsem | C24: 0.048938143 | D24: -0.0044933836 | E24: 0.96
B25: ac15 | C25: 0.055958911 | D25: 0.034070544 | E25: 0.68
A27: Scenario 5
B28: ac15p | C28: 0.027098527 | D28: -0.25383926 | E28: 0.0017221861
B29: hybrid | C29: 0.037631878 | D29: -0.20998728 | E29: 0.00990535
B30: hybsem | C30: 0.030045283 | D30: -0.34078016 | E30: 1.9793024e-05
B31: ac15 | C31: 0.032479658 | D31: -0.20083069 | E31: 0.013730116
A33: Scenario 6
B34: ac15p | C34: 0.04570281 | D34: 0.25777242 | E34: 0.0038478417
B35: hybrid | C35: 0.044551994 | D35: 0.035675108 | E35: 0.708
B36: hybsem | C36: 0.043140099 | D36: -0.013730456 | E36: 0.88
B37: ac15 | C37: 0.037829613 | D37: 0.29933771 | E37: 0.00066165904
A39: Scenario 7
B40: ac15p | C40: 0.046128744 | D40: 0.18510111 | E40: 0.033
B41: hybrid | C41: 0.045117016 | D41: 0.14440781 | E41: 0.1053
B42: hybsem | C42: 0.033631002 | D42: 0.14885737 | E42: 0.078
B43: ac15 | C43: 0.046204621 | D43: 0.10836359 | E43: 0.211
A45: Scenario 8
B46: ac15p | C46: 0.0575252 | D46: 0.11436986 | E46: 0.19
B47: hybrid | C47: 0.070469109 | D47: 0.35334384 | E47: 5.2998013e-05
B48: hybsem | C48: 0.065233247 | D48: 0.36240036 | E48: 1.9534765e-05
B49: ac15 | C49: 0.070899373 | D49: 0.10466153 | E49: 0.22

Sheet control vs. scenario-prompt.res
A3: Scenario 1 | C3: std. Scenario | D3: std. Control | E3: F. test | F3: T. Test equal variances | G3: T.Test unequal | H3: Mean difference | I3: Mean scenario | J3: mean control
B4: ac15p | C4: 0.067896899 | D4: 0.11788306 | E4: 0.0090042231 | F4: 1.3447401e-07 | G4: 3.1421376e-07 | H4: 0.16806102 | I4: 0.73072651 | J4: 0.56266549
B5: hybrid | C5: 0.056581542 | D5: 0.11788306 | E5: 0.00063255311 | F5: 5.7118842e-08 | G5: 2.3132071e-07 | H5: 0.16788549 | I5: 0.73055098 | J5: 0.56266549
B6: hybsem | C6: 0.06548327 | D6: 0.11788306 | E6: 0.0055234552 | F6: 8.1996229e-08 | G6: 2.2046054e-07 | H6: 0.1703759 | I6: =AVERAGE('[1]inter_system stats'!$B$3:$B$28) -> 0.73304139 | J6: =AVERAGE('[1]inter_system stats'!$C$3:$C$28) -> 0.56266549
B7: ac15 | C7: 0.06078154 | D7: 0.11788306 | E7: 0.0018992762 | F7: 4.6958715e-07 | G7: 1.2140351e-06 | H7: 0.154415 | I7: 0.717 | J7: =AVERAGE('[1]inter_system stats'!$C$3:$C$28) -> 0.56266549
A9: Scenario 2
C10: std. Scenario | D10: std. Control | E10: F. test | F10: T. Test equal variances | G10: T.Test unequal | H10: Mean difference | I10: Mean scenario | J10: mean control
B11: ac15p | C11: 0.044988984 | D11: 0.11577762 | E11: 1.7096385e-05 | F11: 2.2389505e-11 | G11: 8.5891805e-10 | H11: 0.2151923 | I11: =AVERAGE([2]inter_system_stats!$B$3:$B$28) -> 0.75220636 | J11: =AVERAGE([2]inter_system_stats!$C$3:$C$28) -> 0.53701406
B12: hybrid | C12: 0.048146689 | D12: 0.11577762 | E12: 5.7570479e-05 | F12: 2.8643042e-11 | G12: 7.9981665e-10 | H12: 0.21543012 | I12: 0.75244418 | J12: 0.53701406
B13: hybsem | C13: 0.045126675 | D13: 0.11577762 | E13: 1.8075799e-05 | F13: 3.4939752e-11 | G13: 1.1871252e-09 | H13: 0.21205229 | I13: 0.74906635 | J13: 0.53701406
B14: ac15 | C14: 0.046176143 | D14: 0.11577762 | E14: 2.7403314e-05 | F14: 2.8150938e-11 | G14: 9.2678175e-10 | H14: 0.21427897 | I14: 0.75129303 | J14: 0.53701406
A16: Scenario 3
C17: std. Scenario | D17: std. Control | E17: F. test | F17: T. Test equal variances | G17: T.Test unequal | H17: Mean difference | I17: Mean scenario | J17: mean control
B18: ac15p | C18: 0.068942724 | D18: 0.089932626 | E18: 0.20012458 | F18: 1.1881327e-07 | G18: 1.5154255e-07 | H18: 0.14078866 | I18: 0.73309519 | J18: 0.59230653
B19: hybrid | C19: 0.073812529 | D19: 0.083159468 | E19: 0.57209129 | F19: 2.4666853e-06 | G19: 2.5557022e-06 | H19: 0.12201389 | I19: 0.72196379 | J19: 0.5999499
B20: hybsem | C20: 0.066110493 | D20: 0.083159468 | E20: 0.27847032 | F20: 8.4312901e-07 | G20: 9.7782892e-07 | H20: 0.12338145 | I20: 0.72333134 | J20: 0.5999499
B21: ac15 | C21: 0.073504161 | D21: 0.089932626 | E21: 0.32969555 | F21: 2.908573e-06 | G21: 3.1924321e-06 | H21: 0.12305516 | I21: 0.71536169 | J21: 0.59230653
A23: Scenario 4
C24: std. Scenario | D24: std. Control | E24: F. test | F24: T. Test equal variances | G24: T.Test unequal | H24: Mean difference | I24: Mean scenario | J24: mean control
B25: ac15p | C25: 0.0584109 | D25: 0.083848556 | E25: 0.08285923 | F25: 4.0180702e-05 | G25: 4.7869225e-05 | H25: 0.092418433 | I25: 0.73449 | J25: 0.642072
B26: hybrid | C26: 0.064494717 | D26: 0.083848556 | E26: 0.20579936 | F26: 0.00018662898 | G26: 0.00020003225 | H26: 0.085663653 | I26: 0.727736 | J26: 0.642072
B27: hybsem | C27: 0.054538342 | D27: 0.083848556 | E27: 0.039906432 | F27: 1.4604213e-05 | G27: 1.9464309e-05 | H27: 0.096519133 | I27: 0.738591 | J27: 0.642072
B28: ac15 | C28: 0.058444652 | D28: 0.083848556 | E28: 0.083341731 | F28: 0.00021943314 | G28: 0.00024747479 | H28: 0.081723968 | I28: 0.723796 | J28: 0.642072
A30: Scenario 5
C31: std. Scenario | D31: std. Control | E31: F. test | F31: T. Test equal variances | G31: T.Test unequal | H31: Mean difference | I31: Mean scenario | J31: mean control
B32: ac15p | C32: 0.0459084 | D32: 0.070588432 | E32: 0.039857183 | F32: 5.4533914e-07 | G32: 8.778905e-07 | H32: 0.097315497 | I32: 0.73237105 | J32: 0.63505555
B33: hybrid | C33: 0.039676048 | D33: 0.070588432 | E33: 0.0064899184 | F33: 2.4259587e-07 | G33: 5.6411108e-07 | H33: 0.097321697 | I33: 0.73237725 | J33: 0.63505555
B34: hybsem | C34: 0.035344552 | D34: 0.070588432 | E34: 0.001221091 | F34: 1.8660508e-07 | G34: 5.7771037e-07 | H34: 0.096057016 | I34: 0.73111256 | J34: 0.63505555
B35: ac15 | C35: 0.042716379 | D35: 0.070588432 | E35: 0.016976398 | F35: 1.3266703e-07 | G35: 2.7641179e-07 | H35: 0.10199219 | I35: 0.73704774 | J35: 0.63505555
A37: Scenario 6
C38: std. Scenario | D38: std. Control | E38: F. test | F38: T. Test equal variances | G38: T.Test unequal | H38: Mean difference | I38: Mean scenario | J38: mean control
B39: ac15p | C39: 0.061112561 | D39: 0.1102969 | E39: 0.0053317721 | F39: 4.4322352e-08 | G39: 1.287107e-07 | H39: 0.16370952 | I39: 0.72805647 | J39: 0.56434695
B40: hybrid | C40: 0.054678553 | D40: 0.1102969 | E40: 0.0010477438 | F40: 8.0884894e-09 | G40: 4.0618641e-08 | H40: 0.17168388 | I40: 0.73603082 | J40: 0.56434695
B41: hybsem | C41: 0.05703931 | D41: 0.1102969 | E41: 0.0019849337 | F41: 9.3374879e-08 | G41: 2.9439777e-07 | H41: 0.15597142 | I41: 0.72031836 | J41: 0.56434695
B42: ac15 | C42: 0.052085231 | D42: 0.1102969 | E42: 0.00048795879 | F42: 3.2633921e-08 | G42: 1.5026764e-07 | H42: 0.16047544 | I42: 0.72482238 | J42: 0.56434695
A44: Scenario 7
C45: std. Scenario | D45: std. Control | E45: F. test | F45: T. Test equal variances | G45: T.Test unequal | H45: Mean difference | I45: Mean scenario | J45: mean control
B46: ac15p | C46: 0.047581334 | D46: 0.10899113 | E46: 0.00013326183 | F46: 2.3438272e-07 | G46: 9.3037077e-07 | H46: 0.14316558 | I46: 0.71141589 | J46: 0.56825031
B47: hybrid | C47: 0.050384152 | D47: 0.10899113 | E47: 0.00034575751 | F47: 5.8179761e-08 | G47: 2.5702888e-07 | H47: 0.15404094 | I47: 0.72229125 | J47: 0.56825031
B48: hybsem | C48: 0.049899473 | D48: 0.10899113 | E48: 0.00029515491 | F48: 7.1638658e-08 | G48: 3.1286987e-07 | H48: 0.15236801 | I48: 0.72061831 | J48: 0.56825031
B49: ac15 | C49: 0.057280753 | D49: 0.10899113 | E49: 0.0025165239 | F49: 3.7967274e-07 | G49: 9.689303e-07 | H49: 0.14484285 | I49: 0.71309316 | J49: 0.56825031
A51: Scenario 8
C52: std. Scenario | D52: std. Control | E52: F. test | F52: T. Test equal variances | G52: T.Test unequal | H52: Mean difference | I52: Mean scenario | J52: mean control
B53: ac15p | C53: 0.048549151 | D53: 0.077480319 | E53: 0.025923647 | F53: 1.5250508e-06 | G53: 2.4510772e-06 | H53: 0.10028017 | I53: 0.74206089 | J53: 0.64178072
B54: hybrid | C54: 0.04983038 | D54: 0.077480319 | E54: 0.03511274 | F54: 1.2042768e-06 | G54: 1.8810965e-06 | H54: 0.10228458 | I54: 0.7440653 | J54: 0.64178072
B55: hybsem | C55: 0.040738975 | D55: 0.077480319 | E55: 0.0025335853 | F55: 1.365526e-06 | G55: 3.0048415e-06 | H55: 0.096563371 | I55: 0.73834409 | J55: 0.64178072
B56: ac15 | C56: 0.040164993 | D56: 0.077480319 | E56: 0.0020569455 | F56: 8.2539835e-07 | G56: 1.9737004e-06 | H56: 0.098792304 | I56: 0.74057302 | J56: 0.64178072

Sheet Anova-prompt-response
A2: Scenario 1
B3: ANOVA - Single Factor
B4: Alpha | C4: 0.05
B6: Groups | C6: Count | D6: Sum | E6: Mean | F6: Variance
A7: ac15p | B7: Column 1 | C7: =COUNT('[3]inter-system stats'!$B$34:$B$59) -> 25 | D7: =SUM('[3]inter-system stats'!$B$34:$B$59) -> 18.326035 | E7: =AVERAGE('[3]inter-system stats'!$B$34:$B$59) -> 0.73304139 | F7: =VAR('[3]inter-system stats'!$B$34:$B$59) -> 0.0042880587
A8: hybrid | B8: Column 2 | C8: =COUNT('[3]inter-system stats'!$C$34:$C$59) -> 25 | D8: =SUM('[3]inter-system stats'!$C$34:$C$59) -> 18.263774 | E8: =AVERAGE('[3]inter-system stats'!$C$34:$C$59) -> 0.73055098 | F8: =VAR('[3]inter-system stats'!$C$34:$C$59) -> 0.0032014709
A9: hybsem | B9: Column 3 | C9: =COUNT('[3]inter-system stats'!$D$34:$D$59) -> 25 | D9: =SUM('[3]inter-system stats'!$D$34:$D$59) -> 18.268163 | E9: =AVERAGE('[3]inter-system stats'!$D$34:$D$59) -> 0.73072651 | F9: =VAR('[3]inter-system stats'!$D$34:$D$59) -> 0.004609989
A10: ac15 | B10: Column 4 | C10: =COUNT('[3]inter-system stats'!$E$34:$E$59) -> 25 | D10: =SUM('[3]inter-system stats'!$E$34:$E$59) -> 17.927012 | E10: =AVERAGE('[3]inter-system stats'!$E$34:$E$59) -> 0.71708049 | F10: =VAR('[3]inter-system stats'!$E$34:$E$59) -> 0.0036943957
B12: Source of Variation | C12: SS | D12: df | E12: MS | F12: F | G12: P-value | H12: F critical
B13: Between Groups | C13: =SUMPRODUCT('Anova-prompt-response'!$D$7:$D$10,'Anova-prompt-response'!$E$7:$E$10)-SUM('Anova-prompt-response'!$D$7:$D$10)^2/SUM('Anova-prompt-response'!$C$7:$C$10) -> 0.0039625637 | D13: =COUNT('Anova-prompt-response'!$D$7:$D$10)-1 -> 3 | E13: ='Anova-prompt-response'!$C$13 / 'Anova-prompt-response'!$D$13 -> 0.0013208546 | F13: ='Anova-prompt-response'!$E$13 / 'Anova-prompt-response'!$E$14 -> 0.33452241 | G13: =FDIST('Anova-prompt-response'!$F$13, 'Anova-prompt-response'!$D$13, 'Anova-prompt-response'!$D$14) -> 0.80039762 | H13: =FINV('Anova-prompt-response'!$C$4, 'Anova-prompt-response'!$D$13, 'Anova-prompt-response'!$D$14) -> 2.6993926
B14: Within Groups | C14: =SUM(DEVSQ('[3]inter-system stats'!$B$34:$B$59),DEVSQ('[3]inter-system stats'!$C$34:$C$59),DEVSQ('[3]inter-system stats'!$D$34:$D$59),DEVSQ('[3]inter-system stats'!$E$34:$E$59)) -> 0.37905394 | D14: =SUM('Anova-prompt-response'!$C$7:$C$10)-COUNT('Anova-prompt-response'!$C$7:$C$10) -> 96 | E14: ='Anova-prompt-response'!$C$14 / 'Anova-prompt-response'!$D$14 -> 0.0039484785
B15: Total | C15: =DEVSQ('[3]inter-system stats'!$B$34:$B$59,'[3]inter-system stats'!$C$34:$C$59,'[3]inter-system stats'!$D$34:$D$59,'[3]inter-system stats'!$E$34:$E$59) -> 0.3830165 | D15: =SUM('Anova-prompt-response'!$C$7:$C$10) - 1 -> 99
B16: ANOVA - Single Factor
A25: Scenario 2
B27: ANOVA - Single Factor
B28: Alpha | C28: 0.05
B30: Groups | C30: Count | D30: Sum | E30: Mean | F30: Variance
A31: ac15p | B31: Column 1 | C31: =COUNT([4]inter_system_stats!$B$35:$B$60) -> 25 | D31: =SUM([4]inter_system_stats!$B$35:$B$60) -> 18.782326 | E31: =AVERAGE([4]inter_system_stats!$B$35:$B$60) -> 0.75129303 | F31: =VAR([4]inter_system_stats!$B$35:$B$60) -> 0.0021322361
A32: hybrid | B32: Column 2 | C32: =COUNT([4]inter_system_stats!$C$35:$C$60) -> 25 | D32: =SUM([4]inter_system_stats!$C$35:$C$60) -> 18.811104 | E32: =AVERAGE([4]inter_system_stats!$C$35:$C$60) -> 0.75244418 | F32: =VAR([4]inter_system_stats!$C$35:$C$60) -> 0.0023181036
A33: hybsem | B33: Column 3 | C33: =COUNT([4]inter_system_stats!$D$35:$D$60) -> 25 | D33: =SUM([4]inter_system_stats!$D$35:$D$60) -> 18.805159 | E33: =AVERAGE([4]inter_system_stats!$D$35:$D$60) -> 0.75220636 | F33: =VAR([4]inter_system_stats!$D$35:$D$60) -> 0.0020240087
A34: ac15 | B34: Column 4 | C34: =COUNT([4]inter_system_stats!$E$35:$E$60) -> 25 | D34: =SUM([4]inter_system_stats!$E$35:$E$60) -> 18.726659 | E34: =AVERAGE([4]inter_system_stats!$E$35:$E$60) -> 0.74906635 | F34: =VAR([4]inter_system_stats!$E$35:$E$60) -> 0.0020364168
B36: Source of Variation | C36: SS | D36: df | E36: MS | F36: F | G36: P-value | H36: F critical
B37: Between Groups | C37: =SUMPRODUCT('Anova-prompt-response'!$D$31:$D$34,'Anova-prompt-response'!$E$31:$E$34)-SUM('Anova-prompt-response'!$D$31:$D$34)^2/SUM('Anova-prompt-response'!$C$31:$C$34) -> 0.00017777105 | D37: =COUNT('Anova-prompt-response'!$D$31:$D$34)-1 -> 3 | E37: ='Anova-prompt-response'!$C$37 / 'Anova-prompt-response'!$D$37 -> 5.9257017e-05 | F37: ='Anova-prompt-response'!$E$37 / 'Anova-prompt-response'!$E$38 -> 0.027850383 | G37: =FDIST('Anova-prompt-response'!$F$37, 'Anova-prompt-response'!$D$37, 'Anova-prompt-response'!$D$38) -> 0.99369156 | H37: =FINV('Anova-prompt-response'!$C$28, 'Anova-prompt-response'!$D$37, 'Anova-prompt-response'!$D$38) -> 2.6993926
B38: Within Groups | C38: =SUM(DEVSQ([4]inter_system_stats!$B$35:$B$60),DEVSQ([4]inter_system_stats!$C$35:$C$60),DEVSQ([4]inter_system_stats!$D$35:$D$60),DEVSQ([4]inter_system_stats!$E$35:$E$60)) -> 0.20425837 | D38: =SUM('Anova-prompt-response'!$C$31:$C$34)-COUNT('Anova-prompt-response'!$C$31:$C$34) -> 96 | E38: ='Anova-prompt-response'!$C$38 / 'Anova-prompt-response'!$D$38 -> 0.0021276913
B39: Total | C39: =DEVSQ([4]inter_system_stats!$B$35:$B$60,[4]inter_system_stats!$C$35:$C$60,[4]inter_system_stats!$D$35:$D$60,[4]inter_system_stats!$E$35:$E$60) -> 0.20443614 | D39: =SUM('Anova-prompt-response'!$C$31:$C$34) - 1 -> 99
A48: Scenario 3
B49: ANOVA - Single Factor
B50: Alpha | C50: 0.05
B52: Groups | C52: Count | D52: Sum | E52: Mean | F52: Variance
A53: ac15p | B53: Column 1 | C53: =COUNT([5]inter_system_stats!$B$33:$B$57) -> 24 | D53: =SUM([5]inter_system_stats!$B$33:$B$57) -> 17.564842 | E53: =AVERAGE([5]inter_system_stats!$B$33:$B$57) -> 0.73186842 | F53: =VAR([5]inter_system_stats!$B$33:$B$57) -> 0.0049204956
A54: hybrid | B54: Column 2 | C54: =COUNT([5]inter_system_stats!$C$33:$C$57) -> 24 | D54: =SUM([5]inter_system_stats!$C$33:$C$57) -> 17.327131 | E54: =AVERAGE([5]inter_system_stats!$C$33:$C$57) -> 0.72196379 | F54: =VAR([5]inter_system_stats!$C$33:$C$57) -> 0.0054482895
A55: hybsem | B55: Column 3 | C55: =COUNT([5]inter_system_stats!$D$33:$D$57) -> 24 | D55: =SUM([5]inter_system_stats!$D$33:$D$57) -> 17.359952 | E55: =AVERAGE([5]inter_system_stats!$D$33:$D$57) -> 0.72333134 | F55: =VAR([5]inter_system_stats!$D$33:$D$57) -> 0.0043705973
A56: ac15 | B56: Column 4 | C56: =COUNT([5]inter_system_stats!$E$33:$E$57) -> 24 | D56: =SUM([5]inter_system_stats!$E$33:$E$57) -> 17.151608 | E56: =AVERAGE([5]inter_system_stats!$E$33:$E$57) -> 0.71465031 | F56: =VAR([5]inter_system_stats!$E$33:$E$57) -> 0.0056245673
B58: Source of Variation | C58: SS | D58: df | E58: MS | F58: F | G58: P-value | H58: F critical
B59: Between Groups | C59: =SUMPRODUCT('Anova-prompt-response'!$D$53:$D$56,'Anova-prompt-response'!$E$53:$E$56)-SUM('Anova-prompt-response'!$D$53:$D$56)^2/SUM('Anova-prompt-response'!$C$53:$C$56) -> 0.0035889823 | D59: =COUNT('Anova-prompt-response'!$D$53:$D$56)-1 -> 3 | E59: ='Anova-prompt-response'!$C$59 / 'Anova-prompt-response'!$D$59 -> 0.0011963274 | F59: ='Anova-prompt-response'!$E$59 / 'Anova-prompt-response'!$E$60 -> 0.23498927 | G59: =FDIST('Anova-prompt-response'!$F$59, 'Anova-prompt-response'!$D$59, 'Anova-prompt-response'!$D$60) -> 0.8717735 | H59: =FINV('Anova-prompt-response'!$C$50, 'Anova-prompt-response'!$D$59, 'Anova-prompt-response'!$D$60) -> 2.703594
B60: Within Groups | C60: =SUM(DEVSQ([5]inter_system_stats!$B$33:$B$57),DEVSQ([5]inter_system_stats!$C$33:$C$57),DEVSQ([5]inter_system_stats!$D$33:$D$57),DEVSQ([5]inter_system_stats!$E$33:$E$57)) -> 0.46837084 | D60: =SUM('Anova-prompt-response'!$C$53:$C$56)-COUNT('Anova-prompt-response'!$C$53:$C$56) -> 92 | E60: ='Anova-prompt-response'!$C$60 / 'Anova-prompt-response'!$D$60 -> 0.0050909874
B61: Total | C61: =DEVSQ([5]inter_system_stats!$B$33:$B$57,[5]inter_system_stats!$C$33:$C$57,[5]inter_system_stats!$D$33:$D$57,[5]inter_system_stats!$E$33:$E$57) -> 0.47195983 | D61: =SUM('Anova-prompt-response'!$C$53:$C$56) - 1 -> 95
A69: Scenario 4
B70: ANOVA - Single Factor
B71: Alpha | C71: 0.05
B73: Groups | C73: Count | D73: Sum | E73: Mean | F73: Variance
A74: ac15p | B74: Column 1 | C74: =COUNT([6]inter_system_stats!$B$34:$B$59) -> 25 | D74: =SUM([6]inter_system_stats!$B$34:$B$59) -> 18.362259 | E74: =AVERAGE([6]inter_system_stats!$B$34:$B$59) -> 0.73449037 | F74: =VAR([6]inter_system_stats!$B$34:$B$59) -> 0.0034118332
A75: hybrid | B75: Column 2 | C75: =COUNT([6]inter_system_stats!$C$34:$C$59) -> 25 | D75: =SUM([6]inter_system_stats!$C$34:$C$59) -> 18.19339 | E75: =AVERAGE([6]inter_system_stats!$C$34:$C$59) -> 0.72773559 | F75: =VAR([6]inter_system_stats!$C$34:$C$59) -> 0.0041595685
A76: hybsem | B76: Column 3 | C76: =COUNT([6]inter_system_stats!$D$34:$D$59) -> 25 | D76: =SUM([6]inter_system_stats!$D$34:$D$59) -> 18.464777 | E76: =AVERAGE([6]inter_system_stats!$D$34:$D$59) -> 0.73859107 | F76: =VAR([6]inter_system_stats!$D$34:$D$59) -> 0.0029744307
A77: ac15 | B77: Column 4 | C77: =COUNT([6]inter_system_stats!$E$34:$E$59) -> 25 | D77: =SUM([6]inter_system_stats!$E$34:$E$59) -> 18.094898 | E77: =AVERAGE([6]inter_system_stats!$E$34:$E$59) -> 0.72379591 | F77: =VAR([6]inter_system_stats!$E$34:$E$59) -> 0.0034157774
B79: Source of Variation | C79: SS | D79: df | E79: MS | F79: F | G79: P-value | H79: F critical
B80: Between Groups | C80: =SUMPRODUCT('Anova-prompt-response'!$D$74:$D$77,'Anova-prompt-response'!$E$74:$E$77)-SUM('Anova-prompt-response'!$D$74:$D$77)^2/SUM('Anova-prompt-response'!$C$74:$C$77) -> 0.0033067115 | D80: =COUNT('Anova-prompt-response'!$D$74:$D$77)-1 -> 3 | E80: ='Anova-prompt-response'!$C$80 / 'Anova-prompt-response'!$D$80 -> 0.0011022372 | F80: ='Anova-prompt-response'!$E$80 / 'Anova-prompt-response'!$E$81 -> 0.31579085 | G80: =FDIST('Anova-prompt-response'!$F$80, 'Anova-prompt-response'!$D$80, 'Anova-prompt-response'!$D$81) -> 0.81392502 | H80: =FINV('Anova-prompt-response'!$C$71, 'Anova-prompt-response'!$D$80, 'Anova-prompt-response'!$D$81) -> 2.6993926
B81: Within Groups | C81: =SUM(DEVSQ([6]inter_system_stats!$B$34:$B$59),DEVSQ([6]inter_system_stats!$C$34:$C$59),DEVSQ([6]inter_system_stats!$D$34:$D$59),DEVSQ([6]inter_system_stats!$E$34:$E$59)) -> 0.33507863 | D81: =SUM('Anova-prompt-response'!$C$74:$C$77)-COUNT('Anova-prompt-response'!$C$74:$C$77) -> 96 | E81: ='Anova-prompt-response'!$C$81 / 'Anova-prompt-response'!$D$81 -> 0.0034904024
B82: Total | C82: =DEVSQ([6]inter_system_stats!$B$34:$B$59,[6]inter_system_stats!$C$34:$C$59,[6]inter_system_stats!$D$34:$D$59,[6]inter_system_stats!$E$34:$E$59) -> 0.33838535 | D82: =SUM('Anova-prompt-response'!$C$74:$C$77) - 1 -> 99
A92: Scenario 5
B93: ANOVA - Single Factor
B94: Alpha | C94: 0.05
B96: Groups | C96: Count | D96: Sum | E96: Mean | F96: Variance
A97: ac15p | B97: Column 1 | C97: =COUNT([7]inter_system_stats!$B$34:$B$59) -> 25 | D97: =SUM([7]inter_system_stats!$B$34:$B$59) -> 18.309276 | E97: =AVERAGE([7]inter_system_stats!$B$34:$B$59) -> 0.73237105 | F97: =VAR([7]inter_system_stats!$B$34:$B$59) -> 0.0021075812
A98: hybrid | B98: Column 2 | C98: =COUNT([7]inter_system_stats!$C$34:$C$59) -> 25 | D98: =SUM([7]inter_system_stats!$C$34:$C$59) -> 18.309431 | E98: =AVERAGE([7]inter_system_stats!$C$34:$C$59) -> 0.73237725 | F98: =VAR([7]inter_system_stats!$C$34:$C$59) -> 0.0015741888
A99: hybsem | B99: Column 3 | C99: =COUNT([7]inter_system_stats!$D$34:$D$59) -> 25 | D99: =SUM([7]inter_system_stats!$D$34:$D$59) -> 18.277814 | E99: =AVERAGE([7]inter_system_stats!$D$34:$D$59) -> 0.73111256 | F99: =VAR([7]inter_system_stats!$D$34:$D$59) -> 0.0012492374
A100: ac15 | B100: Column 4 | C100: =COUNT([7]inter_system_stats!$E$34:$E$59) -> 25 | D100: =SUM([7]inter_system_stats!$E$34:$E$59) -> 18.426193 | E100: =AVERAGE([7]inter_system_stats!$E$34:$E$59) -> 0.73704774 | F100: =VAR([7]inter_system_stats!$E$34:$E$59) -> 0.0018246891
B102: Source of Variation | C102: SS | D102: df | E102: MS | F102: F | G102: P-value | H102: F critical
B103: Between Groups | C103: =SUMPRODUCT('Anova-prompt-response'!$D$97:$D$100,'Anova-prompt-response'!$E$97:$E$100)-SUM('Anova-prompt-response'!$D$97:$D$100)^2/SUM('Anova-prompt-response'!$C$97:$C$100) -> 0.00051309066 | D103: =COUNT('Anova-prompt-response'!$D$97:$D$100)-1 -> 3 | E103: ='Anova-prompt-response'!$C$103 / 'Anova-prompt-response'!$D$103 -> 0.00017103022 | F103: ='Anova-prompt-response'!$E$103 / 'Anova-prompt-response'!$E$104 -> 0.10126578 | G103: =FDIST('Anova-prompt-response'!$F$103, 'Anova-prompt-response'!$D$103, 'Anova-prompt-response'!$D$104) -> 0.95910616 | H103: =FINV('Anova-prompt-response'!$C$94, 'Anova-prompt-response'!$D$103, 'Anova-prompt-response'!$D$104) -> 2.6993926
B104: Within Groups | C104: =SUM(DEVSQ([7]inter_system_stats!$B$34:$B$59),DEVSQ([7]inter_system_stats!$C$34:$C$59),DEVSQ([7]inter_system_stats!$D$34:$D$59),DEVSQ([7]inter_system_stats!$E$34:$E$59)) -> 0.16213671 | D104: =SUM('Anova-prompt-response'!$C$97:$C$100)-COUNT('Anova-prompt-response'!$C$97:$C$100) -> 96 | E104: ='Anova-prompt-response'!$C$104 / 'Anova-prompt-response'!$D$104 -> 0.0016889241
B105: Total | C105: =DEVSQ([7]inter_system_stats!$B$34:$B$59,[7]inter_system_stats!$C$34:$C$59,[7]inter_system_stats!$D$34:$D$59,[7]inter_system_stats!$E$34:$E$59) -> 0.1626498 | D105: =SUM('Anova-prompt-response'!$C$97:$C$100) - 1 -> 99
A115: Scenario 6
B116: ANOVA - Single Factor
B117: Alpha | C117: 0.05
B119: Groups | C119: Count | D119: Sum | E119: Mean | F119: Variance
A120: ac15p | B120: Column 1 | C120: =COUNT([8]inter_system_stats!$B$34:$B$59) -> 25 | D120: =SUM([8]inter_system_stats!$B$34:$B$59) -> 18.201412 | E120: =AVERAGE([8]inter_system_stats!$B$34:$B$59) -> 0.72805647 | F120: =VAR([8]inter_system_stats!$B$34:$B$59) -> 0.0037347451
A121: hybrid | B121: Column 2 | C121: =COUNT([8]inter_system_stats!$C$34:$C$59) -> 25 | D121: =SUM([8]inter_system_stats!$C$34:$C$59) -> 18.400771 | E121: =AVERAGE([8]inter_system_stats!$C$34:$C$59) -> 0.73603082 | F121: =VAR([8]inter_system_stats!$C$34:$C$59) -> 0.0029897442
A122: hybsem | B122: Column 3 | C122: =COUNT([8]inter_system_stats!$D$34:$D$59) -> 25 | D122: =SUM([8]inter_system_stats!$D$34:$D$59) -> 18.007959 | E122: =AVERAGE([8]inter_system_stats!$D$34:$D$59) -> 0.72031836 | F122: =VAR([8]inter_system_stats!$D$34:$D$59) -> 0.0032534829
A123: ac15 | B123: Column 4 | C123: =COUNT([8]inter_system_stats!$E$34:$E$59) -> 25 | D123: =SUM([8]inter_system_stats!$E$34:$E$59) -> 18.12056 | E123: =AVERAGE([8]inter_system_stats!$E$34:$E$59) -> 0.72482238 | F123: =VAR([8]inter_system_stats!$E$34:$E$59) -> 0.0027128713
B125: Source of Variation | C125: SS | D125: df | E125: MS | F125: F | G125: P-value | H125: F critical
B126: Between Groups | C126: =SUMPRODUCT('Anova-prompt-response'!$D$120:$D$123,'Anova-prompt-response'!$E$120:$E$123)-SUM('Anova-prompt-response'!$D$120:$D$123)^2/SUM('Anova-prompt-response'!$C$120:$C$123) -> 0.0032920291 | D126: =COUNT('Anova-prompt-response'!$D$120:$D$123)-1 -> 3 | E126: ='Anova-prompt-response'!$C$126 / 'Anova-prompt-response'!$D$126 -> 0.001097343 | F126: ='Anova-prompt-response'!$E$126 / 'Anova-prompt-response'!$E$127 -> 0.34586922 | G126: =FDIST('Anova-prompt-response'!$F$126, 'Anova-prompt-response'!$D$126, 'Anova-prompt-response'!$D$127) -> 0.79220631 | H126: =FINV('Anova-prompt-response'!$C$117, 'Anova-prompt-response'!$D$126, 'Anova-prompt-response'!$D$127) -> 2.6993926
B127: Within Groups | C127: =SUM(DEVSQ([8]inter_system_stats!$B$34:$B$59),DEVSQ([8]inter_system_stats!$C$34:$C$59),DEVSQ([8]inter_system_stats!$D$34:$D$59),DEVSQ([8]inter_system_stats!$E$34:$E$59)) -> 0.30458024 | D127: =SUM('Anova-prompt-response'!$C$120:$C$123)-COUNT('Anova-prompt-response'!$C$120:$C$123) -> 96 | E127: ='Anova-prompt-response'!$C$127 / 'Anova-prompt-response'!$D$127 -> 0.0031727109
B128: Total | C128: =DEVSQ([8]inter_system_stats!$B$34:$B$59,[8]inter_system_stats!$C$34:$C$59,[8]inter_system_stats!$D$34:$D$59,[8]inter_system_stats!$E$34:$E$59) -> 0.30787227 | D128: =SUM('Anova-prompt-response'!$C$120:$C$123) - 1 -> 99
A136: Scenario 7
B137: ANOVA - Single Factor
B138: Alpha | C138: 0.05
B140: Groups | C140: Count | D140: Sum | E140: Mean | F140: Variance
A141: ac15p | B141: Column 1 | C141: =COUNT([9]inter_system_stats!$B$31:$B$56) -> 25 | D141: =SUM([9]inter_system_stats!$B$31:$B$56) -> 17.785397 | E141: =AVERAGE([9]inter_system_stats!$B$31:$B$56) -> 0.71141589 | F141: =VAR([9]inter_system_stats!$B$31:$B$56) -> 0.0022639834
A142: hybrid | B142: Column 2 | C142: =COUNT([9]inter_system_stats!$C$31:$C$56) -> 25 | D142: =SUM([9]inter_system_stats!$C$31:$C$56) -> 18.057281 | E142: =AVERAGE([9]inter_system_stats!$C$31:$C$56) -> 0.72229125 | F142: =VAR([9]inter_system_stats!$C$31:$C$56) -> 0.0025385628
A143: hybsem | B143: Column 3 | C143: =COUNT([9]inter_system_stats!$D$31:$D$56) -> 25 | D143: =SUM([9]inter_system_stats!$D$31:$D$56) -> 18.015458 | E143: =AVERAGE([9]inter_system_stats!$D$31:$D$56) -> 0.72061831 | F143: =VAR([9]inter_system_stats!$D$31:$D$56) -> 0.0024899574
A144: ac15 | B144: Column 4 | C144: =COUNT([9]inter_system_stats!$E$31:$E$56) -> 25 | D144: =SUM([9]inter_system_stats!$E$31:$E$56) -> 17.827329 | E144: =AVERAGE([9]inter_system_stats!$E$31:$E$56) -> 0.71309316 | F144: =VAR([9]inter_system_stats!$E$31:$E$56) -> 0.0032810847
B146: Source of Variation | C146: SS | D146: df | E146: MS | F146: F | G146: P-value | H146: F critical
B147: Between Groups | C147: =SUMPRODUCT('Anova-prompt-response'!$D$141:$D$144,'Anova-prompt-response'!$E$141:$E$144)-SUM('Anova-prompt-response'!$D$141:$D$144)^2/SUM('Anova-prompt-response'!$C$141:$C$144) -> 0.0021862684 | D147: =COUNT('Anova-prompt-response'!$D$141:$D$144)-1 -> 3 | E147: ='Anova-prompt-response'!$C$147 / 'Anova-prompt-response'!$D$147 -> 0.00072875612 | F147: ='Anova-prompt-response'!$E$147 / 'Anova-prompt-response'!$E$148 -> 0.27568924 | G147: =FDIST('Anova-prompt-response'!$F$147, 'Anova-prompt-response'!$D$147, 'Anova-prompt-response'!$D$148) -> 0.84280843 | H147: =FINV('Anova-prompt-response'!$C$138, 'Anova-prompt-response'!$D$147, 'Anova-prompt-response'!$D$148) -> 2.6993926
B148: Within Groups | C148: =SUM(DEVSQ([9]inter_system_stats!$B$31:$B$56),DEVSQ([9]inter_system_stats!$C$31:$C$56),DEVSQ([9]inter_system_stats!$D$31:$D$56),DEVSQ([9]inter_system_stats!$E$31:$E$56)) -> 0.25376612 | D148: =SUM('Anova-prompt-response'!$C$141:$C$144)-COUNT('Anova-prompt-response'!$C$141:$C$144) -> 96 | E148: ='Anova-prompt-response'!$C$148 / 'Anova-prompt-response'!$D$148 -> 0.0026433971
B149: Total | C149: =DEVSQ([9]inter_system_stats!$B$31:$B$56,[9]inter_system_stats!$C$31:$C$56,[9]inter_system_stats!$D$31:$D$56,[9]inter_system_stats!$E$31:$E$56) -> 0.25595239 | D149: =SUM('Anova-prompt-response'!$C$141:$C$144) - 1 -> 99
A158: Scenario 8
B159: ANOVA - Single Factor
B160: Alpha | C160: 0.05
B162: Groups | C162: Count | D162: Sum | E162: Mean | F162: Variance
A163: ac15p | B163: Column 1 | C163: =COUNT([10]inter_system_stats!$B$33:$B$58) -> 25 | D163: =SUM([10]inter_system_stats!$B$33:$B$58) -> 18.551522 | E163: =AVERAGE([10]inter_system_stats!$B$33:$B$58) -> 0.74206089 | F163: =VAR([10]inter_system_stats!$B$33:$B$58) -> 0.0023570201
A164: hybrid | B164: Column 2 | C164: =COUNT([10]inter_system_stats!$C$33:$C$58) -> 25 | D164: =SUM([10]inter_system_stats!$C$33:$C$58) -> 18.601632 | E164: =AVERAGE([10]inter_system_stats!$C$33:$C$58) -> 0.7440653 | F164: =VAR([10]inter_system_stats!$C$33:$C$58) -> 0.0024830668
A165: hybsem | B165: Column 3 | C165: =COUNT([10]inter_system_stats!$D$33:$D$58) -> 25 | D165: =SUM([10]inter_system_stats!$D$33:$D$58) -> 18.458602 | E165: =AVERAGE([10]inter_system_stats!$D$33:$D$58) -> 0.73834409 | F165: =VAR([10]inter_system_stats!$D$33:$D$58) -> 0.0016596641
A166: ac15 | B166: Column 4 | C166: =COUNT([10]inter_system_stats!$E$33:$E$58) -> 25 | D166: =SUM([10]inter_system_stats!$E$33:$E$58) -> 18.514326 | E166: =AVERAGE([10]inter_system_stats!$E$33:$E$58) -> 0.74057302 | F166: =VAR([10]inter_system_stats!$E$33:$E$58) -> 0.0016132267
B168: Source of Variation | C168: SS | D168: df | E168: MS | F168: F | G168: P-value | H168: F critical
B169: Between Groups | C169: =SUMPRODUCT('Anova-prompt-response'!$D$163:$D$166,'Anova-prompt-response'!$E$163:$E$166)-SUM('Anova-prompt-response'!$D$163:$D$166)^2/SUM('Anova-prompt-response'!$C$163:$C$166) -> 0.00043713959 | D169: =COUNT('Anova-prompt-response'!$D$163:$D$166)-1 -> 3 | E169: ='Anova-prompt-response'!$C$169 / 'Anova-prompt-response'!$D$169 -> 0.0001457132 | F169: ='Anova-prompt-response'!$E$169 / 'Anova-prompt-response'!$E$170 -> 0.071842031 | G169: =FDIST('Anova-prompt-response'!$F$169, 'Anova-prompt-response'!$D$169, 'Anova-prompt-response'!$D$170) -> 0.97489922 | H169: =FINV('Anova-prompt-response'!$C$160, 'Anova-prompt-response'!$D$169, 'Anova-prompt-response'!$D$170) -> 2.6993926
B170: Within Groups | C170: =SUM(DEVSQ([10]inter_system_stats!$B$33:$B$58),DEVSQ([10]inter_system_stats!$C$33:$C$58),DEVSQ([10]inter_system_stats!$D$33:$D$58),DEVSQ([10]inter_system_stats!$E$33:$E$58)) -> 0.19471146 | D170: =SUM('Anova-prompt-response'!$C$163:$C$166)-COUNT('Anova-prompt-response'!$C$163:$C$166) -> 96 | E170: ='Anova-prompt-response'!$C$170 / 'Anova-prompt-response'!$D$170 -> 0.0020282444
B171: Total | C171: =DEVSQ([10]inter_system_stats!$B$33:$B$58,[10]inter_system_stats!$C$33:$C$58,[10]inter_system_stats!$D$33:$D$58,[10]inter_system_stats!$E$33:$E$58) -> 0.1951486 | D171: =SUM('Anova-prompt-response'!$C$163:$C$166) - 1 -> 99

Sheet Compasrison of critical turns
A1: * For ABS(response-prompt)>=0.05
A4: Scenario 1
A6: Turn | B6: comparison | C6: delta | E6: Count - delta | F6: comparison | G6: Scenario 1
A7: 5 | B7: hybrid-hybsem | C7: 0.098620831 | E7: Turn | F7: ac15 hybrid | G7: ac15 hybsem | H7: ac15-ac15p | I7: hybrid-ac15p | J7: hybrid-hybsem | K7: hybsem ac15p | L7: Total Result
A8: 9 | B8: hybrid-hybsem | C8: 0.074349093 | E8: 2 | F8: 1 | L8: 1
A9: 6 | B9: hybrid-hybsem | C9: 0.068760577 | E9: 3 | F9: 1 | G9: 1 | L9: 2
A10: 17 | B10: hybrid-hybsem | C10: 0.052987223 | E10: 4 | G10: 1 | J10: 1 | K10: 1 | L10: 3
A11: 19 | B11: hybrid-hybsem | C11: 0.052745357 | E11: 5 | G11: 1 | J11: 1 | K11: 1 | L11: 3
A12: 4 | B12: hybrid-hybsem | C12: 0.052041506 | E12: 6 | I12: 1 | J12: 1 | L12: 2
A13: 15 | B13: hybrid-hybsem | C13: 0.051309121 | E13: 9 | G13: 1 | J13: 1 | L13: 2
A14: 22 | B14: ac15-ac15p | C14: 0.079287974 | E14: 14 | F14: 1 | I14: 1 | L14: 2
A15: 24 | B15: ac15-ac15p | C15: 0.055768384 | E15: 15 | F15: 1 | J15: 1 | L15: 2
A16: 19 | B16: hybrid-ac15p | C16: 0.079800639 | E16: 16 | K16: 1 | L16: 1
A17: 24 | B17: hybrid-ac15p | C17: 0.076851129 | E17: 17 | F17: 1 | I17: 1 | J17: 1 | L17: 3
A18: 22 | B18: hybrid-ac15p | C18: 0.067913393 | E18: 19 | F18: 1 | G18: 1 | I18: 1 | J18: 1 | K18: 1 | L18: 5
A19: 14 | B19: hybrid-ac15p | C19: 0.06589851 | E19: 20 | K19: 1 | L19: 1
A20: 6 | B20: hybrid-ac15p | C20: 0.065064386 | E20: 22 | H20: 1 | I20: 1 | K20: 1 | L20: 3
A21: 17 | B21: hybrid-ac15p | C21: 0.050035675 | E21: 24 | H21: 1 | I21: 1 | L21: 2
A22: 19 | B22: hybsem ac15p | C22: 0.132546 | E22: Total Result | F22: 6 | G22: 5 | H22: 2 | I22: 6 | J22: 7 | K22: 6 | L22: 32
A23: 16 | B23: hybsem ac15p | C23: 0.071984492
A24: 4 | B24: hybsem ac15p | C24: 0.066133487
A25: 20 | B25: hybsem ac15p | C25: 0.052261883
A26: 5 | B26: hybsem ac15p | C26: 0.051548359
A27: 22 | B27: hybsem ac15p | C27: 0.050206798
A28: 3 | B28: ac15 hybrid | C28: 0.085415588
A29: 19 | B29: ac15 hybrid | C29: 0.072330129
A30: 15 | B30: ac15 hybrid | C30: 0.071369072
A31: 14 | B31: ac15 hybrid | C31: 0.056547607
A32: 17 | B32: ac15 hybrid | C32: 0.053647376
A33: 2 | B33: ac15 hybrid | C33: 0.052184378
A34: 19 | B34: ac15 hybsem | C34: 0.12507549
... A38: 4 | B38: ac15 hybsem | C38: 0.05012077
A41: Scenario 2
A43: turns | B43: comparison | C43: abs delta | E43: Count - abs delta | F43: comparison | G43: Scenario 2
A44: 22 | B44: Hybesm-hybrid | C44: 0.10403392 | E44: turns | F44: ac15-ac15p | G44: Hybesm-hybrid | H44: Hybrid-ac15 | I44: Hybrid-ac15p | J44: Hybsem-ac15 | K44: Hybsem-ac15p | L44: Total Result
A45: 21 | B45: Hybrid-ac15 | C45: 0.091267052 | E45: 5 | F45: 1 | G45: 1 | J45: 1 | L45: 3
A46: 22 | B46: Hybrid-ac15p | C46: 0.084257278 | E46: 7 | G46: 1 | L46: 1
A47: 21 | B47: Hybesm-hybrid | C47: 0.08360635 | E47: 13 | I47: 1 | L47: 1
A48: 5 | B48: Hybsem-ac15 | C48: 0.080955631 | E48: 17 | H48: 1 | L48: 1
A49: 23 | B49: Hybesm-hybrid | C49: 0.077076384 | E49: 21 | G49: 1 | H49: 1 | I49: 1 | L49: 3
A50: 7 | B50: Hybesm-hybrid | C50: 0.072078989 | E50: 22 | G50: 1 | H50: 1 | I50: 1 | L50: 3
A51: 17 | B51: Hybrid-ac15 | C51: 0.068022618 | E51: 23 | G51: 1 | K51: 1 | L51: 2
A52: 22 | B52: Hybrid-ac15 | C52: 0.067050276 | E52: 24 | I52: 1 | K52: 1 | L52: 2
A53: 23 | B53: Hybsem-ac15p | C53: 0.064935049 | E53: Total Result | F53: 1 | G53: 5 | H53: 3 | I53: 4 | J53: 1 | K53: 2 | L53: 16
A54: 24 | B54: Hybsem-ac15p | C54: 0.063619817
A55: 5 | B55: Hybesm-hybrid | C55: 0.063126203
A56: 5 | B56: ac15-ac15p | C56: 0.061506891
A57: 21 | B57: Hybrid-ac15p | C57: 0.060633403
A58: 13 | B58: Hybrid-ac15p | C58: 0.054187836
A59: 24 | B59: Hybrid-ac15p | C59: 0.051344723
A62: Scenario 3
A64: turns | B64: comparison | C64: abs delta | E64: Count - abs delta | F64: comparison | G64: Scenario 3
A65: 20 | B65: ac15-ac15p | C65: 0.1209641 | E65: turns | F65: ac15-ac15p | G65: hybrid-ac15 | H65: Hybrid-ac15p | I65: hybsem-ac15 | J65: hybsem-ac15p | K65: Hybsem-hybrid | L65: Total Result
A66: 20 | B66: Hybrid-ac15p | C66: 0.10478435 | E66: 2 | I66: 1 | J66: 1 | L66: 2
A67: 22 | B67: hybrid-ac15 | C67: 0.10259484 | E67: 5 | F67: 1 | I67: 1 | L67: 2
A68: 8 | B68: hybrid-ac15 | C68: 0.10005495 | E68: 8 | G68: 1 | H68: 1 | I68: 1 | L68: 3
A69: 21 | B69: hybrid-ac15 | C69: 0.098087802 | E69: 9 | K69: 1 | L69: 1
A70: 21 | B70: ac15-ac15p | C70: 0.084172229 | E70: 13 | F70: 1 | G70: 1 | I70: 1 | L70: 3
A71: 21 | B71: hybsem-ac15 | C71: 0.082583077 | E71: 16 | G71: 1 | I71: 1 | L71: 2
A72: 16 | B72: hybrid-ac15 | C72: 0.076429466 | E72: 20 | F72: 1 | H72: 1 | I72: 1 | J72: 1 | L72: 4
A73: 13 | B73: hybsem-ac15 | C73: 0.076072324 | E73: 21 | F73: 1 | G73: 1 | I73: 1 | L73: 3
A74: 22 | B74: ac15-ac15p | C74: 0.074362422 | E74: 22 | F74: 1 | G74: 1 | K74: 1 | L74: 3
A75: 5 | B75: hybsem-ac15 | C75: 0.06914743 | E75: Total Result | F75: 5 | G75: 5 | H75: 2 | I75: 7 | J75: 2 | K75: 2 | L75: 23
A76: 22 | B76: Hybsem-hybrid | C76: 0.067079933
A77: 8 | B77: hybsem-ac15 | C77: 0.065227009
A78: 20 | B78: hybsem-ac15p | C78: 0.064413378
A79: 2 | B79: hybsem-ac15 | C79: 0.063505803
A80: 16 | B80: hybsem-ac15 | C80: 0.061630551
A81: 20 | B81: hybsem-ac15 | C81: 0.056550725
A82: 13 | B82: hybrid-ac15 | C82: 0.055714888
A83: 9 | B83: Hybsem-hybrid | C83: 0.055327237
A84: 5 | B84: ac15-ac15p | C84: 0.053330864
A85: 2 | B85: hybsem-ac15p | C85: 0.053304444
A86: 13 | B86: ac15-ac15p | C86: 0.052342341
A87: 8 | B87: Hybrid-ac15p | C87: 0.050169709
A90: Scenario 4
A92: turns | B92: comparison | C92: abs delta | E92: Count - abs delta | F92: comparison | G92: Scenario 4
A93: 5 | B93: hybrid-hybsem | C93: 0.054355375 | E93: turns | F93: ac15-ac15p | G93: hybrid-ac15 | H93: hybrid-ac15p | I93: hybrid-hybsem | J93: hybsem-ac15 | K93: hybsem-ac15p | L93: Total Result
A94: 11 | B94: hybrid-hybsem | C94: 0.060108118 | E94: 2 | G94: 1 | L94: 1
A95: 21 | B95: hybrid-hybsem | C95: 0.13469783 | E95: 3 | J95: 1 | L95: 1
A96: 25 | B96: hybrid-hybsem | C96: 0.053068307 | E96: 5 | I96: 1 | J96: 1 | K96: 1 | L96: 3
A97: 6 | B97: ac15-ac15p | C97: 0.052816941 | E97: 6 | F97: 1 | L97: 1
A98: 7 | B98: ac15-ac15p | C98: 0.07663348 | E98: 7 | F98: 1 | H98: 1 | L98: 2
A99: 10 | B99: ac15-ac15p | C99: 0.067796257 | E99: 10 | F99: 1 | H99: 1 | K99: 1 | L99: 3
A100: 21 | B100: ac15-ac15p | C100: 0.063628242 | E100: 11 | G100: 1 | H100: 1 | I100: 1 | L100: 3
A101: 7 | B101: hybrid-ac15p | C101: 0.077634092 | E101: 19 | J101: 1 | L101: 1
A102: 10 | B102: hybrid-ac15p | C102: 0.097613292 | E102: 20 | J102: 1 | L102: 1
A103: 11 | B103: hybrid-ac15p | C103: 0.085998138 | E103: 21 | F103: 1 | H103: 1 | I103: 1 | J103: 1 | L103: 4
A104: 21 | B104: hybrid-ac15p | C104: 0.11009356 | E104: 23 | H104: 1 | L104: 1
A105: 23 | B105: hybrid-ac15p | C105: 0.050290253 | E105: 25 | I105: 1 | K105: 1 | L105: 2
A106: 5 | B106: hybsem-ac15p | C106: 0.058544031 | E106: Total Result | F106: 4 | G106: 2 | H106: 5 | I106: 4 | J106: 5 | K106: 3 | L106: 23
A107: 10 | B107: hybsem-ac15p | C107: 0.083058233
A108: 25 | B108: hybsem-ac15p | C108: 0.054396963
A109: 3 | B109: hybsem-ac15 | C109: 0.051369776
A110: 5 | B110: hybsem-ac15 | C110: 0.06683409
A111: 19 | B111: hybsem-ac15 | C111: 0.052370064
A112: 20 | B112: hybsem-ac15 | C112: 0.05160832
A113: 21 | B113: hybsem-ac15 | C113: 0.088232518
A114: 2 | B114: hybrid-ac15 | C114: 0.058599866
A115: 11 | B115: hybrid-ac15 | C115: 0.051199519
...

Sheet Anchors_raw_information
A2: Scenario 1:
B3: Scenario 1 | D3: Project | J3: Test of Independence (Chi-Square)
B4: Anchors | C4: Data | D4: ac15-plain | E4: hybrid_v3_5 | F4: hybrid_v3_5_semantic | G4: test_ac15 | H4: Total Result | J4: Alpha | K4: 0.05
B5: affective_interface | C5: Count - weights | D5: 11 | E5: 3 | F5: 10 | G5: 10 | H5: 34 | J5: df | K5: =(COLUMNS([11]anchors_raw_information!$G$261:$J$271) - 1) * (ROWS([11]anchors_raw_information!$G$261:$J$271) - 1) -> 30
C6: Average - weights | D6: 0.15725455 | E6: 0.16406667 | F6: 0.16736 | G6: 0.1613 | H6: 0.16201765 | J6: P-value | K6: =CHITEST([11]anchors_raw_information!$G$261:$J$271, MMULT(MMULT([11]anchors_raw_information!$G$261:$J$271,TRANSPOSE(IF(COLUMN([11]anchors_raw_information!$G$261:$J$271),TRUE()))),MMULT(TRANSPOSE(IF(ROW([11]anchors_raw_information!$G$261:$J$271),TRUE())),[11]anchors_raw_information!$G$261:$J$271)) / SUM([11]anchors_raw_information!$G$261:$J$271)) -> 0.010693264
B7: electricity | C7: Count - weights | D7: 10 | E7: 7 | F7: 8 | G7: 6 | H7: 31 | J7: Test Statistic | K7: =CHIINV(Anchors_raw_information!$K$6, Anchors_raw_information!$K$5) -> 50.615989
C8: Average - weights | D8: 0.16259 | E8: 0.16622857 | F8: 0.1677625 | G8: 0.16023333 | H8: 0.16429032 | J8: Critical Value | K8: =CHIINV(Anchors_raw_information!$K$4, Anchors_raw_information!$K$5) -> 43.772972
B9: freedom_and_limitations | C9: Count - weights | D9: 2 | E9: 5 | F9: 1 | H9: 8
C10: Average - weights | D10: 0.1569 | E10: 0.15472 | F10: 0.1453 | H10: 0.1540875 | J10: Test of Independence (Chi-Square) – freedom
B11: imagination_and_possibility | C11: Count - weights | E11: 19 | F11: 15 | G11: 6 | H11: 40 | J11: Alpha | K11: 0.05
C12: Average - weights | E12: 0.16626842 | F12: 0.16717333 | G12: 0.15548333 | H12: 0.16499 | J12: df | K12: =(COLUMNS([11]anchors_raw_information!$G$282:$J$290) - 1) * (ROWS([11]anchors_raw_information!$G$282:$J$290) - 1) -> 24
B13: mathematics_computer_science_engineering | C13: Count - weights | D13: 23 | E13: 24 | F13: 20 | G13: 25 | H13: 92 | J13: P-value | K13: =CHITEST([11]anchors_raw_information!$G$282:$J$290, MMULT(MMULT([11]anchors_raw_information!$G$282:$J$290,TRANSPOSE(IF(COLUMN([11]anchors_raw_information!$G$282:$J$290),TRUE()))),MMULT(TRANSPOSE(IF(ROW([11]anchors_raw_information!$G$282:$J$290),TRUE())),[11]anchors_raw_information!$G$282:$J$290)) / SUM([11]anchors_raw_information!$G$282:$J$290)) -> 0.037399629
C14: Average - weights | D14: 0.17606087 | E14: 0.17728333 | F14: 0.17726 | G14: 0.180072 | H14: 0.17773043 | J14: Test Statistic | K14: =CHIINV(Anchors_raw_information!$K$13, Anchors_raw_information!$K$12) -> 37.677586
B15: metaphorical_scaffolding | C15: Count - weights | D15: 3 | F15: 4 | G15: 3 | H15: 10 | J15: Critical Value | K15: =CHIINV(Anchors_raw_information!$K$11, Anchors_raw_information!$K$12) -> 36.415029
C16: Average - weights | D16: 0.15276667 | F16: 0.16345 | G16: 0.15366667 | H16: 0.15731
B17: practicality_and_feasibility | C17: Count - weights | D17: 25 | E17: 25 | F17: 25 | G17: 25 | H17: 100
C18: Average - weights | D18: 0.196308 | E18: 0.214124 | F18: 0.218356 | G18: 0.204948 | H18: 0.208434 | J18: Chi square test – science-truth – freedom
B19: science | C19: Count - weights | D19: 1 | G19: 3 | H19: 4 | J19: Alpha | K19: 0.05
C20: Average - weights | D20: 0.1509 | G20: 0.15926667 | H20: 0.157175 | J20: df | K20: =(COLUMNS([11]anchors_raw_information!$G$301:$J$308) - 1) * (ROWS([11]anchors_raw_information!$G$301:$J$308) - 1) -> 21
B21: sovereignty | C21: Count - weights | D21: 25 | E21: 15 | F21: 13 | G21: 22 | H21: 75 | J21: P-value | K21: =CHITEST([11]anchors_raw_information!$G$301:$J$308, MMULT(MMULT([11]anchors_raw_information!$G$301:$J$308,TRANSPOSE(IF(COLUMN([11]anchors_raw_information!$G$301:$J$308),TRUE()))),MMULT(TRANSPOSE(IF(ROW([11]anchors_raw_information!$G$301:$J$308),TRUE())),[11]anchors_raw_information!$G$301:$J$308)) / SUM([11]anchors_raw_information!$G$301:$J$308)) -> 0.014017188
C22: Average - weights | D22: 0.173296 | E22: 0.16872 | F22: 0.18175385 | G22: 0.16459545 | H22: 0.17129467 | J22: Test Statistic | K22: =CHIINV(Anchors_raw_information!$K$21, Anchors_raw_information!$K$20) -> 37.687871
B23: temporal_dynamics | C23: Count - weights | D23: 25 | E23: 23 | F23: 25 | G23: 25 | H23: 98 | J23: Critical Value | K23: =CHIINV(Anchors_raw_information!$K$19, Anchors_raw_information!$K$20) -> 32.670573
C24: Average - weights | D24: 0.18282 | E24: 0.2056 | F24: 0.192444 | G24: 0.188348 | H24: 0.19203163
B25: truth_and_fact | C25: Count - weights | D25: 25 | E25: 25 | F25: 25 | G25: 25 | H25: 100
C26: Average - weights | D26: 0.114436 | E26: 0.10174 | F26: 0.1 | G26: 0.103932 | H26: 0.105027
B27: Total Count - weights | D27: 150 | E27: 146 | F27: 146 | G27: 150 | H27: 592
B28: Total Average - weights | D28: 0.166664 | E28: 0.17122945 | F28: 0.17123562 | G28: 0.16666467 | H28: 0.16891757
A33: Scenario 2:
B34: Scenario 2 | D34: projectName | J34: Test of Independence (Chi-Square)
B35: anchorName | C35: Data | D35: ac15-plain | E35: hybrid_v3_5 | F35: hysem | G35: test_ac15 | H35: Total Result | J35: Alpha | K35: 0.05
B36: affective_interface | C36: Count - weight | D36: 20 | E36: 18 | F36: 24 | G36: 17 | H36: 79 | J36: df | K36: =(COLUMNS([12]anchors_raw_information!$H$81:$K$91) - 1) * (ROWS([12]anchors_raw_information!$H$81:$K$91) - 1) -> 30
C37: Average - weight* | D37: 0.175175 | E37: 0.18772222 | F37: 0.2031875 | G37: 0.17807059 | H37: 0.18716709 | J37: P-value | K37: =CHITEST([12]anchors_raw_information!$H$81:$K$91, MMULT(MMULT([12]anchors_raw_information!$H$81:$K$91,TRANSPOSE(IF(COLUMN([12]anchors_raw_information!$H$81:$K$91),TRUE()))),MMULT(TRANSPOSE(IF(ROW([12]anchors_raw_information!$H$81:$K$91),TRUE())),[12]anchors_raw_information!$H$81:$K$91)) / SUM([12]anchors_raw_information!$H$81:$K$91)) -> 0.015316595
B38: context_dependent_expression | C38: Count - weight | D38: 1 | E38: 1 | G38: 2 | H38: 4 | J38: Test Statistic | K38: =CHIINV(Anchors_raw_information!$K$37, Anchors_raw_information!$K$36) -> 49.110096
C39: Average - weight* | D39: 0.1711 | E39: 0.2002 | G39: 0.16385 | H39: 0.17475 | J39: Critical Value | K39: =CHIINV(Anchors_raw_information!$K$35, Anchors_raw_information!$K$36) -> 43.772972
B40: freedom_and_limitations | C40: Count - weight | E40: 1 | F40: 2 | H40: 3
C41: Average - weight* | E41: 0.1772 | F41: 0.15575 | H41: 0.1629 | J41: Chi Square - context – freedom – truth
B42: imagination_and_possibility | C42: Count - weight | D42: 6 | E42: 18 | F42: 19 | G42: 10 | H42: 53 | J42: Alpha | K42: 0.05
C43: Average - weight* | D43: 0.15935 | E43: 0.17331667 | F43: 0.16609474 | G43: 0.16556 | H43: 0.16768302 | J43: df | K43: =(COLUMNS([12]anchors_raw_information!$H$105:$L$112) - 1) * (ROWS([12]anchors_raw_information!$H$105:$L$112) - 1) -> 28
B44: mathematics_computer_science_engineering | C44: Count - weight | D44: 21 | E44: 16 | F44: 16 | G44: 24 | H44: 77 | J44: P-value | K44: =CHITEST([12]anchors_raw_information!$H$105:$L$112, MMULT(MMULT([12]anchors_raw_information!$H$105:$L$112,TRANSPOSE(IF(COLUMN([12]anchors_raw_information!$H$105:$L$112),TRUE()))),MMULT(TRANSPOSE(IF(ROW([12]anchors_raw_information!$H$105:$L$112),TRUE())),[12]anchors_raw_information!$H$105:$L$112)) / SUM([12]anchors_raw_information!$H$105:$L$112)) -> 0.033796699
C45: Average - weight* | D45: 0.17064762 | E45: 0.16456875 | F45: 0.1561375 | G45: 0.197875 | H45: 0.17485584 | J45: Test Statistic | K45: =CHIINV(Anchors_raw_information!$K$44, Anchors_raw_information!$K$43) -> 43.13192
B46: metaphorical_scaffolding | C46: Count - weight | D46: 1 | E46: 1 | F46: 1 | G46: 2 | H46: 5 | J46: Critical Value | K46: =CHIINV(Anchors_raw_information!$K$42, Anchors_raw_information!$K$43) -> 41.337138
C47: Average - weight* | D47: 0.1616 | E47: 0.1628 | F47: 0.1625 | G47: 0.1531 | H47: 0.15862
B48: practicality_and_feasibility | C48: Count - weight | D48: 25 | E48: 25 | F48: 25 | G48: 25 | H48: 100
C49: Average - weight* | D49: 0.23228 | E49: 0.264 | F49: 0.24388 | G49: 0.219052 | H49: 0.239803
B50: science | C50: Count - weight | D50: 1 | F50: 1 | G50: 3 | H50: 5
C51: Average - weight* | D51: 0.1614 | F51: 0.1484 | G51: 0.16423333 | H51: 0.1605
B52: sovereignty | C52: Count - weight | D52: 18 | E52: 1 | F52: 2 | G52: 6 | H52: 27
C53: Average - weight* | D53: 0.1731 | E53: 0.1529 | F53: 0.1544 | G53: 0.16506667 | H53: 0.16918148
B54: temporal_dynamics | C54: Count - weight | D54: 24 | E54: 25 | F54: 24 | G54: 25 | H54: 98
C55: Average - weight* | D55: 0.21001667 | E55: 0.243012 | F55: 0.2058875 | G55: 0.218992 | H55: 0.21971224
B56: truth_and_fact | C56: Count - weight | D56: 25 | E56: 25 | F56: 25 | G56: 25 | H56: 100
C57: Average - weight* | D57: 0.1 | E57: 0.1 | F57: 0.1 | G57: 0.1 | H57: 0.1
B58: Total Count - weight | D58: 142 | E58: 131 | F58: 139 | G58: 139 | H58: 551
B59: Total Average - weight* | D59: 0.17605986 | E59: 0.19084122 | F59: 0.17985612 | G59: 0.1798554 | H59: 0.18148929
A62: Scenario 3:
B63: Scenario 3 | D63: projectName | J63: Test of Independence (Chi-Square)
B64: anchorName | C64: Data | D64: ac15-plain | E64: hybrid_v3_5 | F64: hybrid_v3_5_semantic | G64: test_ac15 | H64: Total Result | J64: Alpha | K64: 0.05
B65: affective_interface | C65: Count - weight | D65: 13 | E65: 6 | F65: 13 | G65: 13 | H65: 45 | J65: df | K65: =(COLUMNS([13]anchors_raw_information!$H$252:$K$263) - 1) * (ROWS([13]anchors_raw_information!$H$252:$K$263) - 1) -> 33
C66: Average - weight* | D66: 0.17184615 | E66: 0.16726667 | F66: 0.17109231 | G66: 0.17756154 | H66: 0.17266889 | J66: P-value | K66: =CHITEST([13]anchors_raw_information!$H$252:$K$263, MMULT(MMULT([13]anchors_raw_information!$H$252:$K$263,TRANSPOSE(IF(COLUMN([13]anchors_raw_information!$H$252:$K$263),TRUE()))),MMULT(TRANSPOSE(IF(ROW([13]anchors_raw_information!$H$252:$K$263),TRUE())),[13]anchors_raw_information!$H$252:$K$263)) / SUM([13]anchors_raw_information!$H$252:$K$263)) -> 0.42021573
B67: electricity | C67: Count - weight | D67: 5 | E67: 1 | F67: 1 | G67: 1 | H67: 8 | J67: Test Statistic | K67: =CHIINV(Anchors_raw_information!$K$66, Anchors_raw_information!$K$65) -> 33.97924
C68: Average - weight* | D68: 0.16664 | E68: 0.1654 | F68: 0.1427 | G68: 0.1602 | H68: 0.1626875 | J68: Critical Value | K68: =CHIINV(Anchors_raw_information!$K$64, Anchors_raw_information!$K$65) -> 47.399884
B69: freedom_and_limitations | C69: Count - weight | D69: 13 | E69: 18 | F69: 13 | G69: 6 | H69: 50
C70: Average - weight* | D70: 0.16622308 | E70: 0.17186667 | F70: 0.17729231 | G70: 0.17121667 | H70: 0.171732 | J70: Chi Square test – identity
B71: identity | C71: Count - weight | D71: 1 | E71: 2 | F71: 2 | H71: 5 | J71: Alpha | K71: 0.05
C72: Average - weight* | D72: 0.1572 | E72: 0.18105 | F72: 0.1825 | H72: 0.17686 | J72: df | K72: =(COLUMNS([13]anchors_raw_information!$H$276:$K$286) - 1) * (ROWS([13]anchors_raw_information!$H$276:$K$286) - 1) -> 30
B73: imagination_and_possibility | C73: Count - weight | D73: 9 | E73: 19 | F73: 18 | G73: 18 | H73: 64 | J73: P-value | K73: =CHITEST([13]anchors_raw_information!$H$276:$K$286, MMULT(MMULT([13]anchors_raw_information!$H$276:$K$286,TRANSPOSE(IF(COLUMN([13]anchors_raw_information!$H$276:$K$286),TRUE()))),MMULT(TRANSPOSE(IF(ROW([13]anchors_raw_information!$H$276:$K$286),TRUE())),[13]anchors_raw_information!$H$276:$K$286)) / SUM([13]anchors_raw_information!$H$276:$K$286)) -> 0.37952585
C74: Average - weight* | D74: 0.16453333 | E74: 0.1712 | F74: 0.17353889 | G74: 0.168 | H74: 0.17002031 | J74: Test Statistic | K74: =CHIINV(Anchors_raw_information!$K$73, Anchors_raw_information!$K$72) -> 31.744033
B75: mathematics_computer_science_engineering | C75: Count - weight | D75: 20 | E75: 23 | F75: 23 | G75: 20 | H75: 86 | J75: Critical Value | K75: =CHIINV(Anchors_raw_information!$K$71, Anchors_raw_information!$K$72) -> 43.772972
C76: Average - weight* | D76: 0.175305 | E76: 0.18516957 | F76: 0.18620435 | G76: 0.17941 | H76: 0.18181279
B77: metaphorical_scaffolding | C77: Count - weight | D77: 7 | E77: 4 | F77: 4 | G77: 7 | H77: 22 | J77: Chi Square test – identity-truth
C78: Average - weight* | D78: 0.1652 | E78: 0.164275 | F78: 0.16725 | G78: 0.16368571 | H78: 0.16492273 | J78: Alpha | K78: 0.05
B79: practicality_and_feasibility | C79: Count - weight | D79: 24 | E79: 22 | F79: 23 | G79: 24 | H79: 93 | J79: df | K79: =(COLUMNS([13]anchors_raw_information!$H$299:$K$308) - 1) * (ROWS([13]anchors_raw_information!$H$299:$K$308) - 1) -> 27
C80: Average - weight* | D80: 0.20495 | E80: 0.20179091 | F80: 0.19555652 | G80: 0.19687917 | H80: 0.19979677 | J80: P-value | K80: =CHITEST([13]anchors_raw_information!$H$299:$K$308, MMULT(MMULT([13]anchors_raw_information!$H$299:$K$308,TRANSPOSE(IF(COLUMN([13]anchors_raw_information!$H$299:$K$308),TRUE()))),MMULT(TRANSPOSE(IF(ROW([13]anchors_raw_information!$H$299:$K$308),TRUE())),[13]anchors_raw_information!$H$299:$K$308)) / SUM([13]anchors_raw_information!$H$299:$K$308)) -> 0.24151272
B81: science | C81: Count - weight | D81: 2 | E81: 1 | F81: 1 | G81: 3 | H81: 7 | J81: Test Statistic | K81: =CHIINV(Anchors_raw_information!$K$80, Anchors_raw_information!$K$79) -> 31.748871
C82: Average - weight* | D82: 0.15425 | E82: 0.1668 | F82: 0.1661 | G82: 0.16796667 | H82: 0.16361429 | J82: Critical Value | K82: =CHIINV(Anchors_raw_information!$K$78, Anchors_raw_information!$K$79) -> 40.113272
B83: sovereignty | C83: Count - weight | D83: 18 | E83: 12 | F83: 8 | G83: 12 | H83: 50
C84: Average - weight* | D84: 0.18191667 | E84: 0.17603333 | F84: 0.1716625 | G84: 0.17285833 | H84: 0.17669
B85: temporal_dynamics | C85: Count - weight | D85: 6 | E85: 12 | F85: 14 | G85: 16 | H85: 48
C86: Average - weight* | D86: 0.19723333 | E86: 0.173975 | F86: 0.17507143 | G86: 0.1747625 | H86: 0.17746458
B87: truth_and_fact | C87: Count - weight | D87: 24 | E87: 24 | F87: 24 | G87: 24 | H87: 96
C88: Average - weight* | D88: 0.116075 | E88: 0.1 | F88: 0.1 | G88: 0.11027917 | H88: 0.10658854
B89: Total Count - weight | D89: 142 | E89: 144 | F89: 144 | G89: 144 | H89: 574
B90: Total Average - weight* | D90: 0.16901127 | E90: 0.16666528 | F90: 0.16666875 | G90: 0.16666667 | H90: 0.16724686
A93: Scenario 4:
B94: Scenario 4 | D94: projectName | J94: Test of Independence (Chi-Square)
B95: anchorName | C95: Data | D95: ac15-plain | E95: hybrid_v3_5 | F95: hybrid_v3_5_semantic | G95: test_ac15 | H95: Total Result | J95: Alpha | K95: 0.05
B96: affective_interface | C96: Count - weight | D96: 10 | E96: 5 | F96: 14 | G96: 9 | H96: 38 | J96: df | K96: =(COLUMNS([14]anchors_raw_information!$I$262:$L$273) - 1) * (ROWS([14]anchors_raw_information!$I$262:$L$273) - 1) -> 33
C97: Average - weight* | D97: 0.1751 | E97: 0.18746 | F97: 0.17562143 | G97: 0.17311111 | H97: 0.17644737 | J97: P-value | K97: =CHITEST([14]anchors_raw_information!$I$262:$L$273, MMULT(MMULT([14]anchors_raw_information!$I$262:$L$273,TRANSPOSE(IF(COLUMN([14]anchors_raw_information!$I$262:$L$273),TRUE()))),MMULT(TRANSPOSE(IF(ROW([14]anchors_raw_information!$I$262:$L$273),TRUE())),[14]anchors_raw_information!$I$262:$L$273)) / SUM([14]anchors_raw_information!$I$262:$L$273)) -> 0.16595308
B98: context_dependent_expression | C98: Count - weight | E98: 2 | H98: 2 | J98: Test Statistic | K98: =CHIINV(Anchors_raw_information!$K$97, Anchors_raw_information!$K$96) -> 40.764063
C99: Average - weight* | E99: 0.16305 | H99: 0.16305 | J99: Critical Value | K99: =CHIINV(Anchors_raw_information!$K$95, Anchors_raw_information!$K$96) -> 47.399884
B100: freedom_and_limitations | C100: Count - weight | D100: 12 | E100: 16 | F100: 12 | G100: 11 | H100: 51
C101: Average - weight* | D101: 0.17301667 | E101: 0.184875 | F101: 0.18375833 | G101: 0.17224545 | H101: 0.17909804 | J101: Chi Square test – context_dependent_expression
B102: identity | C102: Count - weight | D102: 4 | E102: 13 | F102: 10 | G102: 7 | H102: 34 | J102: Alpha | K102: 0.05
C103: Average - weight* | D103: 0.180975 | E103: 0.18345385 | F103: 0.18193 | G103: 0.17288571 | H103: 0.18053824 | J103: df | K103: =(COLUMNS([14]anchors_raw_information!$I$288:$L$298) - 1) * (ROWS([14]anchors_raw_information!$I$288:$L$298) - 1) -> 30
B104: imagination_and_possibility | C104: Count - weight | D104: 21 | E104: 20 | F104: 18 | G104: 21 | H104: 80 | J104: P-value | K104: =CHITEST([14]anchors_raw_information!$I$288:$L$298, MMULT(MMULT([14]anchors_raw_information!$I$288:$L$298,TRANSPOSE(IF(COLUMN([14]anchors_raw_information!$I$288:$L$298),TRUE()))),MMULT(TRANSPOSE(IF(ROW([14]anchors_raw_information!$I$288:$L$298),TRUE())),[14]anchors_raw_information!$I$288:$L$298)) / SUM([14]anchors_raw_information!$I$288:$L$298)) -> 0.25761459
C105: Average - weight* | D105: 0.16697619 | E105: 0.17209 | F105: 0.17883889 | G105: 0.173 | H105: 0.172505 | J105: Test Statistic | K105: =CHIINV(Anchors_raw_information!$K$104, Anchors_raw_information!$K$103) -> 34.596588
B106: mathematics_computer_science_engineering | C106: Count - weight | D106: 14 | E106: 18 | F106: 18 | G106: 22 | H106: 72 | J106: Critical Value | K106: =CHIINV(Anchors_raw_information!$K$102, Anchors_raw_information!$K$103) -> 43.772972
C107: Average - weight* | D107: 0.16899286 | E107: 0.1852 | F107: 0.17568333 | G107: 0.17777273 | H107: 0.1774
B108: metaphorical_scaffolding | C108: Count - weight | D108: 6 | E108: 7 | F108: 9 | G108: 3 | H108: 25 | J108: Chi Square test – context_dependent_expression – science
C109: Average - weight* | D109: 0.16431667 | E109: 0.16884286 | F109: 0.172 | G109: 0.1642 | H109: 0.168336 | J109: Alpha | K109: 0.05
...

Sheet delta (t)= sim(t)-sim(t-1)
A2: std(delta(t)=sim(t)-sim(t-1))
G4: stdev
B5: Hybsem | C5: Hybrid | D5: ac15p | E5: ac15 | G5: Hybsem | H5: Hybrid | I5: ac15p | J5: ac15
A6: Scenario 1 | B6: 0.092058482 | C6: 0.079958501 | D6: 0.10509626 | E6: 0.091544494 | G6: =STDEV(B6:B13) -> 0.015055547 | H6: =STDEV(C6:C13) -> 0.014644247 | I6: =STDEV(D6:D13) -> 0.017698054 | J6: =STDEV(E6:E13) -> 0.014203348
A7: Scenario 2 | B7: 0.06450649 | C7: 0.071806546 | D7: 0.06849765 | E7: 0.069153109
A8: Scenario 3 | B8: 0.088767686 | C8: 0.10158971 | D8: 0.092156815 | E8: 0.080940275
A9: Scenario 4 | B9: 0.094351 | C9: 0.099953 | D9: 0.101737 | E9: 0.094708
A10: Scenario 5 | B10: 0.054679968 | C10: 0.056023237 | D10: 0.055048154 | E10: 0.062810582
A11: Scenario 6 | B11: 0.088965255 | C11: 0.082535014 | D11: 0.092675031 | E11: 0.079505643
A12: Scenario 7 | B12: 0.085757231 | C12: 0.083647598 | D12: 0.079537002 | E12: 0.097548204
A13: Scenario 8 | B13: 0.067132644 | C13: 0.078908934 | D13: 0.069877231 | E13: 0.061534308
