Workbook

Sheet scen1_hybsem
A1: turnId | B1: user_id | C1: assistant_id | D1: projectName | E1: sessionName | F1: seq | G1: anchorName | H1: weight | I1: promptSim | J1: responseSim | K1: activation delta | L1: prompt_to_response | N1: Average activation/turn | O1: average conversation activation | P1: count | Q1: correlation weights / activation delta | R1: p
A3: e2a1c274-8538-4b11-a127-f1551496f014 | B3: cmj8klijk00h9zcr30j55eyq5 | C3: cmj8kmhpy00hqzcr3q19ccfs0 | D3: hybrid_v3_5_semantic | E3: scenario_1_v2 | F3: 1 | G3: practicality_and_feasibility | H3: 0.2068 | I3: 0.29784571 | J3: 0.37091866 | K3: =J3-I3 -> 0.07307295 | L3: 0.82908352 | N3: =AVERAGE(K3:K8) -> 0.055445341 | O3: =AVERAGE(K3:K148) -> 0.03944214 | P3: =COUNT(K3:K148) -> 146 | Q3: =CORREL(H3:H148,K3:K148) -> -0.0096862162 | R3: 0.90762425
A4: e2a1c274-8538-4b11-a127-f1551496f014 | B4: cmj8klijk00h9zcr30j55eyq5 | C4: cmj8kmhpy00hqzcr3q19ccfs0 | D4: hybrid_v3_5_semantic | E4: scenario_1_v2 | F4: 1 | G4: temporal_dynamics | H4: 0.1966 | I4: 0.28309069 | J4: 0.31266664 | K4: =J4-I4 -> 0.029575959 | L4: 0.82908352
A5: e2a1c274-8538-4b11-a127-f1551496f014 | B5: cmj8klijk00h9zcr30j55eyq5 | C5: cmj8kmhpy00hqzcr3q19ccfs0 | D5: hybrid_v3_5_semantic | E5: scenario_1_v2 | F5: 1 | G5: mathematics_computer_science_engineering | H5: 0.1723 | I5: 0.24813442 | J5: 0.28698161 | K5: =J5-I5 -> 0.038847192 | L5: 0.82908352
A6: e2a1c274-8538-4b11-a127-f1551496f014 | B6: cmj8klijk00h9zcr30j55eyq5 | C6: cmj8kmhpy00hqzcr3q19ccfs0 | D6: hybrid_v3_5_semantic | E6: scenario_1_v2 | F6: 1 | G6: affective_interface | H6: 0.1636 | I6: 0.23564305 | J6: 0.29150164 | K6: =J6-I6 -> 0.055858596 | L6: 0.82908352
A7: e2a1c274-8538-4b11-a127-f1551496f014 | B7: cmj8klijk00h9zcr30j55eyq5 | C7: cmj8kmhpy00hqzcr3q19ccfs0 | D7: hybrid_v3_5_semantic | E7: scenario_1_v2 | F7: 1 | G7: sovereignty | H7: 0.1606 | I7: 0.23121629 | J7: 0.30043158 | K7: =J7-I7 -> 0.069215288 | L7: 0.82908352
A8: e2a1c274-8538-4b11-a127-f1551496f014 | B8: cmj8klijk00h9zcr30j55eyq5 | C8: cmj8kmhpy00hqzcr3q19ccfs0 | D8: hybrid_v3_5_semantic | E8: scenario_1_v2 | F8: 1 | G8: truth_and_fact | H8: 0.1 | I8: 0.15658745 | J8: 0.22268951 | K8: =J8-I8 -> 0.066102062 | L8: 0.82908352
A9: 5a32769e-087b-4227-b432-8a9ab7848ca9 | B9: cmj8kox5w00huzcr3r41ck1az | C9: cmj8kq1dt00ibzcr38k7zaod2 | D9: hybrid_v3_5_semantic | E9: scenario_1_v2 | F9: 3 | G9: practicality_and_feasibility | H9: 0.2204 | I9: 0.29563304 | J9: 0.36255665 | K9: =J9-I9 -> 0.066923611 | L9: 0.7664449 | N9: =AVERAGE(K9:K14) -> 0.070299443
A10: 5a32769e-087b-4227-b432-8a9ab7848ca9 | B10: cmj8kox5w00huzcr3r41ck1az | C10: cmj8kq1dt00ibzcr38k7zaod2 | D10: hybrid_v3_5_semantic | E10: scenario_1_v2 | F10: 3 | G10: sovereignty | H10: 0.1964 | I10: 0.26347984 | J10: 0.32060591 | K10: =J10-I10 -> 0.057126071 | L10: 0.7664449
A11: 5a32769e-087b-4227-b432-8a9ab7848ca9 | B11: cmj8kox5w00huzcr3r41ck1az | C11: cmj8kq1dt00ibzcr38k7zaod2 | D11: hybrid_v3_5_semantic | E11: scenario_1_v2 | F11: 3 | G11: temporal_dynamics | H11: 0.1738 | I11: 0.23307247 | J11: 0.29605503 | K11: =J11-I11 -> 0.062982563 | L11: 0.7664449
A12: 5a32769e-087b-4227-b432-8a9ab7848ca9 | B12: cmj8kox5w00huzcr3r41ck1az | C12: cmj8kq1dt00ibzcr38k7zaod2 | D12: hybrid_v3_5_semantic | E12: scenario_1_v2 | F12: 3 | G12: imagination_and_possibility | H12: 0.1584 | I12: 0.21250842 | J12: 0.28661759 | K12: =J12-I12 -> 0.074109169 | L12: 0.7664449
A13: 5a32769e-087b-4227-b432-8a9ab7848ca9 | B13: cmj8kox5w00huzcr3r41ck1az | C13: cmj8kq1dt00ibzcr38k7zaod2 | D13: hybrid_v3_5_semantic | E13: scenario_1_v2 | F13: 3 | G13: electricity | H13: 0.1509 | I13: 0.20243004 | J13: 0.26204665 | K13: =J13-I13 -> 0.059616607 | L13: 0.7664449
A14: 5a32769e-087b-4227-b432-8a9ab7848ca9 | B14: cmj8kox5w00huzcr3r41ck1az | C14: cmj8kq1dt00ibzcr38k7zaod2 | D14: hybrid_v3_5_semantic | E14: scenario_1_v2 | F14: 3 | G14: truth_and_fact | H14: 0.1 | I14: 0.13299836 | J14: 0.234037 | K14: =J14-I14 -> 0.10103864 | L14: 0.7664449
A15: a1ef12bb-1e19-4fca-a1c4-67be27eb97d4 | B15: cmj8kwd6200ifzcr3cna6z7cp | C15: cmj8kwv3w00iwzcr3r2cs3jj4 | D15: hybrid_v3_5_semantic | E15: scenario_1_v2 | F15: 5 | G15: practicality_and_feasibility | H15: 0.2176 | I15: 0.36079952 | J15: 0.39471692 | K15: =J15-I15 -> 0.033917391 | L15: 0.82081493 | N15: =AVERAGE(K15:K20) -> 0.045535564
A16: a1ef12bb-1e19-4fca-a1c4-67be27eb97d4 | B16: cmj8kwd6200ifzcr3cna6z7cp | C16: cmj8kwv3w00iwzcr3r2cs3jj4 | D16: hybrid_v3_5_semantic | E16: scenario_1_v2 | F16: 5 | G16: temporal_dynamics | H16: 0.1759 | I16: 0.29160197 | J16: 0.34930089 | K16: =J16-I16 -> 0.057698918 | L16: 0.82081493
A17: a1ef12bb-1e19-4fca-a1c4-67be27eb97d4 | B17: cmj8kwd6200ifzcr3cna6z7cp | C17: cmj8kwv3w00iwzcr3r2cs3jj4 | D17: hybrid_v3_5_semantic | E17: scenario_1_v2 | F17: 5 | G17: sovereignty | H17: 0.1699 | I17: 0.28172224 | J17: 0.30752137 | K17: =J17-I17 -> 0.025799132 | L17: 0.82081493
A18: a1ef12bb-1e19-4fca-a1c4-67be27eb97d4 | B18: cmj8kwd6200ifzcr3cna6z7cp | C18: cmj8kwv3w00iwzcr3r2cs3jj4 | D18: hybrid_v3_5_semantic | E18: scenario_1_v2 | F18: 5 | G18: imagination_and_possibility | H18: 0.1684 | I18: 0.27916975 | J18: 0.30850718 | K18: =J18-I18 -> 0.029337428 | L18: 0.82081493
A19: a1ef12bb-1e19-4fca-a1c4-67be27eb97d4 | B19: cmj8kwd6200ifzcr3cna6z7cp | C19: cmj8kwv3w00iwzcr3r2cs3jj4 | D19: hybrid_v3_5_semantic | E19: scenario_1_v2 | F19: 5 | G19: mathematics_computer_science_engineering | H19: 0.1681 | I19: 0.27876425 | J19: 0.33561095 | K19: =J19-I19 -> 0.056846703 | L19: 0.82081493
A20: a1ef12bb-1e19-4fca-a1c4-67be27eb97d4 | B20: cmj8kwd6200ifzcr3cna6z7cp | C20: cmj8kwv3w00iwzcr3r2cs3jj4 | D20: hybrid_v3_5_semantic | E20: scenario_1_v2 | F20: 5 | G20: truth_and_fact | H20: 0.1 | I20: 0.18672779 | J20: 0.2563416 | K20: =J20-I20 -> 0.069613813 | L20: 0.82081493
A21: 46e9fb75-2e4e-4c23-988a-eceecb0bed1e | B21: cmj8kylgx00j0zcr3q1hngl6u | C21: cmj8kzf5v00jhzcr3vepu6u4i | D21: hybrid_v3_5_semantic | E21: scenario_1_v2 | F21: 7 | G21: practicality_and_feasibility | H21: 0.2192 | I21: 0.37000057 | J21: 0.3755955 | K21: =J21-I21 -> 0.0055949277 | L21: 0.58934068 | N21: =AVERAGE(K21:K26) -> 0.016619078
A22: 46e9fb75-2e4e-4c23-988a-eceecb0bed1e | B22: cmj8kylgx00j0zcr3q1hngl6u | C22: cmj8kzf5v00jhzcr3vepu6u4i | D22: hybrid_v3_5_semantic | E22: scenario_1_v2 | F22: 7 | G22: temporal_dynamics | H22: 0.1921 | I22: 0.32435166 | J22: 0.34174416 | K22: =J22-I22 -> 0.017392505 | L22: 0.58934068
A23: 46e9fb75-2e4e-4c23-988a-eceecb0bed1e | B23: cmj8kylgx00j0zcr3q1hngl6u | C23: cmj8kzf5v00jhzcr3vepu6u4i | D23: hybrid_v3_5_semantic | E23: scenario_1_v2 | F23: 7 | G23: mathematics_computer_science_engineering | H23: 0.1849 | I23: 0.31207133 | J23: 0.30860916 | K23: =J23-I23 -> -0.0034621657 | L23: 0.58934068
A24: 46e9fb75-2e4e-4c23-988a-eceecb0bed1e | B24: cmj8kylgx00j0zcr3q1hngl6u | C24: cmj8kzf5v00jhzcr3vepu6u4i | D24: hybrid_v3_5_semantic | E24: scenario_1_v2 | F24: 7 | G24: sovereignty | H24: 0.1522 | I24: 0.25695272 | J24: 0.26539775 | K24: =J24-I24 -> 0.0084450247 | L24: 0.58934068
A25: 46e9fb75-2e4e-4c23-988a-eceecb0bed1e | B25: cmj8kylgx00j0zcr3q1hngl6u | C25: cmj8kzf5v00jhzcr3vepu6u4i | D25: hybrid_v3_5_semantic | E25: scenario_1_v2 | F25: 7 | G25: electricity | H25: 0.1516 | I25: 0.25588908 | J25: 0.27218055 | K25: =J25-I25 -> 0.016291473 | L25: 0.58934068
A26: 46e9fb75-2e4e-4c23-988a-eceecb0bed1e | B26: cmj8kylgx00j0zcr3q1hngl6u | C26: cmj8kzf5v00jhzcr3vepu6u4i | D26: hybrid_v3_5_semantic | E26: scenario_1_v2 | F26: 7 | G26: truth_and_fact | H26: 0.1 | I26: 0.20075843 | J26: 0.25621113 | K26: =J26-I26 -> 0.055452702 | L26: 0.58934068
A27: 8d220410-522e-4b50-adee-9f2f07d35025 | B27: cmj8l2r0z00jlzcr3xmhaqxb1 | C27: cmj8l3jed00k2zcr399oism5x | D27: hybrid_v3_5_semantic | E27: scenario_1_v2 | F27: 9 | G27: practicality_and_feasibility | H27: 0.209 | I27: 0.32617558 | J27: 0.38132347 | K27: =J27-I27 -> 0.055147891 | L27: 0.54993991 | N27: =AVERAGE(K27:K32) -> 0.04436839
A28: 8d220410-522e-4b50-adee-9f2f07d35025 | B28: cmj8l2r0z00jlzcr3xmhaqxb1 | C28: cmj8l3jed00k2zcr399oism5x | D28: hybrid_v3_5_semantic | E28: scenario_1_v2 | F28: 9 | G28: temporal_dynamics | H28: 0.1927 | I28: 0.30071229 | J28: 0.31963397 | K28: =J28-I28 -> 0.018921682 | L28: 0.54993991
A29: 8d220410-522e-4b50-adee-9f2f07d35025 | B29: cmj8l2r0z00jlzcr3xmhaqxb1 | C29: cmj8l3jed00k2zcr399oism5x | D29: hybrid_v3_5_semantic | E29: scenario_1_v2 | F29: 9 | G29: affective_interface | H29: 0.1748 | I29: 0.2727731 | J29: 0.29400422 | K29: =J29-I29 -> 0.021231124 | L29: 0.54993991
A30: 8d220410-522e-4b50-adee-9f2f07d35025 | B30: cmj8l2r0z00jlzcr3xmhaqxb1 | C30: cmj8l3jed00k2zcr399oism5x | D30: hybrid_v3_5_semantic | E30: scenario_1_v2 | F30: 9 | G30: mathematics_computer_science_engineering | H30: 0.1648 | I30: 0.25727022 | J30: 0.3106754 | K30: =J30-I30 -> 0.053405184 | L30: 0.54993991
A31: 8d220410-522e-4b50-adee-9f2f07d35025 | B31: cmj8l2r0z00jlzcr3xmhaqxb1 | C31: cmj8l3jed00k2zcr399oism5x | D31: hybrid_v3_5_semantic | E31: scenario_1_v2 | F31: 9 | G31: electricity | H31: 0.1588 | I31: 0.24782867 | J31: 0.30005961 | K31: =J31-I31 -> 0.05223094 | L31: 0.54993991
A32: 8d220410-522e-4b50-adee-9f2f07d35025 | B32: cmj8l2r0z00jlzcr3xmhaqxb1 | C32: cmj8l3jed00k2zcr399oism5x | D32: hybrid_v3_5_semantic | E32: scenario_1_v2 | F32: 9 | G32: truth_and_fact | H32: 0.1 | I32: 0.18491283 | J32: 0.25018635 | K32: =J32-I32 -> 0.065273516 | L32: 0.54993991
A33: f620b784-04dc-4b50-a8ff-43b61165203d | B33: cmj8l6qyy00k6zcr3995erl9t | C33: cmj8l7ovp00knzcr3qbyjw292 | D33: hybrid_v3_5_semantic | E33: scenario_1_v2 | F33: 11 | G33: practicality_and_feasibility | H33: 0.2241 | I33: 0.34350994 | J33: 0.32163656 | K33: =J33-I33 -> -0.021873378 | L33: 0.8063013 | N33: =AVERAGE(K33:K38) -> -0.0019804665
A34: f620b784-04dc-4b50-a8ff-43b61165203d | B34: cmj8l6qyy00k6zcr3995erl9t | C34: cmj8l7ovp00knzcr3qbyjw292 | D34: hybrid_v3_5_semantic | E34: scenario_1_v2 | F34: 11 | G34: temporal_dynamics | H34: 0.1866 | I34: 0.28611848 | J34: 0.28570075 | K34: =J34-I34 -> -0.00041773728 | L34: 0.8063013
A35: f620b784-04dc-4b50-a8ff-43b61165203d | B35: cmj8l6qyy00k6zcr3995erl9t | C35: cmj8l7ovp00knzcr3qbyjw292 | D35: hybrid_v3_5_semantic | E35: scenario_1_v2 | F35: 11 | G35: imagination_and_possibility | H35: 0.1721 | I35: 0.26385813 | J35: 0.23586656 | K35: =J35-I35 -> -0.027991571 | L35: 0.8063013
A36: f620b784-04dc-4b50-a8ff-43b61165203d | B36: cmj8l6qyy00k6zcr3995erl9t | C36: cmj8l7ovp00knzcr3qbyjw292 | D36: hybrid_v3_5_semantic | E36: scenario_1_v2 | F36: 11 | G36: mathematics_computer_science_engineering | H36: 0.1719 | I36: 0.26354424 | J36: 0.27369251 | K36: =J36-I36 -> 0.010148263 | L36: 0.8063013
A37: f620b784-04dc-4b50-a8ff-43b61165203d | B37: cmj8l6qyy00k6zcr3995erl9t | C37: cmj8l7ovp00knzcr3qbyjw292 | D37: hybrid_v3_5_semantic | E37: scenario_1_v2 | F37: 11 | G37: freedom_and_limitations | H37: 0.1453 | I37: 0.2227416 | J37: 0.23199125 | K37: =J37-I37 -> 0.0092496443 | L37: 0.8063013
A38: f620b784-04dc-4b50-a8ff-43b61165203d | B38: cmj8l6qyy00k6zcr3995erl9t | C38: cmj8l7ovp00knzcr3qbyjw292 | D38: hybrid_v3_5_semantic | E38: scenario_1_v2 | F38: 11 | G38: truth_and_fact | H38: 0.1 | I38: 0.17068518 | J38: 0.18968716 | K38: =J38-I38 -> 0.01900198 | L38: 0.8063013
A39: f2eb5bcb-3344-4411-93d1-c12c61b69949 | B39: cmj8ldajt00krzcr3cfmdlq71 | C39: cmj8lebqf00l8zcr3ri13obo4 | D39: hybrid_v3_5_semantic | E39: scenario_1_v2 | F39: 13 | G39: practicality_and_feasibility | H39: 0.2492 | I39: 0.2574249 | J39: 0.38215269 | K39: =J39-I39 -> 0.12472778 | L39: 0.65442075 | N39: =AVERAGE(K39:K43) -> 0.081941456
A40: f2eb5bcb-3344-4411-93d1-c12c61b69949 | B40: cmj8ldajt00krzcr3cfmdlq71 | C40: cmj8lebqf00l8zcr3ri13obo4 | D40: hybrid_v3_5_semantic | E40: scenario_1_v2 | F40: 13 | G40: temporal_dynamics | H40: 0.2474 | I40: 0.25554578 | J40: 0.33943453 | K40: =J40-I40 -> 0.083888753 | L40: 0.65442075
A41: f2eb5bcb-3344-4411-93d1-c12c61b69949 | B41: cmj8ldajt00krzcr3cfmdlq71 | C41: cmj8lebqf00l8zcr3ri13obo4 | D41: hybrid_v3_5_semantic | E41: scenario_1_v2 | F41: 13 | G41: mathematics_computer_science_engineering | H41: 0.2095 | I41: 0.21643966 | J41: 0.29863656 | K41: =J41-I41 -> 0.082196903 | L41: 0.65442075
A42: f2eb5bcb-3344-4411-93d1-c12c61b69949 | B42: cmj8ldajt00krzcr3cfmdlq71 | C42: cmj8lebqf00l8zcr3ri13obo4 | D42: hybrid_v3_5_semantic | E42: scenario_1_v2 | F42: 13 | G42: electricity | H42: 0.194 | I42: 0.20039405 | J42: 0.22777936 | K42: =J42-I42 -> 0.02738531 | L42: 0.65442075
A43: f2eb5bcb-3344-4411-93d1-c12c61b69949 | B43: cmj8ldajt00krzcr3cfmdlq71 | C43: cmj8lebqf00l8zcr3ri13obo4 | D43: hybrid_v3_5_semantic | E43: scenario_1_v2 | F43: 13 | G43: truth_and_fact | H43: 0.1 | I43: 0.13138173 | J43: 0.22289026 | K43: =J43-I43 -> 0.091508531 | L43: 0.65442075
A44: dfc2e91c-039c-43d7-9a5d-273549c557e0 | B44: cmj8lfylc00lczcr3d7dpm7q3 | C44: cmj8lgx4m00ltzcr3uoon9z5n | D44: hybrid_v3_5_semantic | E44: scenario_1_v2 | F44: 15 | G44: practicality_and_feasibility | H44: 0.2123 | I44: 0.36532269 | J44: 0.41226967 | K44: =J44-I44 -> 0.046946977 | L44: 0.74745701 | N44: =AVERAGE(K44:K49) -> 0.044518113
A45: dfc2e91c-039c-43d7-9a5d-273549c557e0 | B45: cmj8lfylc00lczcr3d7dpm7q3 | C45: cmj8lgx4m00ltzcr3uoon9z5n | D45: hybrid_v3_5_semantic | E45: scenario_1_v2 | F45: 15 | G45: mathematics_computer_science_engineering | H45: 0.1971 | I45: 0.33915277 | J45: 0.34294126 | K45: =J45-I45 -> 0.0037884886 | L45: 0.74745701
A46: dfc2e91c-039c-43d7-9a5d-273549c557e0 | B46: cmj8lfylc00lczcr3d7dpm7q3 | C46: cmj8lgx4m00ltzcr3uoon9z5n | D46: hybrid_v3_5_semantic | E46: scenario_1_v2 | F46: 15 | G46: affective_interface | H46: 0.1694 | I46: 0.29158628 | J46: 0.37169555 | K46: =J46-I46 -> 0.080109273 | L46: 0.74745701
A47: dfc2e91c-039c-43d7-9a5d-273549c557e0 | B47: cmj8lfylc00lczcr3d7dpm7q3 | C47: cmj8lgx4m00ltzcr3uoon9z5n | D47: hybrid_v3_5_semantic | E47: scenario_1_v2 | F47: 15 | G47: temporal_dynamics | H47: 0.1673 | I47: 0.28784092 | J47: 0.32262666 | K47: =J47-I47 -> 0.034785745 | L47: 0.74745701
A48: dfc2e91c-039c-43d7-9a5d-273549c557e0 | B48: cmj8lfylc00lczcr3d7dpm7q3 | C48: cmj8lgx4m00ltzcr3uoon9z5n | D48: hybrid_v3_5_semantic | E48: scenario_1_v2 | F48: 15 | G48: imagination_and_possibility | H48: 0.1539 | I48: 0.2648092 | J48: 0.33299838 | K48: =J48-I48 -> 0.068189184 | L48: 0.74745701
A49: dfc2e91c-039c-43d7-9a5d-273549c557e0 | B49: cmj8lfylc00lczcr3d7dpm7q3 | C49: cmj8lgx4m00ltzcr3uoon9z5n | D49: hybrid_v3_5_semantic | E49: scenario_1_v2 | F49: 15 | G49: truth_and_fact | H49: 0.1 | I49: 0.20049314 | J49: 0.23378215 | K49: =J49-I49 -> 0.033289009 | L49: 0.74745701
A50: e520a26b-ab7d-4a94-a898-4764e05e1b7c | B50: cmj8li5a100lxzcr3gagcfqje | C50: cmj8livtq00mezcr3oztbei0j | D50: hybrid_v3_5_semantic | E50: scenario_1_v2 | F50: 17 | G50: practicality_and_feasibility | H50: 0.2164 | I50: 0.41316938 | J50: 0.38882026 | K50: =J50-I50 -> -0.024349123 | L50: 0.76315444 | N50: =AVERAGE(K50:K55) -> -0.0012153879
A51: e520a26b-ab7d-4a94-a898-4764e05e1b7c | B51: cmj8li5a100lxzcr3gagcfqje | C51: cmj8livtq00mezcr3oztbei0j | D51: hybrid_v3_5_semantic | E51: scenario_1_v2 | F51: 17 | G51: mathematics_computer_science_engineering | H51: 0.1815 | I51: 0.34643818 | J51: 0.30820212 | K51: =J51-I51 -> -0.038236062 | L51: 0.76315444
A52: e520a26b-ab7d-4a94-a898-4764e05e1b7c | B52: cmj8li5a100lxzcr3gagcfqje | C52: cmj8livtq00mezcr3oztbei0j | D52: hybrid_v3_5_semantic | E52: scenario_1_v2 | F52: 17 | G52: temporal_dynamics | H52: 0.1783 | I52: 0.34042002 | J52: 0.34678099 | K52: =J52-I52 -> 0.0063609671 | L52: 0.76315444
A53: e520a26b-ab7d-4a94-a898-4764e05e1b7c | B53: cmj8li5a100lxzcr3gagcfqje | C53: cmj8livtq00mezcr3oztbei0j | D53: hybrid_v3_5_semantic | E53: scenario_1_v2 | F53: 17 | G53: imagination_and_possibility | H53: 0.1679 | I53: 0.32044241 | J53: 0.32321276 | K53: =J53-I53 -> 0.0027703497 | L53: 0.76315444
A54: e520a26b-ab7d-4a94-a898-4764e05e1b7c | B54: cmj8li5a100lxzcr3gagcfqje | C54: cmj8livtq00mezcr3oztbei0j | D54: hybrid_v3_5_semantic | E54: scenario_1_v2 | F54: 17 | G54: affective_interface | H54: 0.1559 | I54: 0.29760983 | J54: 0.3165879 | K54: =J54-I54 -> 0.018978068 | L54: 0.76315444
A55: e520a26b-ab7d-4a94-a898-4764e05e1b7c | B55: cmj8li5a100lxzcr3gagcfqje | C55: cmj8livtq00mezcr3oztbei0j | D55: hybrid_v3_5_semantic | E55: scenario_1_v2 | F55: 17 | G55: truth_and_fact | H55: 0.1 | I55: 0.21755353 | J55: 0.244737 | K55: =J55-I55 -> 0.027183472 | L55: 0.76315444
A56: 61675311-2c6f-469b-8945-cf8b36fe1859 | B56: cmj8lkub800mizcr36pejjl0i | C56: cmj8llpxd00mzzcr3kjeuxys6 | D56: hybrid_v3_5_semantic | E56: scenario_1_v2 | F56: 19 | G56: practicality_and_feasibility | H56: 0.2064 | I56: 0.32208012 | J56: 0.34236602 | K56: =J56-I56 -> 0.020285893 | L56: 0.74529883 | N56: =AVERAGE(K56:K61) -> 0.036960441
A57: 61675311-2c6f-469b-8945-cf8b36fe1859 | B57: cmj8lkub800mizcr36pejjl0i | C57: cmj8llpxd00mzzcr3kjeuxys6 | D57: hybrid_v3_5_semantic | E57: scenario_1_v2 | F57: 19 | G57: imagination_and_possibility | H57: 0.1874 | I57: 0.29248259 | J57: 0.29354904 | K57: =J57-I57 -> 0.0010664446 | L57: 0.74529883
A58: 61675311-2c6f-469b-8945-cf8b36fe1859 | B58: cmj8lkub800mizcr36pejjl0i | C58: cmj8llpxd00mzzcr3kjeuxys6 | D58: hybrid_v3_5_semantic | E58: scenario_1_v2 | F58: 19 | G58: temporal_dynamics | H58: 0.1778 | I58: 0.27739681 | J58: 0.2998134 | K58: =J58-I58 -> 0.022416585 | L58: 0.74529883
A59: 61675311-2c6f-469b-8945-cf8b36fe1859 | B59: cmj8lkub800mizcr36pejjl0i | C59: cmj8llpxd00mzzcr3kjeuxys6 | D59: hybrid_v3_5_semantic | E59: scenario_1_v2 | F59: 19 | G59: mathematics_computer_science_engineering | H59: 0.1665 | I59: 0.25987042 | J59: 0.31896653 | K59: =J59-I59 -> 0.059096115 | L59: 0.74529883
A60: 61675311-2c6f-469b-8945-cf8b36fe1859 | B60: cmj8lkub800mizcr36pejjl0i | C60: cmj8llpxd00mzzcr3kjeuxys6 | D60: hybrid_v3_5_semantic | E60: scenario_1_v2 | F60: 19 | G60: affective_interface | H60: 0.1619 | I60: 0.25263225 | J60: 0.29532072 | K60: =J60-I60 -> 0.042688471 | L60: 0.74529883
A61: 61675311-2c6f-469b-8945-cf8b36fe1859 | B61: cmj8lkub800mizcr36pejjl0i | C61: cmj8llpxd00mzzcr3kjeuxys6 | D61: hybrid_v3_5_semantic | E61: scenario_1_v2 | F61: 19 | G61: truth_and_fact | H61: 0.1 | I61: 0.19380556 | J61: 0.2700147 | K61: =J61-I61 -> 0.07620914 | L61: 0.74529883
A62: 0f849de8-ba4b-4c0f-94a0-7f8e07a2669f | B62: cmj8ln6en00n3zcr320xwfnco | C62: cmj8lnwrv00nkzcr3pago4gd1 | D62: hybrid_v3_5_semantic | E62: scenario_1_v2 | F62: 21 | G62: temporal_dynamics | H62: 0.198 | I62: 0.27338927 | J62: 0.30331685 | K62: =J62-I62 -> 0.02992758 | L62: 0.70359943 | N62: =AVERAGE(K62:K67) -> 0.034937913
A63: 0f849de8-ba4b-4c0f-94a0-7f8e07a2669f | B63: cmj8ln6en00n3zcr320xwfnco | C63: cmj8lnwrv00nkzcr3pago4gd1 | D63: hybrid_v3_5_semantic | E63: scenario_1_v2 | F63: 21 | G63: practicality_and_feasibility | H63: 0.1945 | I63: 0.26857429 | J63: 0.33429309 | K63: =J63-I63 -> 0.065718796 | L63: 0.70359943
A64: 0f849de8-ba4b-4c0f-94a0-7f8e07a2669f | B64: cmj8ln6en00n3zcr320xwfnco | C64: cmj8lnwrv00nkzcr3pago4gd1 | D64: hybrid_v3_5_semantic | E64: scenario_1_v2 | F64: 21 | G64: mathematics_computer_science_engineering | H64: 0.1856 | I64: 0.25625965 | J64: 0.25119465 | K64: =J64-I64 -> -0.0050649966 | L64: 0.70359943
A65: 0f849de8-ba4b-4c0f-94a0-7f8e07a2669f | B65: cmj8ln6en00n3zcr320xwfnco | C65: cmj8lnwrv00nkzcr3pago4gd1 | D65: hybrid_v3_5_semantic | E65: scenario_1_v2 | F65: 21 | G65: sovereignty | H65: 0.1625 | I65: 0.22445898 | J65: 0.30537901 | K65: =J65-I65 -> 0.080920032 | L65: 0.70359943
A66: 0f849de8-ba4b-4c0f-94a0-7f8e07a2669f | B66: cmj8ln6en00n3zcr320xwfnco | C66: cmj8lnwrv00nkzcr3pago4gd1 | D66: hybrid_v3_5_semantic | E66: scenario_1_v2 | F66: 21 | G66: electricity | H66: 0.1594 | I66: 0.22016066 | J66: 0.21987267 | K66: =J66-I66 -> -0.00028798749 | L66: 0.70359943
A67: 0f849de8-ba4b-4c0f-94a0-7f8e07a2669f | B67: cmj8ln6en00n3zcr320xwfnco | C67: cmj8lnwrv00nkzcr3pago4gd1 | D67: hybrid_v3_5_semantic | E67: scenario_1_v2 | F67: 21 | G67: truth_and_fact | H67: 0.1 | I67: 0.17154306 | J67: 0.20995712 | K67: =J67-I67 -> 0.038414057 | L67: 0.70359943
A68: df1ed036-0e90-4b95-994a-df7b24a844a6 | B68: cmj8lp6im00nozcr3d0f5gs14 | C68: cmj8lq38r00o5zcr3u6bbgfsh | D68: hybrid_v3_5_semantic | E68: scenario_1_v2 | F68: 23 | G68: practicality_and_feasibility | H68: 0.2107 | I68: 0.307836 | J68: 0.35925406 | K68: =J68-I68 -> 0.051418055 | L68: 0.79229112 | N68: =AVERAGE(K68:K73) -> 0.04105536
A69: df1ed036-0e90-4b95-994a-df7b24a844a6 | B69: cmj8lp6im00nozcr3d0f5gs14 | C69: cmj8lq38r00o5zcr3u6bbgfsh | D69: hybrid_v3_5_semantic | E69: scenario_1_v2 | F69: 23 | G69: temporal_dynamics | H69: 0.1879 | I69: 0.27444877 | J69: 0.33713163 | K69: =J69-I69 -> 0.062682859 | L69: 0.79229112
A70: df1ed036-0e90-4b95-994a-df7b24a844a6 | B70: cmj8lp6im00nozcr3d0f5gs14 | C70: cmj8lq38r00o5zcr3u6bbgfsh | D70: hybrid_v3_5_semantic | E70: scenario_1_v2 | F70: 23 | G70: sovereignty | H70: 0.1737 | I70: 0.25369364 | J70: 0.26042042 | K70: =J70-I70 -> 0.0067267844 | L70: 0.79229112
A71: df1ed036-0e90-4b95-994a-df7b24a844a6 | B71: cmj8lp6im00nozcr3d0f5gs14 | C71: cmj8lq38r00o5zcr3u6bbgfsh | D71: hybrid_v3_5_semantic | E71: scenario_1_v2 | F71: 23 | G71: mathematics_computer_science_engineering | H71: 0.1644 | I71: 0.24022528 | J71: 0.25683159 | K71: =J71-I71 -> 0.016606314 | L71: 0.79229112
A72: df1ed036-0e90-4b95-994a-df7b24a844a6 | B72: cmj8lp6im00nozcr3d0f5gs14 | C72: cmj8lq38r00o5zcr3u6bbgfsh | D72: hybrid_v3_5_semantic | E72: scenario_1_v2 | F72: 23 | G72: imagination_and_possibility | H72: 0.1633 | I72: 0.23862533 | J72: 0.29728599 | K72: =J72-I72 -> 0.058660664 | L72: 0.79229112
A73: df1ed036-0e90-4b95-994a-df7b24a844a6 | B73: cmj8lp6im00nozcr3d0f5gs14 | C73: cmj8lq38r00o5zcr3u6bbgfsh | D73: hybrid_v3_5_semantic | E73: scenario_1_v2 | F73: 23 | G73: truth_and_fact | H73: 0.1 | I73: 0.1678194 | J73: 0.21805688 | K73: =J73-I73 -> 0.050237483 | L73: 0.79229112
A74: 8cd78e97-4c23-4f67-a9cc-f6e9a2896aa1 | B74: cmj8lroa000o9zcr3hvz9zxnl | C74: cmj8lskat00oqzcr3td287d5r | D74: hybrid_v3_5_semantic | E74: scenario_1_v2 | F74: 25 | G74: practicality_and_feasibility | H74: 0.2536 | I74: 0.25882409 | J74: 0.37571795 | K74: =J74-I74 -> 0.11689387 | L74: 0.74274884 | N74: =AVERAGE(K74:K78) -> 0.10756364
A75: 8cd78e97-4c23-4f67-a9cc-f6e9a2896aa1 | B75: cmj8lroa000o9zcr3hvz9zxnl | C75: cmj8lskat00oqzcr3td287d5r | D75: hybrid_v3_5_semantic | E75: scenario_1_v2 | F75: 25 | G75: temporal_dynamics | H75: 0.2337 | I75: 0.23855465 | J75: 0.29141968 | K75: =J75-I75 -> 0.05286503 | L75: 0.74274884
A76: 8cd78e97-4c23-4f67-a9cc-f6e9a2896aa1 | B76: cmj8lroa000o9zcr3hvz9zxnl | C76: cmj8lskat00oqzcr3td287d5r | D76: hybrid_v3_5_semantic | E76: scenario_1_v2 | F76: 25 | G76: sovereignty | H76: 0.2152 | I76: 0.21969411 | J76: 0.31981976 | K76: =J76-I76 -> 0.10012565 | L76: 0.74274884
A77: 8cd78e97-4c23-4f67-a9cc-f6e9a2896aa1 | B77: cmj8lroa000o9zcr3hvz9zxnl | C77: cmj8lskat00oqzcr3td287d5r | D77: hybrid_v3_5_semantic | E77: scenario_1_v2 | F77: 25 | G77: affective_interface | H77: 0.1975 | I77: 0.20164078 | J77: 0.36625292 | K77: =J77-I77 -> 0.16461214 | L77: 0.74274884
A78: 8cd78e97-4c23-4f67-a9cc-f6e9a2896aa1 | B78: cmj8lroa000o9zcr3hvz9zxnl | C78: cmj8lskat00oqzcr3td287d5r | D78: hybrid_v3_5_semantic | E78: scenario_1_v2 | F78: 25 | G78: truth_and_fact | H78: 0.1 | I78: 0.15868206 | J78: 0.26200355 | K78: =J78-I78 -> 0.10332149 | L78: 0.74274884
A79: 2251d086-ac55-4383-815d-ad15f1363a7d | B79: cmj8luoau00ouzcr3wfkjubei | C79: cmj8lvg0h00pbzcr3rmbjeu62 | D79: hybrid_v3_5_semantic | E79: scenario_1_v2 | F79: 27 | G79: practicality_and_feasibility | H79: 0.209 | I79: 0.34937776 | J79: 0.38630486 | K79: =J79-I79 -> 0.0369271 | L79: 0.73073903 | N79: =AVERAGE(K79:K84) -> 0.0021965663
A80: 2251d086-ac55-4383-815d-ad15f1363a7d | B80: cmj8luoau00ouzcr3wfkjubei | C80: cmj8lvg0h00pbzcr3rmbjeu62 | D80: hybrid_v3_5_semantic | E80: scenario_1_v2 | F80: 27 | G80: temporal_dynamics | H80: 0.1821 | I80: 0.30437975 | J80: 0.31928624 | K80: =J80-I80 -> 0.014906488 | L80: 0.73073903
A81: 2251d086-ac55-4383-815d-ad15f1363a7d | B81: cmj8luoau00ouzcr3wfkjubei | C81: cmj8lvg0h00pbzcr3rmbjeu62 | D81: hybrid_v3_5_semantic | E81: scenario_1_v2 | F81: 27 | G81: mathematics_computer_science_engineering | H81: 0.175 | I81: 0.29257823 | J81: 0.25531842 | K81: =J81-I81 -> -0.037259808 | L81: 0.73073903
A82: 2251d086-ac55-4383-815d-ad15f1363a7d | B82: cmj8luoau00ouzcr3wfkjubei | C82: cmj8lvg0h00pbzcr3rmbjeu62 | D82: hybrid_v3_5_semantic | E82: scenario_1_v2 | F82: 27 | G82: affective_interface | H82: 0.171 | I82: 0.28590337 | J82: 0.28362027 | K82: =J82-I82 -> -0.0022831029 | L82: 0.73073903
A83: 2251d086-ac55-4383-815d-ad15f1363a7d | B83: cmj8luoau00ouzcr3wfkjubei | C83: cmj8lvg0h00pbzcr3rmbjeu62 | D83: hybrid_v3_5_semantic | E83: scenario_1_v2 | F83: 27 | G83: sovereignty | H83: 0.1629 | I83: 0.27231142 | J83: 0.27569782 | K83: =J83-I83 -> 0.0033864038 | L83: 0.73073903
A84: 2251d086-ac55-4383-815d-ad15f1363a7d | B84: cmj8luoau00ouzcr3wfkjubei | C84: cmj8lvg0h00pbzcr3rmbjeu62 | D84: hybrid_v3_5_semantic | E84: scenario_1_v2 | F84: 27 | G84: truth_and_fact | H84: 0.1 | I84: 0.2306711 | J84: 0.22817342 | K84: =J84-I84 -> -0.0024976836 | L84: 0.73073903
A85: aae00f2b-6c60-40aa-9dba-6c5714c13da1 | B85: cmj8lxb7900pfzcr3tny8kot1 | C85: cmj8ly11600pwzcr3t960eau4 | D85: hybrid_v3_5_semantic | E85: scenario_1_v2 | F85: 29 | G85: practicality_and_feasibility | H85: 0.223 | I85: 0.3516653 | J85: 0.39203864 | K85: =J85-I85 -> 0.040373334 | L85: 0.72750153 | N85: =AVERAGE(K85:K90) -> 0.052422217
A86: aae00f2b-6c60-40aa-9dba-6c5714c13da1 | B86: cmj8lxb7900pfzcr3tny8kot1 | C86: cmj8ly11600pwzcr3t960eau4 | D86: hybrid_v3_5_semantic | E86: scenario_1_v2 | F86: 29 | G86: temporal_dynamics | H86: 0.1872 | I86: 0.29520163 | J86: 0.32303725 | K86: =J86-I86 -> 0.027835619 | L86: 0.72750153
A87: aae00f2b-6c60-40aa-9dba-6c5714c13da1 | B87: cmj8lxb7900pfzcr3tny8kot1 | C87: cmj8ly11600pwzcr3t960eau4 | D87: hybrid_v3_5_semantic | E87: scenario_1_v2 | F87: 29 | G87: mathematics_computer_science_engineering | H87: 0.1727 | I87: 0.27229631 | J87: 0.33167459 | K87: =J87-I87 -> 0.059378284 | L87: 0.72750153
A88: aae00f2b-6c60-40aa-9dba-6c5714c13da1 | B88: cmj8lxb7900pfzcr3tny8kot1 | C88: cmj8ly11600pwzcr3t960eau4 | D88: hybrid_v3_5_semantic | E88: scenario_1_v2 | F88: 29 | G88: imagination_and_possibility | H88: 0.1665 | I88: 0.26253005 | J88: 0.3304025 | K88: =J88-I88 -> 0.067872443 | L88: 0.72750153
A89: aae00f2b-6c60-40aa-9dba-6c5714c13da1 | B89: cmj8lxb7900pfzcr3tny8kot1 | C89: cmj8ly11600pwzcr3t960eau4 | D89: hybrid_v3_5_semantic | E89: scenario_1_v2 | F89: 29 | G89: metaphorical_scaffolding | H89: 0.1507 | I89: 0.23769949 | J89: 0.28260885 | K89: =J89-I89 -> 0.044909358 | L89: 0.72750153
A90: aae00f2b-6c60-40aa-9dba-6c5714c13da1 | B90: cmj8lxb7900pfzcr3tny8kot1 | C90: cmj8ly11600pwzcr3t960eau4 | D90: hybrid_v3_5_semantic | E90: scenario_1_v2 | F90: 29 | G90: truth_and_fact | H90: 0.1 | I90: 0.18595261 | J90: 0.26011687 | K90: =J90-I90 -> 0.074164262 | L90: 0.72750153
A91: 77af21de-36fc-4be9-ad6d-b77d79572c86 | B91: cmj8lzi9n00q0zcr3jbq9bheq | C91: cmj8m065k00qhzcr34qiqd5pv | D91: hybrid_v3_5_semantic | E91: scenario_1_v2 | F91: 31 | G91: practicality_and_feasibility | H91: 0.2062 | I91: 0.3138361 | J91: 0.33916608 | K91: =J91-I91 -> 0.02532998 | L91: 0.69212024 | N91: =AVERAGE(K91:K96) -> 0.049389354
A92: 77af21de-36fc-4be9-ad6d-b77d79572c86 | B92: cmj8lzi9n00q0zcr3jbq9bheq | C92: cmj8m065k00qhzcr34qiqd5pv | D92: hybrid_v3_5_semantic | E92: scenario_1_v2 | F92: 31 | G92: temporal_dynamics | H92: 0.1808 | I92: 0.27528296 | J92: 0.33258258 | K92: =J92-I92 -> 0.057299621 | L92: 0.69212024
A93: 77af21de-36fc-4be9-ad6d-b77d79572c86 | B93: cmj8lzi9n00q0zcr3jbq9bheq | C93: cmj8m065k00qhzcr34qiqd5pv | D93: hybrid_v3_5_semantic | E93: scenario_1_v2 | F93: 31 | G93: mathematics_computer_science_engineering | H93: 0.1795 | I93: 0.27330311 | J93: 0.31921656 | K93: =J93-I93 -> 0.045913456 | L93: 0.69212024
A94: 77af21de-36fc-4be9-ad6d-b77d79572c86 | B94: cmj8lzi9n00q0zcr3jbq9bheq | C94: cmj8m065k00qhzcr34qiqd5pv | D94: hybrid_v3_5_semantic | E94: scenario_1_v2 | F94: 31 | G94: electricity | H94: 0.1717 | I94: 0.26134197 | J94: 0.27370683 | K94: =J94-I94 -> 0.012364864 | L94: 0.69212024
A95: 77af21de-36fc-4be9-ad6d-b77d79572c86 | B95: cmj8lzi9n00q0zcr3jbq9bheq | C95: cmj8m065k00qhzcr34qiqd5pv | D95: hybrid_v3_5_semantic | E95: scenario_1_v2 | F95: 31 | G95: imagination_and_possibility | H95: 0.1618 | I95: 0.24631551 | J95: 0.3033187 | K95: =J95-I95 -> 0.05700319 | L95: 0.69212024
A96: 77af21de-36fc-4be9-ad6d-b77d79572c86 | B96: cmj8lzi9n00q0zcr3jbq9bheq | C96: cmj8m065k00qhzcr34qiqd5pv | D96: hybrid_v3_5_semantic | E96: scenario_1_v2 | F96: 31 | G96: truth_and_fact | H96: 0.1 | I96: 0.15563897 | J96: 0.25406398 | K96: =J96-I96 -> 0.098425013 | L96: 0.69212024
A97: d0ad7a7e-621c-4f87-b78f-ec282ec284ff | B97: cmj8m1mi500qlzcr3mq7qjz50 | C97: cmj8m2ehp00r2zcr3bdn18s7o | D97: hybrid_v3_5_semantic | E97: scenario_1_v2 | F97: 33 | G97: practicality_and_feasibility | H97: 0.205 | I97: 0.28049499 | J97: 0.37495215 | K97: =J97-I97 -> 0.094457158 | L97: 0.71954954 | N97: =AVERAGE(K97:K102) -> 0.057684511
A98: d0ad7a7e-621c-4f87-b78f-ec282ec284ff | B98: cmj8m1mi500qlzcr3mq7qjz50 | C98: cmj8m2ehp00r2zcr3bdn18s7o | D98: hybrid_v3_5_semantic | E98: scenario_1_v2 | F98: 33 | G98: temporal_dynamics | H98: 0.2003 | I98: 0.27405819 | J98: 0.32615595 | K98: =J98-I98 -> 0.052097763 | L98: 0.71954954
A99: d0ad7a7e-621c-4f87-b78f-ec282ec284ff | B99: cmj8m1mi500qlzcr3mq7qjz50 | C99: cmj8m2ehp00r2zcr3bdn18s7o | D99: hybrid_v3_5_semantic | E99: scenario_1_v2 | F99: 33 | G99: electricity | H99: 0.1816 | I99: 0.24842572 | J99: 0.2387814 | K99: =J99-I99 -> -0.0096443236 | L99: 0.71954954
A100: d0ad7a7e-621c-4f87-b78f-ec282ec284ff | B100: cmj8m1mi500qlzcr3mq7qjz50 | C100: cmj8m2ehp00r2zcr3bdn18s7o | D100: hybrid_v3_5_semantic | E100: scenario_1_v2 | F100: 33 | G100: imagination_and_possibility | H100: 0.1572 | I100: 0.21511091 | J100: 0.29762943 | K100: =J100-I100 -> 0.08251852 | L100: 0.71954954
A101: d0ad7a7e-621c-4f87-b78f-ec282ec284ff | B101: cmj8m1mi500qlzcr3mq7qjz50 | C101: cmj8m2ehp00r2zcr3bdn18s7o | D101: hybrid_v3_5_semantic | E101: scenario_1_v2 | F101: 33 | G101: mathematics_computer_science_engineering | H101: 0.1559 | I101: 0.21335976 | J101: 0.27859892 | K101: =J101-I101 -> 0.065239161 | L101: 0.71954954
...

Sheet notes
A1: p calculation
A3: 1. count | B3: =COUNT(scen1_hybsem!K3:K148) -> 146 | C3: activation delta
A4: 2. t statistic | B4: =scen1_hybsem!Q3*SQRT((B3-2)/(1-scen1_hybsem!Q3^2)) -> -0.11624005
A5: 3. p | B5: =_xlfn.T.DIST.2T(ABS(B4),B3-2) -> 0.90762425

Sheet actdel_prompt_response
A2: turn | B2: prompt_to_response | C2: Average activation/turn | H2: Correlation | I2: count | J2: T-statistic | K2: p
A4: 1 | B4: 0.82908352 | C4: 0.055445341 | H4: =CORREL(B4:B28,C4:C28) -> 0.056860464 | I4: =COUNT(C4:C28) -> 25 | J4: =H4*SQRT((I4-2)/(1-H4^2)) -> 0.2731351 | K4: =_xlfn.T.DIST.2T(ABS(J4),I4-2) -> 0.78718692
A5: 2 | B5: 0.7664449 | C5: 0.070299443
A6: 3 | B6: 0.82081493 | C6: 0.045535564
A7: 4 | B7: 0.58934068 | C7: 0.016619078
A8: 5 | B8: 0.54993991 | C8: 0.04436839
A9: 6 | B9: 0.8063013 | C9: -0.0019804665
A10: 7 | B10: 0.65442075 | C10: 0.081941456
A11: 8 | B11: 0.74745701 | C11: 0.044518113
A12: 9 | B12: 0.76315444 | C12: -0.0012153879
A13: 10 | B13: 0.74529883 | C13: 0.036960441
A14: 11 | B14: 0.70359943 | C14: 0.034937913
A15: 12 | B15: 0.79229112 | C15: 0.04105536
A16: 13 | B16: 0.74274884 | C16: 0.10756364
... A28: 25 | B28: 0.71866241 | C28: 0.03183744

Sheet inter_system stats
H2: Tests
B3: hybsem | C3: control | E3: std. Hybrid | F3: std. Control | G3: F. test | H3: T. Test equal variances | I3: T.Test unequal | J3: Mean difference | L3: Paired t-test
A4: 1 | B4: 0.82908352 | C4: 0.84316826 | E4: =_xlfn.STDEV.S(B4:B28) -> 0.06548327 | F4: =_xlfn.STDEV.S(C4:C28) -> 0.11788306 | G4: =_xlfn.F.TEST(B4:B28,C4:C28) -> 0.0055234552 | H4: =_xlfn.T.TEST(B4:B28, C4:C28, 2,2) -> 8.1996229e-08 | I4: =_xlfn.T.TEST(B4:B28,C4:C28, 2,3) -> 2.2046054e-07 | J4: =AVERAGE(B4:B28)-AVERAGE(C4:C28) -> 0.1703759 | L4: Alpha | M4: 0.05
A5: 2 | B5: 0.7664449 | C5: 0.41048157 | L5: Hypothesized Mean Difference | M5: 0
A6: 3 | B6: 0.82081493 | C6: 0.55797537 | M6: Variable 1 | N6: Variable 2
A7: 4 | B7: 0.58934068 | C7: 0.61915827 | L7: Mean | M7: =AVERAGE('inter_system stats'!$B$3:$B$28) -> 0.73304139 | N7: =AVERAGE('inter_system stats'!$C$3:$C$28) -> 0.56266549
A8: 5 | B8: 0.54993991 | C8: 0.40396308 | L8: Variance | M8: =VAR('inter_system stats'!$B$3:$B$28) -> 0.0042880587 | N8: =VAR('inter_system stats'!$C$3:$C$28) -> 0.013896415
A9: 6 | B9: 0.8063013 | C9: 0.57074388 | L9: Observations | M9: =COUNT('inter_system stats'!$B$3:$B$28) -> 25 | N9: =COUNT('inter_system stats'!$C$3:$C$28) -> 25
A10: 7 | B10: 0.65442075 | C10: 0.61160895 | L10: Pearson Correlation | M10: =CORREL('inter_system stats'!$B$3:$B$28,'inter_system stats'!$C$3:$C$28) -> 0.23279543
A11: 8 | B11: 0.74745701 | C11: 0.51665839 | L11: Observed Mean Difference | M11: {=AVERAGE(IF(ISODD(IF(ISNUMBER('inter_system stats'!$B$3:$B$28), 1, 0) * IF(ISNUMBER('inter_system stats'!$C$3:$C$28), 1, 0)), 'inter_system stats'!$B$3:$B$28 - 'inter_system stats'!$C$3:$C$28, "NA"))} -> 0.1703759
A12: 9 | B12: 0.76315444 | C12: 0.51910728 | L12: Variance of the Differences | M12: {=VAR(IF(ISODD(IF(ISNUMBER('inter_system stats'!$B$3:$B$28), 1, 0) * IF(ISNUMBER('inter_system stats'!$C$3:$C$28), 1, 0)), 'inter_system stats'!$B$3:$B$28 - 'inter_system stats'!$C$3:$C$28, "NA"))} -> 0.014590406
A13: 10 | B13: 0.74529883 | C13: 0.68124246 | L13: df | M13: {=SUM(IF(ISNUMBER('inter_system stats'!$B$3:$B$28), 1, 0) * IF(ISNUMBER('inter_system stats'!$C$3:$C$28), 1, 0)) - 1} -> 24
A14: 11 | B14: 0.70359943 | C14: 0.66509925 | L14: t Stat | M14: =('inter_system stats'!$M$11 - 'inter_system stats'!$M$5) / ('inter_system stats'!$M$12 / ( 'inter_system stats'!$M$13 + 1)) ^ 0.5 -> 7.0525224
A15: 12 | B15: 0.79229112 | C15: 0.68559512 | L15: P (T<=t) one-tail | M15: =TDIST(ABS('inter_system stats'!$M$14), 'inter_system stats'!$M$13, 1) -> 1.3623057e-07
A16: 13 | B16: 0.74274884 | C16: 0.65114377 | L16: t Critical one-tail | M16: =TINV(2*'inter_system stats'!$M$4, 'inter_system stats'!$M$13) -> 1.7108821
A17: 14 | B17: 0.73073903 | C17: 0.60348677 | L17: P (T<=t) two-tail | M17: =TDIST(ABS('inter_system stats'!$M$14), 'inter_system stats'!$M$13, 2) -> 2.7246115e-07
A18: 15 | B18: 0.72750153 | C18: 0.49806868 | L18: t Critical two-tail | M18: =TINV('inter_system stats'!$M$4, 'inter_system stats'!$M$13) -> 2.0638986
A19: 16 | B19: 0.69212024 | C19: 0.63037797
A20: 17 | B20: 0.71954954 | C20: 0.65792717
A21: 18 | B21: 0.70854009 | C21: 0.56086051
A22: 19 | B22: 0.70677586 | C22: 0.50207793
A23: 20 | B23: 0.81055278 | C23: 0.47716849
A24: 21 | B24: 0.77965151 | C24: 0.49071258
A25: 22 | B25: 0.70701265 | C25: 0.37364723
A26: 23 | B26: 0.7594112 | C26: 0.656355
A27: 24 | B27: 0.75462219 | C27: 0.57973183
A28: 25 | B28: 0.71866241 | C28: 0.30027741
A32: General
B33: Hybsem | C33: Hybrid | D33: ac15p | F33: ANOVA - Single Factor
B34: 0.82908352 | C34: 0.83430834 | D34: 0.82032979 | F34: Alpha | G34: 0.05
B35: 0.7664449 | C35: 0.78737809 | D35: 0.76020895
B36: 0.82081493 | C36: 0.82347011 | D36: 0.77935892 | F36: Groups | G36: Count | H36: Sum | I36: Mean | J36: Variance
B37: 0.58934068 | C37: 0.64138219 | D37: 0.65547417 | F37: Column 1 | G37: =COUNT('inter_system stats'!$B$33:$B$58) -> 25 | H37: =SUM('inter_system stats'!$B$33:$B$58) -> 18.326035 | I37: =AVERAGE('inter_system stats'!$B$33:$B$58) -> 0.73304139 | J37: =VAR('inter_system stats'!$B$33:$B$58) -> 0.0042880587
B38: 0.54993991 | C38: 0.64856074 | D38: 0.60148827 | F38: Column 2 | G38: =COUNT('inter_system stats'!$C$33:$C$58) -> 25 | H38: =SUM('inter_system stats'!$C$33:$C$58) -> 18.263774 | I38: =AVERAGE('inter_system stats'!$C$33:$C$58) -> 0.73055098 | J38: =VAR('inter_system stats'!$C$33:$C$58) -> 0.0032014709
B39: 0.8063013 | C39: 0.73754073 | D39: 0.80260511 | F39: Column 3 | G39: =COUNT('inter_system stats'!$D$33:$D$58) -> 25 | H39: =SUM('inter_system stats'!$D$33:$D$58) -> 18.268163 | I39: =AVERAGE('inter_system stats'!$D$33:$D$58) -> 0.73072651 | J39: =VAR('inter_system stats'!$D$33:$D$58) -> 0.004609989
B40: 0.65442075 | C40: 0.63496808 | D40: 0.64887842
B41: 0.74745701 | C41: 0.74640085 | D41: 0.75255045 | F41: Source of Variation | G41: SS | H41: df | I41: MS | J41: F | K41: P-value | L41: F critical
B42: 0.76315444 | C42: 0.68880534 | D42: 0.72599844 | F42: Between Groups | G42: =SUMPRODUCT('inter_system stats'!$H$37:$H$39,'inter_system stats'!$I$37:$I$39)-SUM('inter_system stats'!$H$37:$H$39)^2/SUM('inter_system stats'!$G$37:$G$39) -> 9.6596749e-05 | H42: =COUNT('inter_system stats'!$H$37:$H$39)-1 -> 2 | I42: ='inter_system stats'!$G$42 / 'inter_system stats'!$H$42 -> 4.8298375e-05 | J42: ='inter_system stats'!$I$42 / 'inter_system stats'!$I$43 -> 0.01197528 | K42: =FDIST('inter_system stats'!$J$42, 'inter_system stats'!$H$42, 'inter_system stats'!$H$43) -> 0.98809811 | L42: =FINV('inter_system stats'!$G$34, 'inter_system stats'!$H$42, 'inter_system stats'!$H$43) -> 3.1239074
B43: 0.74529883 | C43: 0.74363979 | D43: 0.70681936 | F43: Within Groups | G43: =SUM(DEVSQ('inter_system stats'!$B$33:$B$58),DEVSQ('inter_system stats'!$C$33:$C$58),DEVSQ('inter_system stats'!$D$33:$D$58)) -> 0.29038844 | H43: =SUM('inter_system stats'!$G$37:$G$39)-COUNT('inter_system stats'!$G$37:$G$39) -> 72 | I43: ='inter_system stats'!$G$43 / 'inter_system stats'!$H$43 -> 0.0040331728
B44: 0.70359943 | C44: 0.71319147 | D44: 0.66388414 | F44: Total | G44: =DEVSQ('inter_system stats'!$B$33:$B$58,'inter_system stats'!$C$33:$C$58,'inter_system stats'!$D$33:$D$58) -> 0.29048504 | H44: =SUM('inter_system stats'!$G$37:$G$39) - 1 -> 74
B45: 0.79229112 | C45: 0.76713896 | D45: 0.80868052
B46: 0.74274884 | C46: 0.72568927 | D46: 0.69778979
B47: 0.73073903 | C47: 0.68375138 | D47: 0.74964989
B48: 0.72750153 | C48: 0.77881066 | D48: 0.73696733
B49: 0.69212024 | C49: 0.72071281 | D49: 0.76410474
B50: 0.71954954 | C50: 0.77253676 | D50: 0.72250109
B51: 0.70854009 | C51: 0.70540047 | D51: 0.68518215
B52: 0.70677586 | C52: 0.6540305 | D52: 0.57422987
B53: 0.81055278 | C53: 0.81993506 | D53: 0.86281466
B54: 0.77965151 | C54: 0.77593529 | D54: 0.7664436
B55: 0.70701265 | C55: 0.68930606 | D55: 0.75721945
B56: 0.7594112 | C56: 0.75786237 | D56: 0.75138095
... B58: 0.71866241 | C58: 0.70629147 | D58: 0.69002391
A60: With control
B62: Hybsem | C62: Hybrid | D62: ac15p | E62: control | G62: ANOVA - Single Factor
B63: 0.82908352 | C63: 0.83430834 | D63: 0.82032979 | E63: 0.84316826 | G63: Alpha | H63: 0.05
B64: 0.7664449 | C64: 0.78737809 | D64: 0.76020895 | E64: 0.41048157
B65: 0.82081493 | C65: 0.82347011 | D65: 0.77935892 | E65: 0.55797537 | G65: Groups | H65: Count | I65: Sum | J65: Mean | K65: Variance
B66: 0.58934068 | C66: 0.64138219 | D66: 0.65547417 | E66: 0.61915827 | G66: Column 1 | H66: =COUNT('inter_system stats'!$B$62:$B$87) -> 25 | I66: =SUM('inter_system stats'!$B$62:$B$87) -> 18.326035 | J66: =AVERAGE('inter_system stats'!$B$62:$B$87) -> 0.73304139 | K66: =VAR('inter_system stats'!$B$62:$B$87) -> 0.0042880587
B67: 0.54993991 | C67: 0.64856074 | D67: 0.60148827 | E67: 0.40396308 | G67: Column 2 | H67: =COUNT('inter_system stats'!$C$62:$C$87) -> 25 | I67: =SUM('inter_system stats'!$C$62:$C$87) -> 18.263774 | J67: =AVERAGE('inter_system stats'!$C$62:$C$87) -> 0.73055098 | K67: =VAR('inter_system stats'!$C$62:$C$87) -> 0.0032014709
B68: 0.8063013 | C68: 0.73754073 | D68: 0.80260511 | E68: 0.57074388 | G68: Column 3 | H68: =COUNT('inter_system stats'!$D$62:$D$87) -> 25 | I68: =SUM('inter_system stats'!$D$62:$D$87) -> 18.268163 | J68: =AVERAGE('inter_system stats'!$D$62:$D$87) -> 0.73072651 | K68: =VAR('inter_system stats'!$D$62:$D$87) -> 0.004609989
B69: 0.65442075 | C69: 0.63496808 | D69: 0.64887842 | E69: 0.61160895 | G69: Column 4 | H69: =COUNT('inter_system stats'!$E$62:$E$87) -> 25 | I69: =SUM('inter_system stats'!$E$62:$E$87) -> 14.066637 | J69: =AVERAGE('inter_system stats'!$E$62:$E$87) -> 0.56266549 | K69: =VAR('inter_system stats'!$E$62:$E$87) -> 0.013896415
B70: 0.74745701 | C70: 0.74640085 | D70: 0.75255045 | E70: 0.51665839
B71: 0.76315444 | C71: 0.68880534 | D71: 0.72599844 | E71: 0.51910728 | G71: Source of Variation | H71: SS | I71: df | J71: MS | K71: F | L71: P-value | M71: F critical
B72: 0.74529883 | C72: 0.74363979 | D72: 0.70681936 | E72: 0.68124246 | G72: Between Groups | H72: =SUMPRODUCT('inter_system stats'!$I$66:$I$69,'inter_system stats'!$J$66:$J$69)-SUM('inter_system stats'!$I$66:$I$69)^2/SUM('inter_system stats'!$H$66:$H$69) -> 0.5341849 | I72: =COUNT('inter_system stats'!$I$66:$I$69)-1 -> 3 | J72: ='inter_system stats'!$H$72 / 'inter_system stats'!$I$72 -> 0.17806163 | K72: ='inter_system stats'!$J$72 / 'inter_system stats'!$J$73 -> 27.398383 | L72: =FDIST('inter_system stats'!$K$72, 'inter_system stats'!$I$72, 'inter_system stats'!$I$73) -> 6.9107475e-13 | M72: =FINV('inter_system stats'!$H$63, 'inter_system stats'!$I$72, 'inter_system stats'!$I$73) -> 2.6993926
B73: 0.70359943 | C73: 0.71319147 | D73: 0.66388414 | E73: 0.66509925 | G73: Within Groups | H73: =SUM(DEVSQ('inter_system stats'!$B$62:$B$87),DEVSQ('inter_system stats'!$C$62:$C$87),DEVSQ('inter_system stats'!$D$62:$D$87),DEVSQ('inter_system stats'!$E$62:$E$87)) -> 0.6239024 | I73: =SUM('inter_system stats'!$H$66:$H$69)-COUNT('inter_system stats'!$H$66:$H$69) -> 96 | J73: ='inter_system stats'!$H$73 / 'inter_system stats'!$I$73 -> 0.0064989833
B74: 0.79229112 | C74: 0.76713896 | D74: 0.80868052 | E74: 0.68559512 | G74: Total | H74: =DEVSQ('inter_system stats'!$B$62:$B$87,'inter_system stats'!$C$62:$C$87,'inter_system stats'!$D$62:$D$87,'inter_system stats'!$E$62:$E$87) -> 1.1580873 | I74: =SUM('inter_system stats'!$H$66:$H$69) - 1 -> 99
B75: 0.74274884 | C75: 0.72568927 | D75: 0.69778979 | E75: 0.65114377
B76: 0.73073903 | C76: 0.68375138 | D76: 0.74964989 | E76: 0.60348677
B77: 0.72750153 | C77: 0.77881066 | D77: 0.73696733 | E77: 0.49806868
B78: 0.69212024 | C78: 0.72071281 | D78: 0.76410474 | E78: 0.63037797
B79: 0.71954954 | C79: 0.77253676 | D79: 0.72250109 | E79: 0.65792717
B80: 0.70854009 | C80: 0.70540047 | D80: 0.68518215 | E80: 0.56086051
B81: 0.70677586 | C81: 0.6540305 | D81: 0.57422987 | E81: 0.50207793
B82: 0.81055278 | C82: 0.81993506 | D82: 0.86281466 | E82: 0.47716849
B83: 0.77965151 | C83: 0.77593529 | D83: 0.7664436 | E83: 0.49071258
B84: 0.70701265 | C84: 0.68930606 | D84: 0.75721945 | E84: 0.37364723
B85: 0.7594112 | C85: 0.75786237 | D85: 0.75138095 | E85: 0.656355
B86: 0.75462219 | C86: 0.70672767 | D86: 0.7835788 | E86: 0.57973183
B87: 0.71866241 | C87: 0.70629147 | D87: 0.69002391 | E87: 0.30027741
