Workbook

Sheet scen2_hybsem
A1: turnId | B1: user_id | C1: assistant_id | D1: projectName | E1: sessionName | F1: seq | G1: anchorName | H1: weight | I1: promptSim | J1: responseSim | K1: activation delta | L1: prompt_to_response | N1: Average activation/turn | O1: average conversation activation | P1: count | Q1: correlation weights / activation delta | R1: p
A3: d5467efd-28d9-4c8c-9387-706193cf09bf | B3: cmja3vbwt000kzc4eu2msjdwc | C3: cmja3w8rs0011zc4e5ijfrp3u | D3: hybrid_v3_5_semantic | E3: Scenario_2_v3 | F3: 1 | G3: practicality_and_feasibility | H3: 0.2222 | I3: 0.32941288 | J3: 0.38415677 | K3: =J3-I3 -> 0.054743893 | L3: 0.82646574 | N3: =AVERAGE(K3:K8) -> 0.054643126 | O3: =AVERAGE(K3:K141) -> 0.057053659 | P3: =COUNT(K3:K141) -> 139 | Q3: =CORREL(H3:H141,K3:K141) -> 0.12685514 | R3: 0.1367
A4: d5467efd-28d9-4c8c-9387-706193cf09bf | B4: cmja3vbwt000kzc4eu2msjdwc | C4: cmja3w8rs0011zc4e5ijfrp3u | D4: hybrid_v3_5_semantic | E4: Scenario_2_v3 | F4: 1 | G4: affective_interface | H4: 0.1778 | I4: 0.2636086 | J4: 0.31499765 | K4: =J4-I4 -> 0.051389046 | L4: 0.82646574
A5: d5467efd-28d9-4c8c-9387-706193cf09bf | B5: cmja3vbwt000kzc4eu2msjdwc | C5: cmja3w8rs0011zc4e5ijfrp3u | D5: hybrid_v3_5_semantic | E5: Scenario_2_v3 | F5: 1 | G5: temporal_dynamics | H5: 0.1767 | I5: 0.26208051 | J5: 0.309427 | K5: =J5-I5 -> 0.047346493 | L5: 0.82646574
A6: d5467efd-28d9-4c8c-9387-706193cf09bf | B6: cmja3vbwt000kzc4eu2msjdwc | C6: cmja3w8rs0011zc4e5ijfrp3u | D6: hybrid_v3_5_semantic | E6: Scenario_2_v3 | F6: 1 | G6: imagination_and_possibility | H6: 0.1723 | I6: 0.25550535 | J6: 0.30110371 | K6: =J6-I6 -> 0.045598355 | L6: 0.82646574
A7: d5467efd-28d9-4c8c-9387-706193cf09bf | B7: cmja3vbwt000kzc4eu2msjdwc | C7: cmja3w8rs0011zc4e5ijfrp3u | D7: hybrid_v3_5_semantic | E7: Scenario_2_v3 | F7: 1 | G7: mathematics_computer_science_engineering | H7: 0.151 | I7: 0.22394351 | J7: 0.27295796 | K7: =J7-I7 -> 0.049014452 | L7: 0.82646574
A8: d5467efd-28d9-4c8c-9387-706193cf09bf | B8: cmja3vbwt000kzc4eu2msjdwc | C8: cmja3w8rs0011zc4e5ijfrp3u | D8: hybrid_v3_5_semantic | E8: Scenario_2_v3 | F8: 1 | G8: truth_and_fact | H8: 0.1 | I8: 0.1178327 | J8: 0.19759922 | K8: =J8-I8 -> 0.079766518 | L8: 0.82646574
A9: 78b215aa-3d91-4f01-80f0-4d26a10ac328 | B9: cmja3xbm40015zc4eqpdb9puo | C9: cmja3yldr001mzc4epu7kbfl9 | D9: hybrid_v3_5_semantic | E9: Scenario_2_v3 | F9: 3 | G9: practicality_and_feasibility | H9: 0.2342 | I9: 0.32501911 | J9: 0.40429584 | K9: =J9-I9 -> 0.079276739 | L9: 0.76029579 | N9: =AVERAGE(K9:K14) -> 0.082002902
A10: 78b215aa-3d91-4f01-80f0-4d26a10ac328 | B10: cmja3xbm40015zc4eqpdb9puo | C10: cmja3yldr001mzc4epu7kbfl9 | D10: hybrid_v3_5_semantic | E10: Scenario_2_v3 | F10: 3 | G10: temporal_dynamics | H10: 0.1886 | I10: 0.26167104 | J10: 0.30152499 | K10: =J10-I10 -> 0.039853946 | L10: 0.76029579
A11: 78b215aa-3d91-4f01-80f0-4d26a10ac328 | B11: cmja3xbm40015zc4eqpdb9puo | C11: cmja3yldr001mzc4epu7kbfl9 | D11: hybrid_v3_5_semantic | E11: Scenario_2_v3 | F11: 3 | G11: affective_interface | H11: 0.1731 | I11: 0.24023265 | J11: 0.35000473 | K11: =J11-I11 -> 0.10977208 | L11: 0.76029579
A12: 78b215aa-3d91-4f01-80f0-4d26a10ac328 | B12: cmja3xbm40015zc4eqpdb9puo | C12: cmja3yldr001mzc4epu7kbfl9 | D12: hybrid_v3_5_semantic | E12: Scenario_2_v3 | F12: 3 | G12: mathematics_computer_science_engineering | H12: 0.1535 | I12: 0.21294256 | J12: 0.28950073 | K12: =J12-I12 -> 0.076558169 | L12: 0.76029579
A13: 78b215aa-3d91-4f01-80f0-4d26a10ac328 | B13: cmja3xbm40015zc4eqpdb9puo | C13: cmja3yldr001mzc4epu7kbfl9 | D13: hybrid_v3_5_semantic | E13: Scenario_2_v3 | F13: 3 | G13: imagination_and_possibility | H13: 0.1506 | I13: 0.20904092 | J13: 0.27680546 | K13: =J13-I13 -> 0.067764532 | L13: 0.76029579
A14: 78b215aa-3d91-4f01-80f0-4d26a10ac328 | B14: cmja3xbm40015zc4eqpdb9puo | C14: cmja3yldr001mzc4epu7kbfl9 | D14: hybrid_v3_5_semantic | E14: Scenario_2_v3 | F14: 3 | G14: truth_and_fact | H14: 0.1 | I14: 0.11605782 | J14: 0.23484977 | K14: =J14-I14 -> 0.11879195 | L14: 0.76029579
A15: 5e6c3f49-1682-4f70-a5d5-50e29b1d251a | B15: cmja3ztgv001qzc4e6p1ojxtj | C15: cmja40goc0027zc4ec8dqkvdm | D15: hybrid_v3_5_semantic | E15: Scenario_2_v3 | F15: 5 | G15: practicality_and_feasibility | H15: 0.2203 | I15: 0.41180675 | J15: 0.4359075 | K15: =J15-I15 -> 0.024100744 | L15: 0.7455131 | N15: =AVERAGE(K15:K20) -> 0.050709209
A16: 5e6c3f49-1682-4f70-a5d5-50e29b1d251a | B16: cmja3ztgv001qzc4e6p1ojxtj | C16: cmja40goc0027zc4ec8dqkvdm | D16: hybrid_v3_5_semantic | E16: Scenario_2_v3 | F16: 5 | G16: temporal_dynamics | H16: 0.189 | I16: 0.35336547 | J16: 0.40886101 | K16: =J16-I16 -> 0.055495539 | L16: 0.7455131
A17: 5e6c3f49-1682-4f70-a5d5-50e29b1d251a | B17: cmja3ztgv001qzc4e6p1ojxtj | C17: cmja40goc0027zc4ec8dqkvdm | D17: hybrid_v3_5_semantic | E17: Scenario_2_v3 | F17: 5 | G17: affective_interface | H17: 0.1812 | I17: 0.33863153 | J17: 0.38842965 | K17: =J17-I17 -> 0.049798119 | L17: 0.7455131
A18: 5e6c3f49-1682-4f70-a5d5-50e29b1d251a | B18: cmja3ztgv001qzc4e6p1ojxtj | C18: cmja40goc0027zc4ec8dqkvdm | D18: hybrid_v3_5_semantic | E18: Scenario_2_v3 | F18: 5 | G18: mathematics_computer_science_engineering | H18: 0.1556 | I18: 0.29079414 | J18: 0.31568412 | K18: =J18-I18 -> 0.024889981 | L18: 0.7455131
A19: 5e6c3f49-1682-4f70-a5d5-50e29b1d251a | B19: cmja3ztgv001qzc4e6p1ojxtj | C19: cmja40goc0027zc4ec8dqkvdm | D19: hybrid_v3_5_semantic | E19: Scenario_2_v3 | F19: 5 | G19: imagination_and_possibility | H19: 0.1539 | I19: 0.28769599 | J19: 0.35870841 | K19: =J19-I19 -> 0.071012419 | L19: 0.7455131
A20: 5e6c3f49-1682-4f70-a5d5-50e29b1d251a | B20: cmja3ztgv001qzc4e6p1ojxtj | C20: cmja40goc0027zc4ec8dqkvdm | D20: hybrid_v3_5_semantic | E20: Scenario_2_v3 | F20: 5 | G20: truth_and_fact | H20: 0.1 | I20: 0.18588471 | J20: 0.26484316 | K20: =J20-I20 -> 0.078958452 | L20: 0.7455131
A21: 432a16b9-3618-4aaf-8ded-e470f745b0e1 | B21: cmja41qfw002bzc4eiega4byl | C21: cmja42b8j002szc4ee73fqo9s | D21: hybrid_v3_5_semantic | E21: Scenario_2_v3 | F21: 7 | G21: practicality_and_feasibility | H21: 0.2216 | I21: 0.36700319 | J21: 0.39461517 | K21: =J21-I21 -> 0.027611981 | L21: 0.74023798 | N21: =AVERAGE(K21:K26) -> 0.041890347
A22: 432a16b9-3618-4aaf-8ded-e470f745b0e1 | B22: cmja41qfw002bzc4eiega4byl | C22: cmja42b8j002szc4ee73fqo9s | D22: hybrid_v3_5_semantic | E22: Scenario_2_v3 | F22: 7 | G22: temporal_dynamics | H22: 0.2039 | I22: 0.33762121 | J22: 0.31170541 | K22: =J22-I22 -> -0.025915805 | L22: 0.74023798
A23: 432a16b9-3618-4aaf-8ded-e470f745b0e1 | B23: cmja41qfw002bzc4eiega4byl | C23: cmja42b8j002szc4ee73fqo9s | D23: hybrid_v3_5_semantic | E23: Scenario_2_v3 | F23: 7 | G23: affective_interface | H23: 0.1702 | I23: 0.28177854 | J23: 0.36533146 | K23: =J23-I23 -> 0.083552916 | L23: 0.74023798
A24: 432a16b9-3618-4aaf-8ded-e470f745b0e1 | B24: cmja41qfw002bzc4eiega4byl | C24: cmja42b8j002szc4ee73fqo9s | D24: hybrid_v3_5_semantic | E24: Scenario_2_v3 | F24: 7 | G24: imagination_and_possibility | H24: 0.1568 | I24: 0.25959495 | J24: 0.27986108 | K24: =J24-I24 -> 0.020266127 | L24: 0.74023798
A25: 432a16b9-3618-4aaf-8ded-e470f745b0e1 | B25: cmja41qfw002bzc4eiega4byl | C25: cmja42b8j002szc4ee73fqo9s | D25: hybrid_v3_5_semantic | E25: Scenario_2_v3 | F25: 7 | G25: mathematics_computer_science_engineering | H25: 0.1475 | I25: 0.24432024 | J25: 0.31208692 | K25: =J25-I25 -> 0.067766684 | L25: 0.74023798
A26: 432a16b9-3618-4aaf-8ded-e470f745b0e1 | B26: cmja41qfw002bzc4eiega4byl | C26: cmja42b8j002szc4ee73fqo9s | D26: hybrid_v3_5_semantic | E26: Scenario_2_v3 | F26: 7 | G26: truth_and_fact | H26: 0.1 | I26: 0.17939923 | J26: 0.25745941 | K26: =J26-I26 -> 0.078060177 | L26: 0.74023798
A27: 54dd1e03-398d-4eaa-9a7e-812574b69fa1 | B27: cmja43jjh002wzc4ed3mq4wza | C27: cmja443s4003dzc4e97urf3qe | D27: hybrid_v3_5_semantic | E27: Scenario_2_v3 | F27: 9 | G27: practicality_and_feasibility | H27: 0.2103 | I27: 0.33154777 | J27: 0.43299075 | K27: =J27-I27 -> 0.10144298 | L27: 0.70141781 | N27: =AVERAGE(K27:K32) -> 0.072899032
A28: 54dd1e03-398d-4eaa-9a7e-812574b69fa1 | B28: cmja43jjh002wzc4ed3mq4wza | C28: cmja443s4003dzc4e97urf3qe | D28: hybrid_v3_5_semantic | E28: Scenario_2_v3 | F28: 9 | G28: temporal_dynamics | H28: 0.1948 | I28: 0.30714359 | J28: 0.34157417 | K28: =J28-I28 -> 0.034430584 | L28: 0.70141781
A29: 54dd1e03-398d-4eaa-9a7e-812574b69fa1 | B29: cmja43jjh002wzc4ed3mq4wza | C29: cmja443s4003dzc4e97urf3qe | D29: hybrid_v3_5_semantic | E29: Scenario_2_v3 | F29: 9 | G29: affective_interface | H29: 0.1821 | I29: 0.28707494 | J29: 0.3613976 | K29: =J29-I29 -> 0.074322663 | L29: 0.70141781
A30: 54dd1e03-398d-4eaa-9a7e-812574b69fa1 | B30: cmja43jjh002wzc4ed3mq4wza | C30: cmja443s4003dzc4e97urf3qe | D30: hybrid_v3_5_semantic | E30: Scenario_2_v3 | F30: 9 | G30: mathematics_computer_science_engineering | H30: 0.1639 | I30: 0.25842434 | J30: 0.32468912 | K30: =J30-I30 -> 0.066264785 | L30: 0.70141781
A31: 54dd1e03-398d-4eaa-9a7e-812574b69fa1 | B31: cmja43jjh002wzc4ed3mq4wza | C31: cmja443s4003dzc4e97urf3qe | D31: hybrid_v3_5_semantic | E31: Scenario_2_v3 | F31: 9 | G31: imagination_and_possibility | H31: 0.1488 | I31: 0.23459671 | J31: 0.33525412 | K31: =J31-I31 -> 0.10065742 | L31: 0.70141781
A32: 54dd1e03-398d-4eaa-9a7e-812574b69fa1 | B32: cmja43jjh002wzc4ed3mq4wza | C32: cmja443s4003dzc4e97urf3qe | D32: hybrid_v3_5_semantic | E32: Scenario_2_v3 | F32: 9 | G32: truth_and_fact | H32: 0.1 | I32: 0.19688903 | J32: 0.2571648 | K32: =J32-I32 -> 0.060275763 | L32: 0.70141781
A33: 28e3c064-f5e1-4128-b3ee-b2c728419e53 | B33: cmja46dqm003hzc4e8eo9600x | C33: cmja47ez2003yzc4ef1gii1ye | D33: hybrid_v3_5_semantic | E33: Scenario_2_v3 | F33: 11 | G33: practicality_and_feasibility | H33: 0.2208 | I33: 0.31909553 | J33: 0.38907714 | K33: =J33-I33 -> 0.069981613 | L33: 0.76441227 | N33: =AVERAGE(K33:K38) -> 0.046802049
A34: 28e3c064-f5e1-4128-b3ee-b2c728419e53 | B34: cmja46dqm003hzc4e8eo9600x | C34: cmja47ez2003yzc4ef1gii1ye | D34: hybrid_v3_5_semantic | E34: Scenario_2_v3 | F34: 11 | G34: temporal_dynamics | H34: 0.2 | I34: 0.28897107 | J34: 0.28141823 | K34: =J34-I34 -> -0.0075528425 | L34: 0.76441227
A35: 28e3c064-f5e1-4128-b3ee-b2c728419e53 | B35: cmja46dqm003hzc4e8eo9600x | C35: cmja47ez2003yzc4ef1gii1ye | D35: hybrid_v3_5_semantic | E35: Scenario_2_v3 | F35: 11 | G35: affective_interface | H35: 0.1745 | I35: 0.25217791 | J35: 0.32692393 | K35: =J35-I35 -> 0.074746018 | L35: 0.76441227
A36: 28e3c064-f5e1-4128-b3ee-b2c728419e53 | B36: cmja46dqm003hzc4e8eo9600x | C36: cmja47ez2003yzc4ef1gii1ye | D36: hybrid_v3_5_semantic | E36: Scenario_2_v3 | F36: 11 | G36: mathematics_computer_science_engineering | H36: 0.1585 | I36: 0.22899788 | J36: 0.26525517 | K36: =J36-I36 -> 0.03625729 | L36: 0.76441227
A37: 28e3c064-f5e1-4128-b3ee-b2c728419e53 | B37: cmja46dqm003hzc4e8eo9600x | C37: cmja47ez2003yzc4ef1gii1ye | D37: hybrid_v3_5_semantic | E37: Scenario_2_v3 | F37: 11 | G37: imagination_and_possibility | H37: 0.1462 | I37: 0.21121805 | J37: 0.29054637 | K37: =J37-I37 -> 0.079328326 | L37: 0.76441227
A38: 28e3c064-f5e1-4128-b3ee-b2c728419e53 | B38: cmja46dqm003hzc4e8eo9600x | C38: cmja47ez2003yzc4ef1gii1ye | D38: hybrid_v3_5_semantic | E38: Scenario_2_v3 | F38: 11 | G38: truth_and_fact | H38: 0.1 | I38: 0.16147172 | J38: 0.18952361 | K38: =J38-I38 -> 0.028051887 | L38: 0.76441227
A39: a5e87be6-d125-4ad4-83e6-7882e3487ee9 | B39: cmja482q40042zc4eln0po4sx | C39: cmja48r2f004jzc4ec33zimak | D39: hybrid_v3_5_semantic | E39: Scenario_2_v3 | F39: 13 | G39: practicality_and_feasibility | H39: 0.2405 | I39: 0.31489127 | J39: 0.38863735 | K39: =J39-I39 -> 0.073746085 | L39: 0.70462919 | N39: =AVERAGE(K39:K44) -> 0.079766856
A40: a5e87be6-d125-4ad4-83e6-7882e3487ee9 | B40: cmja482q40042zc4eln0po4sx | C40: cmja48r2f004jzc4ec33zimak | D40: hybrid_v3_5_semantic | E40: Scenario_2_v3 | F40: 13 | G40: affective_interface | H40: 0.1784 | I40: 0.23362284 | J40: 0.35593965 | K40: =J40-I40 -> 0.12231681 | L40: 0.70462919
A41: a5e87be6-d125-4ad4-83e6-7882e3487ee9 | B41: cmja482q40042zc4eln0po4sx | C41: cmja48r2f004jzc4ec33zimak | D41: hybrid_v3_5_semantic | E41: Scenario_2_v3 | F41: 13 | G41: mathematics_computer_science_engineering | H41: 0.1686 | I41: 0.2207827 | J41: 0.26556293 | K41: =J41-I41 -> 0.044780238 | L41: 0.70462919
A42: a5e87be6-d125-4ad4-83e6-7882e3487ee9 | B42: cmja482q40042zc4eln0po4sx | C42: cmja48r2f004jzc4ec33zimak | D42: hybrid_v3_5_semantic | E42: Scenario_2_v3 | F42: 13 | G42: temporal_dynamics | H42: 0.1568 | I42: 0.20527381 | J42: 0.28634694 | K42: =J42-I42 -> 0.081073129 | L42: 0.70462919
A43: a5e87be6-d125-4ad4-83e6-7882e3487ee9 | B43: cmja482q40042zc4eln0po4sx | C43: cmja48r2f004jzc4ec33zimak | D43: hybrid_v3_5_semantic | E43: Scenario_2_v3 | F43: 13 | G43: sovereignty | H43: 0.1558 | I43: 0.20395453 | J43: 0.26794411 | K43: =J43-I43 -> 0.063989579 | L43: 0.70462919
A44: a5e87be6-d125-4ad4-83e6-7882e3487ee9 | B44: cmja482q40042zc4eln0po4sx | C44: cmja48r2f004jzc4ec33zimak | D44: hybrid_v3_5_semantic | E44: Scenario_2_v3 | F44: 13 | G44: truth_and_fact | H44: 0.1 | I44: 0.11916435 | J44: 0.21185964 | K44: =J44-I44 -> 0.092695289 | L44: 0.70462919
A45: 49246dfc-3a14-482e-83d2-a9cc2faa9de9 | B45: cmja4bjnr004nzc4e29a83456 | C45: cmja4c7480054zc4eeclcwrnd | D45: hybrid_v3_5_semantic | E45: Scenario_2_v3 | F45: 15 | G45: practicality_and_feasibility | H45: 0.2239 | I45: 0.38039625 | J45: 0.39206261 | K45: =J45-I45 -> 0.01166636 | L45: 0.77201186 | N45: =AVERAGE(K45:K50) -> 0.028078518
A46: 49246dfc-3a14-482e-83d2-a9cc2faa9de9 | B46: cmja4bjnr004nzc4e29a83456 | C46: cmja4c7480054zc4eeclcwrnd | D46: hybrid_v3_5_semantic | E46: Scenario_2_v3 | F46: 15 | G46: temporal_dynamics | H46: 0.1975 | I46: 0.33549491 | J46: 0.30948189 | K46: =J46-I46 -> -0.026013018 | L46: 0.77201186
A47: 49246dfc-3a14-482e-83d2-a9cc2faa9de9 | B47: cmja4bjnr004nzc4e29a83456 | C47: cmja4c7480054zc4eeclcwrnd | D47: hybrid_v3_5_semantic | E47: Scenario_2_v3 | F47: 15 | G47: affective_interface | H47: 0.1829 | I47: 0.31070613 | J47: 0.35944828 | K47: =J47-I47 -> 0.048742156 | L47: 0.77201186
A48: 49246dfc-3a14-482e-83d2-a9cc2faa9de9 | B48: cmja4bjnr004nzc4e29a83456 | C48: cmja4c7480054zc4eeclcwrnd | D48: hybrid_v3_5_semantic | E48: Scenario_2_v3 | F48: 15 | G48: imagination_and_possibility | H48: 0.1548 | I48: 0.26296429 | J48: 0.30205868 | K48: =J48-I48 -> 0.039094393 | L48: 0.77201186
A49: 49246dfc-3a14-482e-83d2-a9cc2faa9de9 | B49: cmja4bjnr004nzc4e29a83456 | C49: cmja4c7480054zc4eeclcwrnd | D49: hybrid_v3_5_semantic | E49: Scenario_2_v3 | F49: 15 | G49: mathematics_computer_science_engineering | H49: 0.1409 | I49: 0.23931923 | J49: 0.27897753 | K49: =J49-I49 -> 0.039658301 | L49: 0.77201186
A50: 49246dfc-3a14-482e-83d2-a9cc2faa9de9 | B50: cmja4bjnr004nzc4e29a83456 | C50: cmja4c7480054zc4eeclcwrnd | D50: hybrid_v3_5_semantic | E50: Scenario_2_v3 | F50: 15 | G50: truth_and_fact | H50: 0.1 | I50: 0.17436363 | J50: 0.22968655 | K50: =J50-I50 -> 0.055322917 | L50: 0.77201186
A51: d43b7dfe-3029-4b64-a912-007e92f90862 | B51: cmja4ddpd0058zc4er10ux66a | C51: cmja4dtqi005pzc4e376f2vc6 | D51: hybrid_v3_5_semantic | E51: Scenario_2_v3 | F51: 17 | G51: temporal_dynamics | H51: 0.2122 | I51: 0.35332137 | J51: 0.3567063 | K51: =J51-I51 -> 0.0033849208 | L51: 0.72188408 | N51: =AVERAGE(K51:K56) -> 0.040053029
A52: d43b7dfe-3029-4b64-a912-007e92f90862 | B52: cmja4ddpd0058zc4er10ux66a | C52: cmja4dtqi005pzc4e376f2vc6 | D52: hybrid_v3_5_semantic | E52: Scenario_2_v3 | F52: 17 | G52: practicality_and_feasibility | H52: 0.2106 | I52: 0.35058979 | J52: 0.42902523 | K52: =J52-I52 -> 0.078435441 | L52: 0.72188408
A53: d43b7dfe-3029-4b64-a912-007e92f90862 | B53: cmja4ddpd0058zc4er10ux66a | C53: cmja4dtqi005pzc4e376f2vc6 | D53: hybrid_v3_5_semantic | E53: Scenario_2_v3 | F53: 17 | G53: imagination_and_possibility | H53: 0.1674 | I53: 0.27868217 | J53: 0.33140582 | K53: =J53-I53 -> 0.052723644 | L53: 0.72188408
A54: d43b7dfe-3029-4b64-a912-007e92f90862 | B54: cmja4ddpd0058zc4er10ux66a | C54: cmja4dtqi005pzc4e376f2vc6 | D54: hybrid_v3_5_semantic | E54: Scenario_2_v3 | F54: 17 | G54: affective_interface | H54: 0.1673 | I54: 0.27862602 | J54: 0.31339296 | K54: =J54-I54 -> 0.034766939 | L54: 0.72188408
A55: d43b7dfe-3029-4b64-a912-007e92f90862 | B55: cmja4ddpd0058zc4er10ux66a | C55: cmja4dtqi005pzc4e376f2vc6 | D55: hybrid_v3_5_semantic | E55: Scenario_2_v3 | F55: 17 | G55: mathematics_computer_science_engineering | H55: 0.1425 | I55: 0.23723398 | J55: 0.30231557 | K55: =J55-I55 -> 0.065081595 | L55: 0.72188408
A56: d43b7dfe-3029-4b64-a912-007e92f90862 | B56: cmja4ddpd0058zc4er10ux66a | C56: cmja4dtqi005pzc4e376f2vc6 | D56: hybrid_v3_5_semantic | E56: Scenario_2_v3 | F56: 17 | G56: truth_and_fact | H56: 0.1 | I56: 0.20386769 | J56: 0.20979332 | K56: =J56-I56 -> 0.0059256324 | L56: 0.72188408
A57: a14fc81b-5bb1-44e1-8e8a-9da8604c5e1f | B57: cmja4fa6x005tzc4eu4wzi013 | C57: cmja4fyf8006azc4ege1gaaj2 | D57: hybrid_v3_5_semantic | E57: Scenario_2_v3 | F57: 19 | G57: practicality_and_feasibility | H57: 0.2257 | I57: 0.31778779 | J57: 0.36753404 | K57: =J57-I57 -> 0.049746246 | L57: 0.80179909 | N57: =AVERAGE(K57:K62) -> 0.064604803
A58: a14fc81b-5bb1-44e1-8e8a-9da8604c5e1f | B58: cmja4fa6x005tzc4eu4wzi013 | C58: cmja4fyf8006azc4ege1gaaj2 | D58: hybrid_v3_5_semantic | E58: Scenario_2_v3 | F58: 19 | G58: temporal_dynamics | H58: 0.1859 | I58: 0.26183213 | J58: 0.3075469 | K58: =J58-I58 -> 0.045714776 | L58: 0.80179909
A59: a14fc81b-5bb1-44e1-8e8a-9da8604c5e1f | B59: cmja4fa6x005tzc4eu4wzi013 | C59: cmja4fyf8006azc4ege1gaaj2 | D59: hybrid_v3_5_semantic | E59: Scenario_2_v3 | F59: 19 | G59: affective_interface | H59: 0.1759 | I59: 0.24767641 | J59: 0.3381128 | K59: =J59-I59 -> 0.090436386 | L59: 0.80179909
A60: a14fc81b-5bb1-44e1-8e8a-9da8604c5e1f | B60: cmja4fa6x005tzc4eu4wzi013 | C60: cmja4fyf8006azc4ege1gaaj2 | D60: hybrid_v3_5_semantic | E60: Scenario_2_v3 | F60: 19 | G60: imagination_and_possibility | H60: 0.1568 | I60: 0.22082378 | J60: 0.28880482 | K60: =J60-I60 -> 0.067981041 | L60: 0.80179909
A61: a14fc81b-5bb1-44e1-8e8a-9da8604c5e1f | B61: cmja4fa6x005tzc4eu4wzi013 | C61: cmja4fyf8006azc4ege1gaaj2 | D61: hybrid_v3_5_semantic | E61: Scenario_2_v3 | F61: 19 | G61: mathematics_computer_science_engineering | H61: 0.1557 | I61: 0.21919962 | J61: 0.26036269 | K61: =J61-I61 -> 0.041163074 | L61: 0.80179909
A62: a14fc81b-5bb1-44e1-8e8a-9da8604c5e1f | B62: cmja4fa6x005tzc4eu4wzi013 | C62: cmja4fyf8006azc4ege1gaaj2 | D62: hybrid_v3_5_semantic | E62: Scenario_2_v3 | F62: 19 | G62: truth_and_fact | H62: 0.1 | I62: 0.12029906 | J62: 0.21288636 | K62: =J62-I62 -> 0.092587292 | L62: 0.80179909
A63: 4c25068b-5371-4459-b7f2-71276ddc2fc0 | B63: cmja4gvof006ezc4e4gycmk17 | C63: cmja4hhhu006vzc4eqiu8jrwl | D63: hybrid_v3_5_semantic | E63: Scenario_2_v3 | F63: 21 | G63: temporal_dynamics | H63: 0.3212 | I63: 0.26779892 | J63: 0.34401088 | K63: =J63-I63 -> 0.076211958 | L63: 0.82639187 | N63: =AVERAGE(K63:K66) -> 0.10138798
A64: 4c25068b-5371-4459-b7f2-71276ddc2fc0 | B64: cmja4gvof006ezc4e4gycmk17 | C64: cmja4hhhu006vzc4eqiu8jrwl | D64: hybrid_v3_5_semantic | E64: Scenario_2_v3 | F64: 21 | G64: practicality_and_feasibility | H64: 0.3016 | I64: 0.25144793 | J64: 0.38607868 | K64: =J64-I64 -> 0.13463075 | L64: 0.82639187
A65: 4c25068b-5371-4459-b7f2-71276ddc2fc0 | B65: cmja4gvof006ezc4e4gycmk17 | C65: cmja4hhhu006vzc4eqiu8jrwl | D65: hybrid_v3_5_semantic | E65: Scenario_2_v3 | F65: 21 | G65: affective_interface | H65: 0.2771 | I65: 0.23104655 | J65: 0.32671817 | K65: =J65-I65 -> 0.095671623 | L65: 0.82639187
A66: 4c25068b-5371-4459-b7f2-71276ddc2fc0 | B66: cmja4gvof006ezc4e4gycmk17 | C66: cmja4hhhu006vzc4eqiu8jrwl | D66: hybrid_v3_5_semantic | E66: Scenario_2_v3 | F66: 21 | G66: truth_and_fact | H66: 0.1 | I66: 0.094347547 | J66: 0.19338515 | K66: =J66-I66 -> 0.099037604 | L66: 0.82639187
A67: 821272ae-b039-4fe4-a716-aa654b21bed1 | B67: cmja4ilnp006zzc4et5ct62t4 | C67: cmja4j4ze007gzc4etd32ln1v | D67: hybrid_v3_5_semantic | E67: Scenario_2_v3 | F67: 23 | G67: practicality_and_feasibility | H67: 0.3162 | I67: 0.26177714 | J67: 0.38372766 | K67: =J67-I67 -> 0.12195052 | L67: 0.74557662 | N67: =AVERAGE(K67:K70) -> 0.10911979
A68: 821272ae-b039-4fe4-a716-aa654b21bed1 | B68: cmja4ilnp006zzc4et5ct62t4 | C68: cmja4j4ze007gzc4etd32ln1v | D68: hybrid_v3_5_semantic | E68: Scenario_2_v3 | F68: 23 | G68: affective_interface | H68: 0.2961 | I68: 0.24513799 | J68: 0.38896455 | K68: =J68-I68 -> 0.14382655 | L68: 0.74557662
A69: 821272ae-b039-4fe4-a716-aa654b21bed1 | B69: cmja4ilnp006zzc4et5ct62t4 | C69: cmja4j4ze007gzc4etd32ln1v | D69: hybrid_v3_5_semantic | E69: Scenario_2_v3 | F69: 23 | G69: temporal_dynamics | H69: 0.2878 | I69: 0.23829132 | J69: 0.29418075 | K69: =J69-I69 -> 0.055889427 | L69: 0.74557662
A70: 821272ae-b039-4fe4-a716-aa654b21bed1 | B70: cmja4ilnp006zzc4et5ct62t4 | C70: cmja4j4ze007gzc4etd32ln1v | D70: hybrid_v3_5_semantic | E70: Scenario_2_v3 | F70: 23 | G70: truth_and_fact | H70: 0.1 | I70: 0.10641913 | J70: 0.2212318 | K70: =J70-I70 -> 0.11481267 | L70: 0.74557662
A71: 5ab1f938-73f7-4a79-917f-93d8cd9c5297 | B71: cmja4kh19007kzc4ebd1jfzrn | C71: cmja4l4qg0081zc4e9kebm7ss | D71: hybrid_v3_5_semantic | E71: Scenario_2_v3 | F71: 25 | G71: practicality_and_feasibility | H71: 0.4714 | I71: 0.29016545 | J71: 0.38880495 | K71: =J71-I71 -> 0.098639506 | L71: 0.73930479 | N71: =-AVERAGE(K71:K73) -> -0.096510018
A72: 5ab1f938-73f7-4a79-917f-93d8cd9c5297 | B72: cmja4kh19007kzc4ebd1jfzrn | C72: cmja4l4qg0081zc4e9kebm7ss | D72: hybrid_v3_5_semantic | E72: Scenario_2_v3 | F72: 25 | G72: affective_interface | H72: 0.4286 | I72: 0.26383897 | J72: 0.3793218 | K72: =J72-I72 -> 0.11548284 | L72: 0.73930479
A73: 5ab1f938-73f7-4a79-917f-93d8cd9c5297 | B73: cmja4kh19007kzc4ebd1jfzrn | C73: cmja4l4qg0081zc4e9kebm7ss | D73: hybrid_v3_5_semantic | E73: Scenario_2_v3 | F73: 25 | G73: truth_and_fact | H73: 0.1 | I73: 0.12973247 | J73: 0.20514018 | K73: =J73-I73 -> 0.075407709 | L73: 0.73930479
A74: 17b99bcd-fcb5-415a-989d-1ba643e7bfb6 | B74: cmja4m9t00085zc4e52asd4jw | C74: cmja4muu3008mzc4erh8kwkow | D74: hybrid_v3_5_semantic | E74: Scenario_2_v3 | F74: 27 | G74: practicality_and_feasibility | H74: 0.2199 | I74: 0.35140473 | J74: 0.44326989 | K74: =J74-I74 -> 0.091865158 | L74: 0.71677589 | N74: =AVERAGE(K74:K79) -> 0.067636516
A75: 17b99bcd-fcb5-415a-989d-1ba643e7bfb6 | B75: cmja4m9t00085zc4e52asd4jw | C75: cmja4muu3008mzc4erh8kwkow | D75: hybrid_v3_5_semantic | E75: Scenario_2_v3 | F75: 27 | G75: affective_interface | H75: 0.1946 | I75: 0.31089562 | J75: 0.34252856 | K75: =J75-I75 -> 0.031632944 | L75: 0.71677589
A76: 17b99bcd-fcb5-415a-989d-1ba643e7bfb6 | B76: cmja4m9t00085zc4e52asd4jw | C76: cmja4muu3008mzc4erh8kwkow | D76: hybrid_v3_5_semantic | E76: Scenario_2_v3 | F76: 27 | G76: imagination_and_possibility | H76: 0.1698 | I76: 0.27129688 | J76: 0.33112098 | K76: =J76-I76 -> 0.059824099 | L76: 0.71677589
A77: 17b99bcd-fcb5-415a-989d-1ba643e7bfb6 | B77: cmja4m9t00085zc4e52asd4jw | C77: cmja4muu3008mzc4erh8kwkow | D77: hybrid_v3_5_semantic | E77: Scenario_2_v3 | F77: 27 | G77: temporal_dynamics | H77: 0.1618 | I77: 0.25853195 | J77: 0.35459539 | K77: =J77-I77 -> 0.096063449 | L77: 0.71677589
A78: 17b99bcd-fcb5-415a-989d-1ba643e7bfb6 | B78: cmja4m9t00085zc4e52asd4jw | C78: cmja4muu3008mzc4erh8kwkow | D78: hybrid_v3_5_semantic | E78: Scenario_2_v3 | F78: 27 | G78: mathematics_computer_science_engineering | H78: 0.1539 | I78: 0.24589129 | J78: 0.32654537 | K78: =J78-I78 -> 0.080654079 | L78: 0.71677589
A79: 17b99bcd-fcb5-415a-989d-1ba643e7bfb6 | B79: cmja4m9t00085zc4e52asd4jw | C79: cmja4muu3008mzc4erh8kwkow | D79: hybrid_v3_5_semantic | E79: Scenario_2_v3 | F79: 27 | G79: truth_and_fact | H79: 0.1 | I79: 0.18042586 | J79: 0.22620522 | K79: =J79-I79 -> 0.045779367 | L79: 0.71677589
A80: 279d7288-7948-410b-bb12-7ff07144dbcd | B80: cmja4opip008qzc4egs3dgvyd | C80: cmja4pg100097zc4e8aw57ae9 | D80: hybrid_v3_5_semantic | E80: Scenario_2_v3 | F80: 29 | G80: practicality_and_feasibility | H80: 0.2216 | I80: 0.3489605 | J80: 0.39566894 | K80: =J80-I80 -> 0.046708444 | L80: 0.7233547 | N80: =AVERAGE(K80:K85) -> 0.044012985
A81: 279d7288-7948-410b-bb12-7ff07144dbcd | B81: cmja4opip008qzc4egs3dgvyd | C81: cmja4pg100097zc4e8aw57ae9 | D81: hybrid_v3_5_semantic | E81: Scenario_2_v3 | F81: 29 | G81: temporal_dynamics | H81: 0.2007 | I81: 0.31595467 | J81: 0.30330304 | K81: =J81-I81 -> -0.01265163 | L81: 0.7233547
A82: 279d7288-7948-410b-bb12-7ff07144dbcd | B82: cmja4opip008qzc4egs3dgvyd | C82: cmja4pg100097zc4e8aw57ae9 | D82: hybrid_v3_5_semantic | E82: Scenario_2_v3 | F82: 29 | G82: imagination_and_possibility | H82: 0.1711 | I82: 0.26940799 | J82: 0.31024348 | K82: =J82-I82 -> 0.040835496 | L82: 0.7233547
A83: 279d7288-7948-410b-bb12-7ff07144dbcd | B83: cmja4opip008qzc4egs3dgvyd | C83: cmja4pg100097zc4e8aw57ae9 | D83: hybrid_v3_5_semantic | E83: Scenario_2_v3 | F83: 29 | G83: affective_interface | H83: 0.1665 | I83: 0.262208 | J83: 0.32899767 | K83: =J83-I83 -> 0.066789673 | L83: 0.7233547
A84: 279d7288-7948-410b-bb12-7ff07144dbcd | B84: cmja4opip008qzc4egs3dgvyd | C84: cmja4pg100097zc4e8aw57ae9 | D84: hybrid_v3_5_semantic | E84: Scenario_2_v3 | F84: 29 | G84: freedom_and_limitations | H84: 0.1401 | I84: 0.2206544 | J84: 0.27773413 | K84: =J84-I84 -> 0.057079735 | L84: 0.7233547
A85: 279d7288-7948-410b-bb12-7ff07144dbcd | B85: cmja4opip008qzc4egs3dgvyd | C85: cmja4pg100097zc4e8aw57ae9 | D85: hybrid_v3_5_semantic | E85: Scenario_2_v3 | F85: 29 | G85: truth_and_fact | H85: 0.1 | I85: 0.13693432 | J85: 0.20225051 | K85: =J85-I85 -> 0.065316192 | L85: 0.7233547
A86: 02d5160c-f897-423c-8f62-67342ff55ee6 | B86: cmja4qdmr009bzc4eoozpy6zz | C86: cmja4r05t009szc4e5nz7hwnt | D86: hybrid_v3_5_semantic | E86: Scenario_2_v3 | F86: 31 | G86: practicality_and_feasibility | H86: 0.3328 | I86: 0.26045119 | J86: 0.32704003 | K86: =J86-I86 -> 0.066588848 | L86: 0.7414815 | N86: =AVERAGE(K86:K89) -> 0.07724977
A87: 02d5160c-f897-423c-8f62-67342ff55ee6 | B87: cmja4qdmr009bzc4eoozpy6zz | C87: cmja4r05t009szc4e5nz7hwnt | D87: hybrid_v3_5_semantic | E87: Scenario_2_v3 | F87: 31 | G87: temporal_dynamics | H87: 0.2848 | I87: 0.22285413 | J87: 0.27240054 | K87: =J87-I87 -> 0.049546413 | L87: 0.7414815
A88: 02d5160c-f897-423c-8f62-67342ff55ee6 | B88: cmja4qdmr009bzc4eoozpy6zz | C88: cmja4r05t009szc4e5nz7hwnt | D88: hybrid_v3_5_semantic | E88: Scenario_2_v3 | F88: 31 | G88: affective_interface | H88: 0.2824 | I88: 0.22097104 | J88: 0.34283519 | K88: =J88-I88 -> 0.12186415 | L88: 0.7414815
A89: 02d5160c-f897-423c-8f62-67342ff55ee6 | B89: cmja4qdmr009bzc4eoozpy6zz | C89: cmja4r05t009szc4e5nz7hwnt | D89: hybrid_v3_5_semantic | E89: Scenario_2_v3 | F89: 31 | G89: truth_and_fact | H89: 0.1 | I89: 0.094132493 | J89: 0.16513216 | K89: =J89-I89 -> 0.070999668 | L89: 0.7414815
A90: d00b3a79-f137-4d2a-9f76-9cbaa0435e11 | B90: cmja4t4v6009wzc4emzlt9hy1 | C90: cmja4tr8r00adzc4ercde9id0 | D90: hybrid_v3_5_semantic | E90: Scenario_2_v3 | F90: 33 | G90: practicality_and_feasibility | H90: 0.2071 | I90: 0.29470431 | J90: 0.34172959 | K90: =J90-I90 -> 0.047025288 | L90: 0.78281323 | N90: =AVERAGE(K90:K95) -> 0.044965626
A91: d00b3a79-f137-4d2a-9f76-9cbaa0435e11 | B91: cmja4t4v6009wzc4emzlt9hy1 | C91: cmja4tr8r00adzc4ercde9id0 | D91: hybrid_v3_5_semantic | E91: Scenario_2_v3 | F91: 33 | G91: affective_interface | H91: 0.1907 | I91: 0.27134806 | J91: 0.30324958 | K91: =J91-I91 -> 0.031901523 | L91: 0.78281323
A92: d00b3a79-f137-4d2a-9f76-9cbaa0435e11 | B92: cmja4t4v6009wzc4emzlt9hy1 | C92: cmja4tr8r00adzc4ercde9id0 | D92: hybrid_v3_5_semantic | E92: Scenario_2_v3 | F92: 33 | G92: temporal_dynamics | H92: 0.1881 | I92: 0.26757259 | J92: 0.30969798 | K92: =J92-I92 -> 0.042125383 | L92: 0.78281323
A93: d00b3a79-f137-4d2a-9f76-9cbaa0435e11 | B93: cmja4t4v6009wzc4emzlt9hy1 | C93: cmja4tr8r00adzc4ercde9id0 | D93: hybrid_v3_5_semantic | E93: Scenario_2_v3 | F93: 33 | G93: imagination_and_possibility | H93: 0.1623 | I93: 0.23087722 | J93: 0.3047752 | K93: =J93-I93 -> 0.073897984 | L93: 0.78281323
A94: d00b3a79-f137-4d2a-9f76-9cbaa0435e11 | B94: cmja4t4v6009wzc4emzlt9hy1 | C94: cmja4tr8r00adzc4ercde9id0 | D94: hybrid_v3_5_semantic | E94: Scenario_2_v3 | F94: 33 | G94: mathematics_computer_science_engineering | H94: 0.1519 | I94: 0.21608593 | J94: 0.25225315 | K94: =J94-I94 -> 0.036167219 | L94: 0.78281323
A95: d00b3a79-f137-4d2a-9f76-9cbaa0435e11 | B95: cmja4t4v6009wzc4emzlt9hy1 | C95: cmja4tr8r00adzc4ercde9id0 | D95: hybrid_v3_5_semantic | E95: Scenario_2_v3 | F95: 33 | G95: truth_and_fact | H95: 0.1 | I95: 0.12835802 | J95: 0.16703437 | K95: =J95-I95 -> 0.038676357 | L95: 0.78281323
A96: 8d1926a4-0f9a-4582-8ffb-efc9a9d54a6e | B96: cmja4u9nq00ahzc4e8jn5sy83 | C96: cmja4uuuz00ayzc4el739ulxl | D96: hybrid_v3_5_semantic | E96: Scenario_2_v3 | F96: 35 | G96: practicality_and_feasibility | H96: 0.2023 | I96: 0.30074973 | J96: 0.40673371 | K96: =J96-I96 -> 0.10598398 | L96: 0.68392473 | N96: =AVERAGE(K96:K101) -> 0.094193573
A97: 8d1926a4-0f9a-4582-8ffb-efc9a9d54a6e | B97: cmja4u9nq00ahzc4e8jn5sy83 | C97: cmja4uuuz00ayzc4el739ulxl | D97: hybrid_v3_5_semantic | E97: Scenario_2_v3 | F97: 35 | G97: imagination_and_possibility | H97: 0.1807 | I97: 0.26867506 | J97: 0.33315126 | K97: =J97-I97 -> 0.064476195 | L97: 0.68392473
A98: 8d1926a4-0f9a-4582-8ffb-efc9a9d54a6e | B98: cmja4u9nq00ahzc4e8jn5sy83 | C98: cmja4uuuz00ayzc4el739ulxl | D98: hybrid_v3_5_semantic | E98: Scenario_2_v3 | F98: 35 | G98: affective_interface | H98: 0.1748 | I98: 0.25987562 | J98: 0.41012878 | K98: =J98-I98 -> 0.15025316 | L98: 0.68392473
A99: 8d1926a4-0f9a-4582-8ffb-efc9a9d54a6e | B99: cmja4u9nq00ahzc4e8jn5sy83 | C99: cmja4uuuz00ayzc4el739ulxl | D99: hybrid_v3_5_semantic | E99: Scenario_2_v3 | F99: 35 | G99: temporal_dynamics | H99: 0.172 | I99: 0.25576643 | J99: 0.35085121 | K99: =J99-I99 -> 0.095084785 | L99: 0.68392473
A100: 8d1926a4-0f9a-4582-8ffb-efc9a9d54a6e | B100: cmja4u9nq00ahzc4e8jn5sy83 | C100: cmja4uuuz00ayzc4el739ulxl | D100: hybrid_v3_5_semantic | E100: Scenario_2_v3 | F100: 35 | G100: mathematics_computer_science_engineering | H100: 0.1701 | I100: 0.25285879 | J100: 0.28536685 | K100: =J100-I100 -> 0.032508059 | L100: 0.68392473
A101: 8d1926a4-0f9a-4582-8ffb-efc9a9d54a6e | B101: cmja4u9nq00ahzc4e8jn5sy83 | C101: cmja4uuuz00ayzc4el739ulxl | D101: hybrid_v3_5_semantic | E101: Scenario_2_v3 | F101: 35 | G101: truth_and_fact | H101: 0.1 | I101: 0.15915346 | J101: 0.27600872 | K101: =J101-I101 -> 0.11685526 | L101: 0.68392473
...

Sheet notes
A1: p calculation
A3: 1. count | B3: =scen2_hybsem!P3 -> 139
A4: 2. t statistic | B4: =B10*SQRT((B3-2)/(1-B10^2)) -> 1.4968943
A5: 3. p | B5: =_xlfn.T.DIST.2T(ABS(B4),B3-2) -> 0.13672107
A9: count | B9: correlation weights / activation delta
A10: =B3 -> 139 | B10: =scen2_hybsem!Q3 -> 0.12685514

Sheet actdel_prompt_response
B1: prompt_to_response | C1: Average activation/turn | H1: Correlation | I1: count | J1: T-statistic | K1: p
A2: Turn
A3: 1 | B3: 0.82646574 | C3: 0.054643126 | H3: =CORREL(B3:B27,C3:C27) -> -0.022568769 | I3: =COUNT(C3:C27) -> 25 | J3: =H3*SQRT((I3-2)/(1-H3^2)) -> -0.10826359 | K3: =_xlfn.T.DIST.2T(ABS(J3),I3-2) -> 0.91472555
A4: 2 | B4: 0.76029579 | C4: 0.082002902
A5: 3 | B5: 0.7455131 | C5: 0.050709209
A6: 4 | B6: 0.74023798 | C6: 0.041890347
A7: 5 | B7: 0.70141781 | C7: 0.072899032
A8: 6 | B8: 0.76441227 | C8: 0.046802049
A9: 7 | B9: 0.70462919 | C9: 0.079766856
A10: 8 | B10: 0.77201186 | C10: 0.028078518
A11: 9 | B11: 0.72188408 | C11: 0.040053029
A12: 10 | B12: 0.80179909 | C12: 0.064604803
A13: 11 | B13: 0.82639187 | C13: 0.10138798
A14: 12 | B14: 0.74557662 | C14: 0.10911979
A15: 13 | B15: 0.73930479 | C15: -0.096510018
... A27: 25 | B27: 0.72503242 | C27: 0.057386922

Sheet inter_system_stats
B2: Prompt-response
B3: hybsem | C3: control | E3: std. Hybsem | F3: std. Control | G3: F. test | H3: T. Test equal variances | I3: T.Test unequal | J3: Mean difference
A4: 1 | B4: 0.82646574 | C4: 0.81423911 | E4: =_xlfn.STDEV.S(B4:B28) -> 0.045126675 | F4: =_xlfn.STDEV.S(C4:C28) -> 0.11577762 | G4: =_xlfn.F.TEST(B4:B28,C4:C28) -> 1.8075799e-05 | H4: =_xlfn.T.TEST(B4:B28, C4:C28, 2,2) -> 3.4939752e-11 | I4: =_xlfn.T.TEST(B4:B28,C4:C28, 2,3) -> 1.1871252e-09 | J4: =AVERAGE(B4:B28)-AVERAGE(C4:C28) -> 0.21205229
A5: 2 | B5: 0.76029579 | C5: 0.49037431
A6: 3 | B6: 0.7455131 | C6: 0.51102033
A7: 4 | B7: 0.74023798 | C7: 0.73212747 | E7: Paired t-test
A8: 5 | B8: 0.70141781 | C8: 0.5045879 | E8: Alpha | F8: 0.05
A9: 6 | B9: 0.76441227 | C9: 0.62221695 | E9: Hypothesized Mean Difference | F9: 0
A10: 7 | B10: 0.70462919 | C10: 0.5682134 | F10: Variable 1 | G10: Variable 2
A11: 8 | B11: 0.77201186 | C11: 0.41336821 | E11: Mean | F11: =AVERAGE(inter_system_stats!$B$3:$B$28) -> 0.74906635 | G11: =AVERAGE(inter_system_stats!$C$3:$C$28) -> 0.53701406
A12: 9 | B12: 0.72188408 | C12: 0.4696191 | E12: Variance | F12: =VAR(inter_system_stats!$B$3:$B$28) -> 0.0020364168 | G12: =VAR(inter_system_stats!$C$3:$C$28) -> 0.013404458
A13: 10 | B13: 0.80179909 | C13: 0.70259754 | E13: Observations | F13: =COUNT(inter_system_stats!$B$3:$B$28) -> 25 | G13: =COUNT(inter_system_stats!$C$3:$C$28) -> 25
A14: 11 | B14: 0.82639187 | C14: 0.53574689 | E14: Pearson Correlation | F14: =CORREL(inter_system_stats!$B$3:$B$28,inter_system_stats!$C$3:$C$28) -> 0.30281849
A15: 12 | B15: 0.74557662 | C15: 0.61680633 | E15: Observed Mean Difference | F15: {=AVERAGE(IF(ISODD(IF(ISNUMBER(inter_system_stats!$B$3:$B$28), 1, 0) * IF(ISNUMBER(inter_system_stats!$C$3:$C$28), 1, 0)), inter_system_stats!$B$3:$B$28 - inter_system_stats!$C$3:$C$28, "NA"))} -> 0.21205229
A16: 13 | B16: 0.73930479 | C16: 0.52630891 | E16: Variance of the Differences | F16: {=VAR(IF(ISODD(IF(ISNUMBER(inter_system_stats!$B$3:$B$28), 1, 0) * IF(ISNUMBER(inter_system_stats!$C$3:$C$28), 1, 0)), inter_system_stats!$B$3:$B$28 - inter_system_stats!$C$3:$C$28, "NA"))} -> 0.012276628
A17: 14 | B17: 0.71677589 | C17: 0.42768382 | E17: df | F17: {=SUM(IF(ISNUMBER(inter_system_stats!$B$3:$B$28), 1, 0) * IF(ISNUMBER(inter_system_stats!$C$3:$C$28), 1, 0)) - 1} -> 24
A18: 15 | B18: 0.7233547 | C18: 0.57565816 | E18: t Stat | F18: =(inter_system_stats!$F$15 - inter_system_stats!$F$9) / (inter_system_stats!$F$16 / ( inter_system_stats!$F$17 + 1)) ^ 0.5 -> 9.5691514
A19: 16 | B19: 0.7414815 | C19: 0.57704588 | E19: P (T<=t) one-tail | F19: =TDIST(ABS(inter_system_stats!$F$18), inter_system_stats!$F$17, 1) -> 5.7676819e-10
A20: 17 | B20: 0.78281323 | C20: 0.65129577 | E20: t Critical one-tail | F20: =TINV(2*inter_system_stats!$F$8, inter_system_stats!$F$17) -> 1.7108821
A21: 18 | B21: 0.68392473 | C21: 0.59927589 | E21: P (T<=t) two-tail | F21: =TDIST(ABS(inter_system_stats!$F$18), inter_system_stats!$F$17, 2) -> 1.1535364e-09
A22: 19 | B22: 0.74186163 | C22: 0.50621472 | E22: t Critical two-tail | F22: =TINV(inter_system_stats!$F$8, inter_system_stats!$F$17) -> 2.0638986
A23: 20 | B23: 0.86129103 | C23: 0.47809959
A24: 21 | B24: 0.72699778 | C24: 0.38215194
A25: 22 | B25: 0.66522196 | C25: 0.42806876
A26: 23 | B26: 0.76174693 | C26: 0.34437109
A27: 24 | B27: 0.74621679 | C27: 0.58285066
A28: 25 | B28: 0.72503242 | C28: 0.36540877
B33: Prompt-response
B34: hybrid | C34: ac15p | D34: hybsem | F34: ANOVA - Single Factor
B35: 0.82558738 | C35: 0.84283713 | D35: 0.82646574 | F35: Alpha | G35: 0.05
B36: 0.7843254 | C36: 0.75574435 | D36: 0.76029579
B37: 0.74701543 | C37: 0.75246139 | D37: 0.7455131 | F37: Groups | G37: Count | H37: Sum | I37: Mean | J37: Variance
B38: 0.74257299 | C38: 0.75523994 | D38: 0.74023798 | F38: Column 1 | G38: =COUNT(inter_system_stats!$B$34:$B$59) -> 25 | H38: =SUM(inter_system_stats!$B$34:$B$59) -> 18.811104 | I38: =AVERAGE(inter_system_stats!$B$34:$B$59) -> 0.75244418 | J38: =VAR(inter_system_stats!$B$34:$B$59) -> 0.0023181036
B39: 0.6382916 | C39: 0.68196907 | D39: 0.70141781 | F39: Column 2 | G39: =COUNT(inter_system_stats!$C$34:$C$59) -> 25 | H39: =SUM(inter_system_stats!$C$34:$C$59) -> 18.805159 | I39: =AVERAGE(inter_system_stats!$C$34:$C$59) -> 0.75220636 | J39: =VAR(inter_system_stats!$C$34:$C$59) -> 0.0020240087
B40: 0.77002186 | C40: 0.80509458 | D40: 0.76441227 | F40: Column 3 | G40: =COUNT(inter_system_stats!$D$34:$D$59) -> 25 | H40: =SUM(inter_system_stats!$D$34:$D$59) -> 18.726659 | I40: =AVERAGE(inter_system_stats!$D$34:$D$59) -> 0.74906635 | J40: =VAR(inter_system_stats!$D$34:$D$59) -> 0.0020364168
B41: 0.77670818 | C41: 0.7314491 | D41: 0.70462919
B42: 0.76689514 | C42: 0.7986994 | D42: 0.77201186 | F42: Source of Variation | G42: SS | H42: df | I42: MS | J42: F | K42: P-value | L42: F critical
B43: 0.72686528 | C43: 0.75118107 | D43: 0.72188408 | F43: Between Groups | G43: =SUMPRODUCT(inter_system_stats!$H$38:$H$40,inter_system_stats!$I$38:$I$40)-SUM(inter_system_stats!$H$38:$H$40)^2/SUM(inter_system_stats!$G$38:$G$40) -> 0.00017771624 | H43: =COUNT(inter_system_stats!$H$38:$H$40)-1 -> 2 | I43: =inter_system_stats!$G$43 / inter_system_stats!$H$43 -> 8.8858118e-05 | J43: =inter_system_stats!$I$43 / inter_system_stats!$I$44 -> 0.041792449 | K43: =FDIST(inter_system_stats!$J$43, inter_system_stats!$H$43, inter_system_stats!$H$44) -> 0.95909206 | L43: =FINV(inter_system_stats!$G$35, inter_system_stats!$H$43, inter_system_stats!$H$44) -> 3.1239074
B44: 0.76670386 | C44: 0.78031701 | D44: 0.80179909 | F44: Within Groups | G44: =SUM(DEVSQ(inter_system_stats!$B$34:$B$59),DEVSQ(inter_system_stats!$C$34:$C$59),DEVSQ(inter_system_stats!$D$34:$D$59)) -> 0.1530847 | H44: =SUM(inter_system_stats!$G$38:$G$40)-COUNT(inter_system_stats!$G$38:$G$40) -> 72 | I44: =inter_system_stats!$G$44 / inter_system_stats!$H$44 -> 0.0021261764
B45: 0.82651214 | C45: 0.78896492 | D45: 0.82639187 | F45: Total | G45: =DEVSQ(inter_system_stats!$B$34:$B$59,inter_system_stats!$C$34:$C$59,inter_system_stats!$D$34:$D$59) -> 0.15326241 | H45: =SUM(inter_system_stats!$G$38:$G$40) - 1 -> 74
B46: 0.76273614 | C46: 0.74442966 | D46: 0.74557662
B47: 0.7101601 | C47: 0.76434794 | D47: 0.73930479
B48: 0.73437638 | C48: 0.71664792 | D48: 0.71677589
B49: 0.75654224 | C49: 0.76192925 | D49: 0.7233547
B50: 0.77373202 | C50: 0.74274873 | D50: 0.7414815
B51: 0.81269061 | C51: 0.76420987 | D51: 0.78281323
B52: 0.72648885 | C52: 0.70079627 | D52: 0.68392473
B53: 0.76330056 | C53: 0.71628406 | D53: 0.74186163
B54: 0.81653813 | C54: 0.83902354 | D54: 0.86129103
B55: 0.64339143 | C55: 0.70402483 | D55: 0.72699778
B56: 0.76925587 | C56: 0.68499859 | D56: 0.66522196
B57: 0.68467054 | C57: 0.69681188 | D57: 0.76174693
... B59: 0.72723041 | C59: 0.71511197 | D59: 0.72503242
